Row ID,Order ID,Order Date,Ship Date,Ship Mode,Customer ID,Customer Name,Segment,Country,City,State,Postal Code,Region,Product ID,Category,Sub-Category,Product Name,Sales,Quantity,Discount,Profit
1,US-2024-100000,11/23/2024,11/29/2024,Standard Class,CU-1216,Customer 17,Consumer,United States,New York City,New York,22280,West,TEC-PH-10000,Technology,Phones,Apple iPhone,2393.7,5,0.0,549.8
2,US-2023-100001,10/12/2023,10/19/2023,Standard Class,CU-1081,Customer 217,Corporate,United States,Atlanta,Georgia,46421,West,FUR-BO-10001,Furniture,Bookcases,O'Sullivan Bookcase,1681.29,9,0.15,220.02
3,US-2024-100002,09/10/2024,09/13/2024,Standard Class,CU-1235,Customer 275,Consumer,United States,Columbus,Ohio,59615,East,FUR-TA-10002,Furniture,Tables,Bretford Conference Table,345.58,2,0.15,39.24
4,US-2023-100003,02/16/2023,02/22/2023,Second Class,CU-1148,Customer 41,Consumer,United States,New York City,New York,23238,South,TEC-AC-10003,Technology,Accessories,Belkin Cable,2764.6,10,0.1,624.9
5,US-2024-100004,11/30/2024,12/06/2024,Standard Class,CU-1087,Customer 274,Home Office,United States,Seattle,Washington,42087,West,OFF-SU-10004,Office Supplies,Supplies,Fiskars Scissors,209.25,3,0.1,39.17
6,US-2023-100005,08/23/2023,08/30/2023,Standard Class,CU-1161,Customer 206,Corporate,United States,Los Angeles,California,18675,West,OFF-FA-10005,Office Supplies,Fasteners,Bostitch Stapler,387.0,9,0.0,132.64
7,US-2023-100006,05/27/2023,05/30/2023,Second Class,CU-1126,Customer 288,Home Office,United States,Philadelphia,Pennsylvania,44438,South,TEC-AC-10006,Technology,Accessories,Logitech Mouse,1809.76,8,0.15,405.12
8,US-2023-100007,02/18/2023,02/25/2023,Standard Class,CU-1078,Customer 82,Home Office,United States,New York City,New York,65333,East,TEC-CO-10007,Technology,Copiers,Konica Copier,1975.84,4,0.0,592.42
9,US-2024-100008,11/27/2024,12/03/2024,Standard Class,CU-1274,Customer 137,Home Office,United States,Los Angeles,California,54587,East,OFF-FA-10008,Office Supplies,Fasteners,Bostitch Stapler,269.82,9,0.1,79.58
10,US-2024-100009,05/27/2024,06/03/2024,Second Class,CU-1259,Customer 55,Home Office,United States,Seattle,Washington,49117,West,OFF-FA-10009,Office Supplies,Fasteners,Staples Fasteners,25.92,8,0.0,10.59
11,US-2023-100010,11/28/2023,12/02/2023,Standard Class,CU-1057,Customer 186,Corporate,United States,Atlanta,Georgia,41385,East,FUR-TA-10010,Furniture,Tables,Lesro Table,755.19,9,0.2,129.47
12,US-2023-100011,05/09/2023,05/11/2023,Same Day,CU-1281,Customer 85,Corporate,United States,Detroit,Michigan,79163,South,FUR-BO-10011,Furniture,Bookcases,Sauder Bookcase,2106.16,8,0.0,873.23
13,US-2024-100012,06/13/2024,06/17/2024,Standard Class,CU-1126,Customer 116,Consumer,United States,Philadelphia,Pennsylvania,54313,East,FUR-CH-10012,Furniture,Chairs,Harbour Creations Chair,3819.55,7,0.3,182.37
14,US-2023-100013,08/23/2023,08/24/2023,Standard Class,CU-1169,Customer 37,Home Office,United States,Los Angeles,California,41195,Central,TEC-MA-10013,Technology,Machines,HP Printer,1113.48,4,0.0,214.23
15,US-2024-100014,08/13/2024,08/17/2024,Second Class,CU-1242,Customer 209,Consumer,United States,Atlanta,Georgia,22363,East,TEC-CO-10014,Technology,Copiers,Canon Copier,1904.49,9,0.0,670.8
16,US-2024-100015,11/20/2024,11/26/2024,Standard Class,CU-1031,Customer 207,Home Office,United States,Los Angeles,California,54473,East,TEC-CO-10015,Technology,Copiers,Konica Copier,2539.6,7,0.15,420.01
17,US-2023-100016,10/13/2023,10/17/2023,Second Class,CU-1038,Customer 227,Home Office,United States,Houston,Texas,22833,East,FUR-CH-10016,Furniture,Chairs,Global Task Chair,1130.94,9,0.15,135.29
18,US-2023-100017,08/07/2023,08/14/2023,Same Day,CU-1030,Customer 85,Corporate,United States,Philadelphia,Pennsylvania,10282,South,TEC-PH-10017,Technology,Phones,Apple iPhone,1054.2,4,0.0,289.45
19,US-2024-100018,11/08/2024,11/14/2024,Same Day,CU-1079,Customer 98,Corporate,United States,Detroit,Michigan,38534,East,OFF-SU-10018,Office Supplies,Supplies,Fiskars Scissors,173.18,7,0.3,10.13
20,US-2024-100019,06/27/2024,06/29/2024,Standard Class,CU-1260,Customer 42,Consumer,United States,Detroit,Michigan,18981,East,TEC-PH-10019,Technology,Phones,Nokia Phone,128.03,1,0.0,40.73
21,US-2023-100020,02/10/2023,02/15/2023,Standard Class,CU-1214,Customer 299,Home Office,United States,Atlanta,Georgia,78522,Central,TEC-MA-10020,Technology,Machines,Lexmark Printer,1188.02,2,0.2,119.81
22,US-2024-100021,04/13/2024,04/16/2024,Standard Class,CU-1004,Customer 235,Home Office,United States,Seattle,Washington,83792,East,OFF-BI-10021,Office Supplies,Binders,Acco Binder,32.12,4,0.1,6.24
23,US-2024-100022,01/14/2024,01/17/2024,Second Class,CU-1224,Customer 279,Home Office,United States,Chicago,Illinois,49651,East,FUR-CH-10022,Furniture,Chairs,Harbour Creations Chair,177.3,3,0.1,49.49
24,US-2024-100023,07/20/2024,07/22/2024,First Class,CU-1144,Customer 108,Home Office,United States,New York City,New York,54942,West,TEC-AC-10023,Technology,Accessories,Belkin Cable,773.58,2,0.0,185.5
25,US-2023-100024,04/05/2023,04/11/2023,Same Day,CU-1141,Customer 23,Consumer,United States,Los Angeles,California,53719,West,TEC-AC-10024,Technology,Accessories,Belkin Cable,4501.36,8,0.1,1275.84
26,US-2023-100025,01/10/2023,01/11/2023,Standard Class,CU-1076,Customer 280,Consumer,United States,Detroit,Michigan,58393,West,TEC-AC-10025,Technology,Accessories,Logitech Mouse,3036.56,8,0.2,452.74
27,US-2024-100026,01/02/2024,01/04/2024,Second Class,CU-1052,Customer 182,Home Office,United States,Los Angeles,California,63264,West,OFF-AR-10026,Office Supplies,Art,Newell Highlighters,114.15,5,0.1,32.23
28,US-2024-100027,02/26/2024,03/04/2024,Second Class,CU-1136,Customer 82,Home Office,United States,Columbus,Ohio,24168,South,FUR-CH-10027,Furniture,Chairs,Global Task Chair,1143.94,7,0.0,250.46
29,US-2023-100028,08/17/2023,08/18/2023,Second Class,CU-1204,Customer 169,Corporate,United States,Chicago,Illinois,19099,Central,FUR-FU-10028,Furniture,Furnishings,Tenex Lamp,569.96,4,0.15,84.9
30,US-2023-100029,07/02/2023,07/07/2023,First Class,CU-1019,Customer 56,Home Office,United States,Seattle,Washington,66959,Central,OFF-FA-10029,Office Supplies,Fasteners,Bostitch Stapler,51.57,1,0.0,20.11
31,US-2023-100030,07/14/2023,07/17/2023,Standard Class,CU-1223,Customer 1,Home Office,United States,Atlanta,Georgia,80575,West,TEC-AC-10030,Technology,Accessories,Kensington Keyboard,4242.1,10,0.2,369.67
32,US-2023-100031,11/04/2023,11/09/2023,First Class,CU-1209,Customer 168,Corporate,United States,New York City,New York,48752,West,OFF-FA-10031,Office Supplies,Fasteners,Staples Fasteners,109.56,6,0.2,11.83
33,US-2024-100032,07/15/2024,07/22/2024,Standard Class,CU-1155,Customer 147,Consumer,United States,Miami,Florida,66346,Central,FUR-FU-10032,Furniture,Furnishings,Deflecto Frame,351.24,3,0.2,47.33
34,US-2024-100033,11/05/2024,11/06/2024,First Class,CU-1263,Customer 172,Consumer,United States,Houston,Texas,40784,Central,OFF-SU-10033,Office Supplies,Supplies,Fiskars Scissors,155.24,4,0.2,19.36
35,US-2024-100034,09/17/2024,09/24/2024,Standard Class,CU-1233,Customer 213,Home Office,United States,Philadelphia,Pennsylvania,85454,West,FUR-CH-10034,Furniture,Chairs,Global Task Chair,422.93,1,0.0,99.38
36,US-2023-100035,04/20/2023,04/27/2023,Same Day,CU-1112,Customer 91,Home Office,United States,Los Angeles,California,77889,South,TEC-CO-10035,Technology,Copiers,Konica Copier,4453.68,7,0.0,940.42
37,US-2024-100036,07/26/2024,07/31/2024,First Class,CU-1226,Customer 259,Corporate,United States,Detroit,Michigan,81810,South,FUR-CH-10036,Furniture,Chairs,Hon Executive Chair,801.04,8,0.0,297.46
38,US-2024-100037,06/17/2024,06/21/2024,Second Class,CU-1140,Customer 226,Consumer,United States,Seattle,Washington,47450,West,FUR-FU-10037,Furniture,Furnishings,Deflecto Frame,811.55,5,0.0,309.01
39,US-2024-100038,01/28/2024,02/03/2024,Second Class,CU-1109,Customer 33,Corporate,United States,Chicago,Illinois,63424,Central,OFF-EN-10038,Office Supplies,Envelopes,Poly Envelopes,151.38,9,0.0,31.62
40,US-2024-100039,08/21/2024,08/27/2024,Standard Class,CU-1294,Customer 195,Corporate,United States,Miami,Florida,10772,Central,TEC-CO-10039,Technology,Copiers,Konica Copier,287.66,1,0.0,109.04
41,US-2023-100040,08/14/2023,08/18/2023,Second Class,CU-1139,Customer 224,Corporate,United States,Atlanta,Georgia,13804,South,OFF-FA-10040,Office Supplies,Fasteners,Bostitch Stapler,398.43,9,0.3,20.21
42,US-2023-100041,01/28/2023,02/01/2023,Standard Class,CU-1042,Customer 220,Consumer,United States,Detroit,Michigan,70515,West,OFF-FA-10041,Office Supplies,Fasteners,Staples Fasteners,492.24,8,0.0,204.42
43,US-2024-100042,01/24/2024,01/27/2024,Same Day,CU-1129,Customer 42,Corporate,United States,Columbus,Ohio,12540,East,FUR-TA-10042,Furniture,Tables,Bevis Table,1633.86,6,0.0,467.94
44,US-2023-100043,01/21/2023,01/26/2023,Second Class,CU-1122,Customer 65,Corporate,United States,Chicago,Illinois,97747,East,OFF-BI-10043,Office Supplies,Binders,GBC Binder,14.47,1,0.0,5.9
45,US-2023-100044,04/28/2023,05/05/2023,Second Class,CU-1159,Customer 56,Home Office,United States,Atlanta,Georgia,13365,Central,TEC-MA-10044,Technology,Machines,Lexmark Printer,1620.85,5,0.1,250.2
46,US-2023-100045,04/15/2023,04/21/2023,First Class,CU-1061,Customer 290,Consumer,United States,Chicago,Illinois,55508,South,TEC-CO-10045,Technology,Copiers,Konica Copier,3690.04,4,0.0,1181.05
47,US-2024-100046,05/16/2024,05/17/2024,Same Day,CU-1185,Customer 236,Home Office,United States,Miami,Florida,30052,South,TEC-AC-10046,Technology,Accessories,Logitech Mouse,3206.88,9,0.3,118.47
48,US-2023-100047,10/02/2023,10/05/2023,Second Class,CU-1044,Customer 143,Corporate,United States,Atlanta,Georgia,41963,South,FUR-TA-10047,Furniture,Tables,Bevis Table,1309.68,8,0.15,282.37
49,US-2024-100048,05/14/2024,05/16/2024,First Class,CU-1132,Customer 175,Corporate,United States,Houston,Texas,88139,Central,TEC-CO-10048,Technology,Copiers,Konica Copier,279.77,1,0.15,61.31
50,US-2024-100049,07/22/2024,07/29/2024,Second Class,CU-1243,Customer 252,Corporate,United States,Philadelphia,Pennsylvania,12260,East,TEC-PH-10049,Technology,Phones,Samsung Galaxy,868.6,2,0.0,305.24
51,US-2024-100050,04/29/2024,05/04/2024,First Class,CU-1217,Customer 282,Corporate,United States,Columbus,Ohio,56112,South,OFF-BI-10050,Office Supplies,Binders,Wilson Jones Binder,49.52,4,0.1,11.94
52,US-2023-100051,05/03/2023,05/09/2023,Second Class,CU-1098,Customer 111,Home Office,United States,Columbus,Ohio,73464,Central,OFF-PA-10051,Office Supplies,Paper,HP Paper,65.96,4,0.0,23.2
53,US-2023-100052,11/06/2023,11/07/2023,Second Class,CU-1140,Customer 24,Consumer,United States,Houston,Texas,82529,Central,TEC-AC-10052,Technology,Accessories,Logitech Mouse,2519.8,4,0.1,415.29
54,US-2023-100053,10/19/2023,10/23/2023,Same Day,CU-1225,Customer 175,Consumer,United States,Atlanta,Georgia,16734,Central,TEC-MA-10053,Technology,Machines,HP Printer,3405.04,8,0.0,1323.94
55,US-2023-100054,06/05/2023,06/07/2023,First Class,CU-1043,Customer 128,Consumer,United States,Los Angeles,California,83147,South,OFF-ST-10054,Office Supplies,Storage,Fellowes Storage Box,188.51,7,0.15,20.81
56,US-2024-100055,08/25/2024,08/29/2024,First Class,CU-1291,Customer 31,Home Office,United States,Seattle,Washington,23006,West,TEC-MA-10055,Technology,Machines,HP Printer,4558.4,7,0.15,1035.63
57,US-2023-100056,03/18/2023,03/20/2023,Standard Class,CU-1209,Customer 231,Home Office,United States,Detroit,Michigan,87832,South,TEC-MA-10056,Technology,Machines,Lexmark Printer,365.88,2,0.0,85.53
58,US-2023-100057,03/14/2023,03/20/2023,Second Class,CU-1135,Customer 102,Corporate,United States,Philadelphia,Pennsylvania,25043,West,OFF-LA-10057,Office Supplies,Labels,Avery Labels,95.9,5,0.3,3.35
59,US-2024-100058,09/01/2024,09/07/2024,First Class,CU-1224,Customer 64,Corporate,United States,Seattle,Washington,49857,South,TEC-MA-10058,Technology,Machines,Lexmark Printer,1247.37,3,0.0,236.52
60,US-2023-100059,11/27/2023,12/02/2023,First Class,CU-1013,Customer 47,Consumer,United States,Miami,Florida,98381,East,OFF-SU-10059,Office Supplies,Supplies,Fiskars Scissors,60.8,2,0.2,4.81
61,US-2023-100060,10/12/2023,10/14/2023,Same Day,CU-1251,Customer 47,Corporate,United States,Philadelphia,Pennsylvania,55607,South,TEC-AC-10060,Technology,Accessories,Belkin Cable,85.17,1,0.0,24.72
62,US-2023-100061,10/23/2023,10/29/2023,Same Day,CU-1281,Customer 19,Corporate,United States,Philadelphia,Pennsylvania,21542,Central,OFF-EN-10061,Office Supplies,Envelopes,Kraft Envelopes,53.13,3,0.1,10.47
63,US-2024-100062,11/04/2024,11/11/2024,Same Day,CU-1211,Customer 28,Consumer,United States,Los Angeles,California,77952,Central,OFF-EN-10062,Office Supplies,Envelopes,Kraft Envelopes,154.0,7,0.2,24.89
64,US-2023-100063,10/22/2023,10/26/2023,Same Day,CU-1062,Customer 15,Home Office,United States,Houston,Texas,89806,West,TEC-CO-10063,Technology,Copiers,Konica Copier,448.92,1,0.0,107.93
65,US-2023-100064,08/19/2023,08/26/2023,Standard Class,CU-1236,Customer 61,Home Office,United States,New York City,New York,30181,South,TEC-MA-10064,Technology,Machines,Lexmark Printer,3639.15,9,0.0,1129.23
66,US-2023-100065,09/07/2023,09/11/2023,Second Class,CU-1196,Customer 98,Home Office,United States,Philadelphia,Pennsylvania,76616,West,TEC-AC-10065,Technology,Accessories,Belkin Cable,1572.4,5,0.15,340.99
67,US-2023-100066,10/17/2023,10/23/2023,First Class,CU-1300,Customer 297,Home Office,United States,Los Angeles,California,74178,West,FUR-TA-10066,Furniture,Tables,Bevis Table,160.56,6,0.2,16.55
68,US-2024-100067,04/11/2024,04/14/2024,Second Class,CU-1122,Customer 293,Corporate,United States,Miami,Florida,40613,South,OFF-SU-10067,Office Supplies,Supplies,Fiskars Scissors,146.94,6,0.2,22.79
69,US-2024-100068,05/22/2024,05/23/2024,Second Class,CU-1257,Customer 170,Consumer,United States,Houston,Texas,67711,East,FUR-TA-10068,Furniture,Tables,Bevis Table,1527.4,7,0.15,364.1
70,US-2023-100069,03/18/2023,03/22/2023,First Class,CU-1173,Customer 204,Home Office,United States,Houston,Texas,20527,Central,TEC-CO-10069,Technology,Copiers,Canon Copier,4378.8,3,0.15,971.79
71,US-2023-100070,08/29/2023,09/04/2023,First Class,CU-1116,Customer 47,Corporate,United States,New York City,New York,22903,East,TEC-CO-10070,Technology,Copiers,Konica Copier,2288.72,8,0.2,180.28
72,US-2023-100071,10/28/2023,10/31/2023,First Class,CU-1220,Customer 75,Consumer,United States,Los Angeles,California,79621,South,OFF-AR-10071,Office Supplies,Art,Sharpie Markers,156.55,5,0.0,29.16
73,US-2024-100072,09/26/2024,10/02/2024,Second Class,CU-1254,Customer 299,Consumer,United States,Miami,Florida,40433,South,TEC-MA-10072,Technology,Machines,Cubify Printer,2172.12,3,0.0,704.47
74,US-2023-100073,10/22/2023,10/28/2023,Second Class,CU-1037,Customer 227,Corporate,United States,Philadelphia,Pennsylvania,87014,Central,TEC-AC-10073,Technology,Accessories,Kensington Keyboard,2838.05,5,0.3,71.88
75,US-2024-100074,05/09/2024,05/10/2024,Second Class,CU-1195,Customer 293,Corporate,United States,Miami,Florida,85341,Central,TEC-CO-10074,Technology,Copiers,Konica Copier,6740.48,8,0.1,1077.55
76,US-2024-100075,09/12/2024,09/18/2024,Same Day,CU-1146,Customer 118,Home Office,United States,Los Angeles,California,56179,West,TEC-AC-10075,Technology,Accessories,Logitech Mouse,606.06,7,0.1,76.62
77,US-2024-100076,10/05/2024,10/06/2024,Standard Class,CU-1158,Customer 226,Consumer,United States,Houston,Texas,85965,Central,TEC-MA-10076,Technology,Machines,HP Printer,687.05,5,0.3,35.35
78,US-2023-100077,07/25/2023,07/27/2023,First Class,CU-1271,Customer 257,Corporate,United States,Houston,Texas,31567,Central,TEC-MA-10077,Technology,Machines,Cubify Printer,1037.25,5,0.1,265.34
79,US-2023-100078,05/25/2023,06/01/2023,Second Class,CU-1203,Customer 286,Corporate,United States,New York City,New York,21836,South,OFF-PA-10078,Office Supplies,Paper,Boise Paper,32.34,6,0.0,9.37
80,US-2024-100079,08/21/2024,08/25/2024,First Class,CU-1055,Customer 120,Corporate,United States,Seattle,Washington,13280,Central,FUR-TA-10079,Furniture,Tables,Bretford Conference Table,1756.72,8,0.1,426.43
81,US-2024-100080,10/26/2024,10/30/2024,Standard Class,CU-1071,Customer 24,Consumer,United States,Seattle,Washington,49893,South,TEC-MA-10080,Technology,Machines,HP Printer,295.68,2,0.3,15.92
82,US-2024-100081,11/17/2024,11/23/2024,Same Day,CU-1300,Customer 80,Corporate,United States,Columbus,Ohio,95841,East,FUR-BO-10081,Furniture,Bookcases,O'Sullivan Bookcase,5147.1,9,0.0,1390.84
83,US-2024-100082,03/31/2024,04/02/2024,First Class,CU-1050,Customer 189,Home Office,United States,Philadelphia,Pennsylvania,94518,Central,OFF-FA-10082,Office Supplies,Fasteners,Bostitch Stapler,12.69,1,0.3,0.48
84,US-2023-100083,04/04/2023,04/10/2023,Second Class,CU-1010,Customer 26,Corporate,United States,Philadelphia,Pennsylvania,41925,West,FUR-FU-10083,Furniture,Furnishings,Advantus Frame,642.24,4,0.0,261.72
85,US-2023-100084,12/03/2023,12/10/2023,Second Class,CU-1001,Customer 142,Consumer,United States,Chicago,Illinois,27038,Central,TEC-MA-10084,Technology,Machines,Cubify Printer,5315.31,9,0.0,1693.8
86,US-2024-100085,08/25/2024,08/28/2024,Standard Class,CU-1089,Customer 136,Consumer,United States,Chicago,Illinois,26614,South,FUR-BO-10085,Furniture,Bookcases,Sauder Bookcase,198.42,3,0.0,52.14
87,US-2024-100086,08/30/2024,08/31/2024,Same Day,CU-1257,Customer 114,Home Office,United States,Detroit,Michigan,15683,Central,TEC-PH-10086,Technology,Phones,Apple iPhone,533.76,8,0.15,111.51
88,US-2024-100087,05/17/2024,05/23/2024,Same Day,CU-1037,Customer 42,Corporate,United States,New York City,New York,89730,West,OFF-LA-10087,Office Supplies,Labels,Avery Labels,230.0,8,0.15,36.73
89,US-2024-100088,01/26/2024,01/31/2024,First Class,CU-1232,Customer 259,Home Office,United States,Columbus,Ohio,66387,East,FUR-CH-10088,Furniture,Chairs,Harbour Creations Chair,2531.5,10,0.3,115.15
90,US-2023-100089,12/14/2023,12/21/2023,Same Day,CU-1204,Customer 213,Home Office,United States,Miami,Florida,22463,Central,TEC-PH-10089,Technology,Phones,Samsung Galaxy,4050.83,7,0.15,908.73
91,US-2023-100090,03/10/2023,03/11/2023,Standard Class,CU-1047,Customer 222,Consumer,United States,Philadelphia,Pennsylvania,58843,West,OFF-EN-10090,Office Supplies,Envelopes,Poly Envelopes,219.18,6,0.0,75.24
92,US-2023-100091,02/22/2023,02/25/2023,First Class,CU-1180,Customer 54,Home Office,United States,Miami,Florida,76507,West,TEC-PH-10091,Technology,Phones,Nokia Phone,832.08,2,0.15,124.4
93,US-2023-100092,04/28/2023,05/05/2023,First Class,CU-1293,Customer 116,Corporate,United States,Columbus,Ohio,83526,East,FUR-FU-10092,Furniture,Furnishings,Tenex Lamp,233.48,2,0.1,63.73
94,US-2023-100093,12/14/2023,12/17/2023,Standard Class,CU-1092,Customer 74,Home Office,United States,Seattle,Washington,96159,South,TEC-AC-10093,Technology,Accessories,Logitech Mouse,1190.91,3,0.1,295.31
95,US-2024-100094,03/05/2024,03/09/2024,First Class,CU-1080,Customer 190,Corporate,United States,Miami,Florida,52517,East,FUR-CH-10094,Furniture,Chairs,Hon Executive Chair,518.6,2,0.3,22.59
96,US-2024-100095,03/29/2024,04/04/2024,Same Day,CU-1248,Customer 227,Corporate,United States,Seattle,Washington,45804,West,FUR-CH-10095,Furniture,Chairs,Global Task Chair,1130.1,10,0.0,384.37
97,US-2024-100096,05/13/2024,05/18/2024,First Class,CU-1023,Customer 113,Corporate,United States,Atlanta,Georgia,88554,East,TEC-PH-10096,Technology,Phones,Nokia Phone,7590.94,7,0.0,1855.19
98,US-2023-100097,12/02/2023,12/03/2023,Standard Class,CU-1254,Customer 221,Consumer,United States,Seattle,Washington,26932,South,FUR-CH-10097,Furniture,Chairs,Harbour Creations Chair,1178.12,4,0.0,426.74
99,US-2024-100098,02/11/2024,02/18/2024,Standard Class,CU-1223,Customer 10,Corporate,United States,New York City,New York,20205,Central,TEC-MA-10098,Technology,Machines,HP Printer,1257.21,9,0.3,66.9
100,US-2023-100099,11/29/2023,12/01/2023,Same Day,CU-1185,Customer 46,Corporate,United States,Los Angeles,California,23875,West,TEC-CO-10099,Technology,Copiers,Konica Copier,4064.62,7,0.1,590.0
101,US-2023-100100,12/08/2023,12/15/2023,Second Class,CU-1039,Customer 262,Home Office,United States,Chicago,Illinois,24945,West,OFF-FA-10100,Office Supplies,Fasteners,Staples Fasteners,340.76,7,0.1,87.07
102,US-2023-100101,06/27/2023,07/02/2023,Second Class,CU-1038,Customer 91,Home Office,United States,Chicago,Illinois,74764,South,OFF-EN-10101,Office Supplies,Envelopes,Kraft Envelopes,135.52,4,0.0,28.58
103,US-2024-100102,03/28/2024,04/03/2024,First Class,CU-1140,Customer 29,Corporate,United States,Philadelphia,Pennsylvania,76497,East,TEC-CO-10102,Technology,Copiers,Konica Copier,1643.4,6,0.0,464.66
104,US-2023-100103,03/20/2023,03/26/2023,Standard Class,CU-1259,Customer 197,Corporate,United States,Seattle,Washington,86064,East,OFF-SU-10103,Office Supplies,Supplies,Fiskars Scissors,13.06,1,0.0,3.47
105,US-2024-100104,04/06/2024,04/07/2024,First Class,CU-1043,Customer 259,Home Office,United States,Los Angeles,California,32617,East,OFF-BI-10104,Office Supplies,Binders,Acco Binder,235.4,10,0.15,40.06
106,US-2024-100105,01/17/2024,01/20/2024,Same Day,CU-1209,Customer 174,Home Office,United States,Columbus,Ohio,88366,East,FUR-FU-10105,Furniture,Furnishings,Deflecto Frame,2415.42,9,0.2,335.81
107,US-2023-100106,10/18/2023,10/21/2023,Second Class,CU-1170,Customer 42,Home Office,United States,Miami,Florida,96980,West,TEC-AC-10106,Technology,Accessories,Logitech Mouse,2020.2,6,0.0,629.7
108,US-2023-100107,11/14/2023,11/19/2023,Same Day,CU-1168,Customer 66,Home Office,United States,New York City,New York,99838,East,OFF-PA-10107,Office Supplies,Paper,Boise Paper,455.21,7,0.0,146.02
109,US-2023-100108,12/16/2023,12/23/2023,Same Day,CU-1098,Customer 116,Consumer,United States,Chicago,Illinois,30308,East,TEC-CO-10108,Technology,Copiers,Konica Copier,522.38,1,0.1,93.53
110,US-2024-100109,11/08/2024,11/11/2024,Second Class,CU-1192,Customer 79,Consumer,United States,Los Angeles,California,33703,West,OFF-ST-10109,Office Supplies,Storage,SAFCO Storage Bin,106.2,9,0.3,5.94
111,US-2024-100110,03/30/2024,04/04/2024,First Class,CU-1229,Customer 120,Home Office,United States,Chicago,Illinois,41348,Central,TEC-CO-10110,Technology,Copiers,Canon Copier,883.68,7,0.1,215.06
112,US-2024-100111,01/27/2024,02/01/2024,Same Day,CU-1082,Customer 103,Home Office,United States,Seattle,Washington,28140,Central,OFF-BI-10111,Office Supplies,Binders,Acco Binder,355.6,10,0.15,58.54
113,US-2023-100112,05/08/2023,05/11/2023,Standard Class,CU-1082,Customer 140,Corporate,United States,Detroit,Michigan,77286,West,FUR-FU-10112,Furniture,Furnishings,Advantus Frame,1568.79,9,0.0,547.97
114,US-2023-100113,02/24/2023,02/28/2023,First Class,CU-1120,Customer 198,Consumer,United States,Miami,Florida,59140,West,OFF-ST-10113,Office Supplies,Storage,Fellowes Storage Box,332.24,8,0.1,95.63
115,US-2024-100114,04/28/2024,05/04/2024,Second Class,CU-1240,Customer 230,Home Office,United States,Seattle,Washington,10688,East,FUR-TA-10114,Furniture,Tables,Bretford Conference Table,1766.46,6,0.0,368.68
116,US-2024-100115,06/24/2024,06/28/2024,Standard Class,CU-1147,Customer 122,Corporate,United States,Atlanta,Georgia,25970,East,FUR-TA-10115,Furniture,Tables,Lesro Table,590.4,3,0.2,102.57
117,US-2024-100116,09/03/2024,09/08/2024,Standard Class,CU-1263,Customer 295,Consumer,United States,Philadelphia,Pennsylvania,28818,Central,FUR-FU-10116,Furniture,Furnishings,Deflecto Frame,198.76,2,0.0,75.53
118,US-2024-100117,11/11/2024,11/17/2024,Standard Class,CU-1268,Customer 185,Consumer,United States,Houston,Texas,78951,East,OFF-LA-10117,Office Supplies,Labels,Smead Labels,33.84,6,0.0,10.65
119,US-2024-100118,01/01/2024,01/08/2024,Standard Class,CU-1176,Customer 124,Home Office,United States,Los Angeles,California,96127,East,OFF-SU-10118,Office Supplies,Supplies,Acme Scissors,205.66,7,0.1,34.84
120,US-2024-100119,04/20/2024,04/26/2024,Same Day,CU-1093,Customer 70,Consumer,United States,Houston,Texas,69988,East,TEC-AC-10119,Technology,Accessories,Logitech Mouse,104.05,1,0.1,22.95
121,US-2024-100120,06/11/2024,06/15/2024,Same Day,CU-1129,Customer 19,Home Office,United States,Seattle,Washington,35048,Central,OFF-BI-10120,Office Supplies,Binders,GBC Binder,45.96,4,0.0,11.6
122,US-2024-100121,03/23/2024,03/27/2024,Same Day,CU-1197,Customer 174,Consumer,United States,Columbus,Ohio,75038,South,OFF-LA-10121,Office Supplies,Labels,Smead Labels,168.6,6,0.1,24.75
123,US-2024-100122,07/12/2024,07/15/2024,First Class,CU-1052,Customer 41,Corporate,United States,Houston,Texas,96628,Central,OFF-PA-10122,Office Supplies,Paper,Xerox Paper,182.98,7,0.0,51.33
124,US-2023-100123,02/13/2023,02/19/2023,First Class,CU-1222,Customer 141,Home Office,United States,Philadelphia,Pennsylvania,17518,East,OFF-SU-10123,Office Supplies,Supplies,Fiskars Scissors,26.28,3,0.3,1.07
125,US-2023-100124,05/27/2023,06/03/2023,Same Day,CU-1017,Customer 65,Consumer,United States,Los Angeles,California,40932,Central,TEC-CO-10124,Technology,Copiers,Konica Copier,6286.23,9,0.3,306.64
126,US-2024-100125,01/16/2024,01/20/2024,Standard Class,CU-1293,Customer 71,Home Office,United States,Columbus,Ohio,58096,South,OFF-FA-10125,Office Supplies,Fasteners,Staples Fasteners,514.6,10,0.0,175.67
127,US-2024-100126,06/14/2024,06/18/2024,Standard Class,CU-1134,Customer 134,Home Office,United States,Philadelphia,Pennsylvania,68493,West,OFF-PA-10126,Office Supplies,Paper,Xerox Paper,72.72,2,0.0,25.83
128,US-2024-100127,04/07/2024,04/09/2024,Same Day,CU-1044,Customer 164,Home Office,United States,New York City,New York,55537,East,TEC-AC-10127,Technology,Accessories,Belkin Cable,3874.96,8,0.0,794.55
129,US-2024-100128,01/06/2024,01/11/2024,Second Class,CU-1062,Customer 103,Consumer,United States,Houston,Texas,41029,South,TEC-AC-10128,Technology,Accessories,Kensington Keyboard,1454.37,3,0.3,72.48
130,US-2023-100129,03/09/2023,03/12/2023,Same Day,CU-1245,Customer 270,Corporate,United States,New York City,New York,63665,East,FUR-TA-10129,Furniture,Tables,Chromcraft Table,3226.56,8,0.2,285.96
131,US-2023-100130,05/12/2023,05/19/2023,Second Class,CU-1066,Customer 222,Home Office,United States,Columbus,Ohio,17263,East,FUR-TA-10130,Furniture,Tables,Bretford Conference Table,2656.96,8,0.15,518.68
132,US-2023-100131,12/21/2023,12/26/2023,First Class,CU-1040,Customer 129,Consumer,United States,Chicago,Illinois,93238,Central,TEC-MA-10131,Technology,Machines,Lexmark Printer,512.88,3,0.0,130.3
133,US-2023-100132,06/07/2023,06/09/2023,First Class,CU-1288,Customer 22,Consumer,United States,Atlanta,Georgia,20646,East,FUR-TA-10132,Furniture,Tables,Bretford Conference Table,1551.69,9,0.3,47.95
134,US-2024-100133,05/24/2024,05/30/2024,First Class,CU-1154,Customer 248,Consumer,United States,Los Angeles,California,99783,South,TEC-AC-10133,Technology,Accessories,Belkin Cable,5437.24,4,0.2,645.63
135,US-2024-100134,04/20/2024,04/22/2024,First Class,CU-1073,Customer 161,Home Office,United States,Philadelphia,Pennsylvania,51853,Central,OFF-SU-10134,Office Supplies,Supplies,Acme Scissors,3.47,1,0.0,0.98
136,US-2024-100135,04/22/2024,04/23/2024,First Class,CU-1230,Customer 127,Consumer,United States,Chicago,Illinois,22689,East,OFF-AR-10135,Office Supplies,Art,BIC Markers,152.37,9,0.2,13.13
137,US-2023-100136,11/17/2023,11/19/2023,Second Class,CU-1255,Customer 264,Corporate,United States,Atlanta,Georgia,75373,Central,OFF-FA-10136,Office Supplies,Fasteners,Bostitch Stapler,210.28,4,0.0,78.71
138,US-2023-100137,08/09/2023,08/14/2023,First Class,CU-1024,Customer 26,Corporate,United States,Chicago,Illinois,74866,South,OFF-LA-10137,Office Supplies,Labels,Avery Labels,94.85,7,0.2,11.67
139,US-2024-100138,02/17/2024,02/20/2024,Standard Class,CU-1205,Customer 27,Home Office,United States,Columbus,Ohio,83638,West,OFF-LA-10138,Office Supplies,Labels,Avery Labels,284.2,7,0.0,111.18
140,US-2023-100139,10/14/2023,10/21/2023,Standard Class,CU-1065,Customer 50,Corporate,United States,Detroit,Michigan,58915,Central,OFF-PA-10139,Office Supplies,Paper,Xerox Paper,181.23,7,0.2,22.16
141,US-2023-100140,02/11/2023,02/12/2023,Standard Class,CU-1070,Customer 171,Corporate,United States,Detroit,Michigan,78069,South,TEC-AC-10140,Technology,Accessories,Logitech Mouse,767.24,4,0.2,98.56
142,US-2023-100141,11/03/2023,11/08/2023,First Class,CU-1259,Customer 261,Home Office,United States,Atlanta,Georgia,74205,Central,FUR-CH-10141,Furniture,Chairs,Harbour Creations Chair,226.3,10,0.1,34.72
143,US-2024-100142,08/20/2024,08/23/2024,Standard Class,CU-1242,Customer 136,Home Office,United States,Miami,Florida,85821,West,OFF-LA-10142,Office Supplies,Labels,Hon Labels,172.74,6,0.3,4.98
144,US-2024-100143,01/25/2024,01/27/2024,Second Class,CU-1016,Customer 294,Home Office,United States,Atlanta,Georgia,24404,West,TEC-PH-10143,Technology,Phones,Cisco Phone,503.16,3,0.2,70.97
145,US-2024-100144,02/25/2024,03/01/2024,Same Day,CU-1031,Customer 71,Home Office,United States,Chicago,Illinois,37176,Central,FUR-FU-10144,Furniture,Furnishings,Advantus Frame,1332.52,7,0.0,368.01
146,US-2023-100145,12/17/2023,12/22/2023,First Class,CU-1135,Customer 248,Consumer,United States,Detroit,Michigan,42311,Central,TEC-CO-10145,Technology,Copiers,Konica Copier,2888.76,6,0.0,830.86
147,US-2023-100146,11/21/2023,11/25/2023,First Class,CU-1286,Customer 141,Corporate,United States,Philadelphia,Pennsylvania,25974,South,TEC-AC-10146,Technology,Accessories,Logitech Mouse,3052.8,5,0.1,758.19
148,US-2023-100147,12/21/2023,12/25/2023,First Class,CU-1245,Customer 110,Consumer,United States,New York City,New York,80592,Central,OFF-EN-10147,Office Supplies,Envelopes,Kraft Envelopes,84.4,5,0.0,20.72
149,US-2023-100148,09/06/2023,09/07/2023,Second Class,CU-1119,Customer 27,Consumer,United States,Chicago,Illinois,64172,Central,TEC-AC-10148,Technology,Accessories,Logitech Mouse,383.0,2,0.2,58.52
150,US-2024-100149,02/21/2024,02/27/2024,Same Day,CU-1244,Customer 103,Corporate,United States,Houston,Texas,52096,Central,TEC-CO-10149,Technology,Copiers,Canon Copier,306.78,3,0.0,126.18
151,US-2023-100150,06/29/2023,07/03/2023,Second Class,CU-1018,Customer 204,Corporate,United States,Los Angeles,California,34420,Central,TEC-PH-10150,Technology,Phones,Apple iPhone,6309.3,10,0.0,1931.35
152,US-2023-100151,10/19/2023,10/23/2023,Same Day,CU-1068,Customer 259,Corporate,United States,Columbus,Ohio,45761,West,FUR-BO-10151,Furniture,Bookcases,Bush Bookcase,7727.2,10,0.2,666.6
153,US-2023-100152,01/15/2023,01/21/2023,First Class,CU-1151,Customer 291,Home Office,United States,Houston,Texas,35318,West,FUR-TA-10152,Furniture,Tables,Lesro Table,3386.48,8,0.3,115.15
154,US-2023-100153,07/09/2023,07/11/2023,Same Day,CU-1165,Customer 128,Consumer,United States,New York City,New York,44181,South,TEC-CO-10153,Technology,Copiers,Konica Copier,7012.08,9,0.1,982.95
155,US-2023-100154,01/12/2023,01/15/2023,First Class,CU-1120,Customer 32,Home Office,United States,Atlanta,Georgia,25495,South,FUR-FU-10154,Furniture,Furnishings,Advantus Frame,682.38,6,0.1,154.85
156,US-2024-100155,10/16/2024,10/19/2024,First Class,CU-1113,Customer 113,Consumer,United States,New York City,New York,72676,West,OFF-AR-10155,Office Supplies,Art,BIC Markers,311.58,9,0.3,16.18
157,US-2023-100156,09/11/2023,09/17/2023,Standard Class,CU-1269,Customer 229,Home Office,United States,Chicago,Illinois,57419,East,OFF-EN-10156,Office Supplies,Envelopes,Poly Envelopes,388.8,9,0.15,80.1
158,US-2023-100157,06/03/2023,06/05/2023,First Class,CU-1266,Customer 227,Consumer,United States,Detroit,Michigan,99167,West,TEC-PH-10157,Technology,Phones,Apple iPhone,1193.67,9,0.2,114.86
159,US-2023-100158,05/16/2023,05/21/2023,Same Day,CU-1233,Customer 289,Consumer,United States,Philadelphia,Pennsylvania,83242,South,TEC-CO-10158,Technology,Copiers,Canon Copier,8616.87,9,0.15,1837.26
160,US-2023-100159,08/12/2023,08/17/2023,Standard Class,CU-1023,Customer 217,Corporate,United States,Los Angeles,California,18357,East,TEC-AC-10159,Technology,Accessories,Belkin Cable,83.64,1,0.15,11.34
161,US-2024-100160,10/18/2024,10/24/2024,Same Day,CU-1191,Customer 196,Corporate,United States,Houston,Texas,59479,South,FUR-FU-10160,Furniture,Furnishings,Eldon Desk Lamp,2691.05,5,0.15,336.91
162,US-2024-100161,06/25/2024,06/27/2024,Second Class,CU-1001,Customer 12,Corporate,United States,Miami,Florida,70686,South,FUR-CH-10161,Furniture,Chairs,Harbour Creations Chair,103.82,2,0.0,43.42
163,US-2023-100162,07/13/2023,07/19/2023,Standard Class,CU-1016,Customer 215,Home Office,United States,Seattle,Washington,12050,West,TEC-CO-10162,Technology,Copiers,Canon Copier,554.84,4,0.15,82.37
164,US-2023-100163,09/08/2023,09/14/2023,Standard Class,CU-1205,Customer 225,Consumer,United States,Los Angeles,California,80747,West,FUR-BO-10163,Furniture,Bookcases,Sauder Bookcase,2921.6,10,0.0,830.84
165,US-2024-100164,09/04/2024,09/11/2024,First Class,CU-1121,Customer 155,Consumer,United States,Atlanta,Georgia,96535,West,FUR-CH-10164,Furniture,Chairs,Harbour Creations Chair,879.2,4,0.3,39.71
166,US-2024-100165,10/03/2024,10/09/2024,Same Day,CU-1284,Customer 254,Consumer,United States,Houston,Texas,55143,South,OFF-PA-10165,Office Supplies,Paper,HP Paper,18.26,1,0.2,3.19
167,US-2023-100166,07/08/2023,07/15/2023,Same Day,CU-1123,Customer 116,Corporate,United States,Miami,Florida,28920,South,TEC-AC-10166,Technology,Accessories,Belkin Cable,6534.01,7,0.15,789.9
168,US-2023-100167,09/19/2023,09/21/2023,First Class,CU-1040,Customer 231,Corporate,United States,Chicago,Illinois,22119,West,FUR-FU-10167,Furniture,Furnishings,Deflecto Frame,590.58,9,0.2,52.61
169,US-2023-100168,07/12/2023,07/19/2023,Second Class,CU-1245,Customer 107,Corporate,United States,New York City,New York,49739,East,FUR-TA-10168,Furniture,Tables,Bevis Table,1847.9,10,0.2,146.27
170,US-2024-100169,02/11/2024,02/13/2024,First Class,CU-1144,Customer 195,Corporate,United States,Chicago,Illinois,79946,Central,FUR-CH-10169,Furniture,Chairs,Hon Executive Chair,2547.36,8,0.0,879.93
171,US-2023-100170,11/24/2023,11/26/2023,First Class,CU-1160,Customer 212,Consumer,United States,Philadelphia,Pennsylvania,83731,West,OFF-PA-10170,Office Supplies,Paper,HP Paper,277.65,9,0.15,45.88
172,US-2024-100171,03/03/2024,03/06/2024,Second Class,CU-1100,Customer 169,Consumer,United States,Atlanta,Georgia,59786,West,TEC-MA-10171,Technology,Machines,Cubify Printer,985.1,5,0.2,170.57
173,US-2024-100172,04/16/2024,04/18/2024,First Class,CU-1086,Customer 72,Home Office,United States,Philadelphia,Pennsylvania,81636,South,OFF-EN-10172,Office Supplies,Envelopes,Poly Envelopes,121.92,8,0.3,5.79
174,US-2024-100173,02/27/2024,02/29/2024,Second Class,CU-1034,Customer 78,Consumer,United States,Los Angeles,California,38668,South,FUR-BO-10173,Furniture,Bookcases,Sauder Bookcase,755.42,2,0.3,20.17
175,US-2023-100174,01/07/2023,01/12/2023,Same Day,CU-1006,Customer 9,Home Office,United States,Los Angeles,California,46010,Central,OFF-LA-10174,Office Supplies,Labels,Smead Labels,467.8,10,0.15,89.96
176,US-2023-100175,07/16/2023,07/21/2023,First Class,CU-1181,Customer 137,Corporate,United States,Chicago,Illinois,20357,Central,FUR-FU-10175,Furniture,Furnishings,Tenex Lamp,523.92,2,0.0,159.0
177,US-2024-100176,10/31/2024,11/07/2024,Standard Class,CU-1047,Customer 208,Corporate,United States,New York City,New York,59436,South,OFF-SU-10176,Office Supplies,Supplies,Acme Scissors,48.56,4,0.1,11.88
178,US-2024-100177,08/02/2024,08/09/2024,Standard Class,CU-1270,Customer 22,Consumer,United States,Columbus,Ohio,37710,South,FUR-BO-10177,Furniture,Bookcases,O'Sullivan Bookcase,260.76,2,0.15,56.94
179,US-2023-100178,07/03/2023,07/10/2023,First Class,CU-1008,Customer 107,Home Office,United States,Los Angeles,California,28899,South,OFF-LA-10178,Office Supplies,Labels,Avery Labels,123.0,5,0.2,16.5
180,US-2024-100179,11/24/2024,11/29/2024,First Class,CU-1196,Customer 72,Home Office,United States,Miami,Florida,20279,Central,FUR-TA-10179,Furniture,Tables,Lesro Table,2278.5,10,0.0,715.09
181,US-2024-100180,09/01/2024,09/05/2024,First Class,CU-1015,Customer 140,Corporate,United States,Atlanta,Georgia,74304,West,FUR-BO-10180,Furniture,Bookcases,Hon Bookcase,1238.72,4,0.0,320.14
182,US-2023-100181,03/29/2023,04/05/2023,First Class,CU-1126,Customer 38,Consumer,United States,Miami,Florida,45123,West,OFF-FA-10181,Office Supplies,Fasteners,Bostitch Stapler,63.87,3,0.3,2.91
183,US-2023-100182,01/06/2023,01/09/2023,Same Day,CU-1184,Customer 139,Consumer,United States,New York City,New York,27367,East,OFF-AR-10182,Office Supplies,Art,Sharpie Markers,312.41,7,0.1,58.77
184,US-2023-100183,01/27/2023,01/28/2023,First Class,CU-1283,Customer 48,Home Office,United States,New York City,New York,88386,Central,FUR-FU-10183,Furniture,Furnishings,Deflecto Frame,3322.08,9,0.2,427.9
185,US-2023-100184,09/06/2023,09/11/2023,Second Class,CU-1194,Customer 87,Consumer,United States,Detroit,Michigan,45247,Central,OFF-LA-10184,Office Supplies,Labels,Hon Labels,418.32,7,0.15,87.46
186,US-2023-100185,11/03/2023,11/07/2023,Standard Class,CU-1184,Customer 129,Consumer,United States,Miami,Florida,91924,South,OFF-SU-10185,Office Supplies,Supplies,Acme Scissors,50.82,2,0.0,14.31
187,US-2023-100186,12/07/2023,12/14/2023,Same Day,CU-1168,Customer 226,Corporate,United States,Miami,Florida,66441,West,TEC-MA-10186,Technology,Machines,Lexmark Printer,848.46,2,0.0,211.81
188,US-2023-100187,11/23/2023,11/26/2023,Same Day,CU-1294,Customer 125,Corporate,United States,Miami,Florida,59290,Central,OFF-EN-10187,Office Supplies,Envelopes,Kraft Envelopes,180.48,8,0.1,28.17
189,US-2023-100188,07/04/2023,07/10/2023,Standard Class,CU-1236,Customer 108,Corporate,United States,Detroit,Michigan,48185,East,OFF-EN-10188,Office Supplies,Envelopes,Kraft Envelopes,122.7,10,0.0,39.28
190,US-2024-100189,03/09/2024,03/16/2024,Same Day,CU-1037,Customer 230,Home Office,United States,Houston,Texas,72814,South,OFF-SU-10189,Office Supplies,Supplies,Acme Scissors,456.75,5,0.0,108.21
191,US-2024-100190,08/31/2024,09/06/2024,Standard Class,CU-1055,Customer 128,Home Office,United States,Detroit,Michigan,97122,Central,TEC-CO-10190,Technology,Copiers,Canon Copier,4384.08,6,0.3,247.01
192,US-2023-100191,09/22/2023,09/24/2023,Second Class,CU-1228,Customer 192,Corporate,United States,New York City,New York,70694,West,FUR-BO-10191,Furniture,Bookcases,Hon Bookcase,2183.88,6,0.15,250.78
193,US-2023-100192,04/29/2023,05/06/2023,Second Class,CU-1178,Customer 160,Corporate,United States,New York City,New York,69681,West,OFF-LA-10192,Office Supplies,Labels,Hon Labels,49.52,2,0.1,9.79
194,US-2023-100193,11/23/2023,11/24/2023,First Class,CU-1022,Customer 59,Consumer,United States,Philadelphia,Pennsylvania,54967,East,TEC-CO-10193,Technology,Copiers,Konica Copier,1209.52,8,0.0,341.51
195,US-2023-100194,12/05/2023,12/10/2023,Same Day,CU-1236,Customer 119,Corporate,United States,Houston,Texas,92543,West,TEC-MA-10194,Technology,Machines,HP Printer,2615.28,4,0.2,244.05
196,US-2024-100195,04/05/2024,04/10/2024,Same Day,CU-1199,Customer 3,Home Office,United States,Chicago,Illinois,38153,West,FUR-FU-10195,Furniture,Furnishings,Deflecto Frame,185.49,1,0.3,8.62
197,US-2023-100196,07/21/2023,07/25/2023,Standard Class,CU-1134,Customer 251,Home Office,United States,Columbus,Ohio,93769,Central,OFF-ST-10196,Office Supplies,Storage,SAFCO Storage Bin,67.76,2,0.2,6.41
198,US-2024-100197,09/24/2024,09/26/2024,First Class,CU-1043,Customer 69,Corporate,United States,Philadelphia,Pennsylvania,25448,West,TEC-CO-10197,Technology,Copiers,Konica Copier,2079.4,10,0.0,541.15
199,US-2024-100198,03/04/2024,03/09/2024,Second Class,CU-1294,Customer 197,Corporate,United States,Miami,Florida,34347,South,OFF-ST-10198,Office Supplies,Storage,Fellowes Storage Box,180.3,6,0.3,5.4
200,US-2023-100199,11/19/2023,11/26/2023,Same Day,CU-1027,Customer 184,Consumer,United States,Houston,Texas,73518,West,TEC-MA-10199,Technology,Machines,HP Printer,656.49,3,0.15,92.2
201,US-2024-100200,05/15/2024,05/17/2024,Standard Class,CU-1289,Customer 16,Consumer,United States,Philadelphia,Pennsylvania,48284,East,FUR-FU-10200,Furniture,Furnishings,Deflecto Frame,988.33,7,0.3,41.72
202,US-2024-100201,07/16/2024,07/21/2024,Standard Class,CU-1293,Customer 59,Corporate,United States,Philadelphia,Pennsylvania,81186,Central,OFF-BI-10201,Office Supplies,Binders,Acco Binder,89.31,3,0.15,16.0
203,US-2024-100202,10/31/2024,11/07/2024,Second Class,CU-1152,Customer 17,Corporate,United States,New York City,New York,44447,Central,TEC-PH-10202,Technology,Phones,Cisco Phone,736.29,9,0.0,307.4
204,US-2023-100203,12/26/2023,01/02/2024,Same Day,CU-1084,Customer 72,Consumer,United States,Atlanta,Georgia,37124,East,FUR-FU-10203,Furniture,Furnishings,Eldon Desk Lamp,215.0,4,0.0,80.33
205,US-2023-100204,10/27/2023,10/30/2023,First Class,CU-1263,Customer 49,Consumer,United States,Columbus,Ohio,63948,East,TEC-AC-10204,Technology,Accessories,Belkin Cable,900.55,5,0.2,118.49
206,US-2023-100205,09/11/2023,09/18/2023,Same Day,CU-1250,Customer 73,Home Office,United States,Columbus,Ohio,92890,Central,OFF-AR-10205,Office Supplies,Art,Sharpie Markers,63.27,3,0.0,13.34
207,US-2024-100206,02/17/2024,02/22/2024,First Class,CU-1188,Customer 233,Corporate,United States,New York City,New York,52898,East,TEC-CO-10206,Technology,Copiers,Konica Copier,4859.52,8,0.0,1604.8
208,US-2023-100207,08/12/2023,08/16/2023,Second Class,CU-1253,Customer 138,Corporate,United States,Miami,Florida,47171,Central,TEC-PH-10207,Technology,Phones,Cisco Phone,1762.32,6,0.0,651.95
209,US-2023-100208,02/17/2023,02/18/2023,Same Day,CU-1008,Customer 64,Consumer,United States,Los Angeles,California,67840,South,TEC-MA-10208,Technology,Machines,HP Printer,2628.64,8,0.1,739.9
210,US-2023-100209,04/06/2023,04/12/2023,First Class,CU-1128,Customer 43,Corporate,United States,Seattle,Washington,97098,West,FUR-FU-10209,Furniture,Furnishings,Tenex Lamp,495.42,3,0.3,17.62
211,US-2023-100210,01/02/2023,01/04/2023,Same Day,CU-1039,Customer 68,Home Office,United States,New York City,New York,39647,South,FUR-FU-10210,Furniture,Furnishings,Advantus Frame,1059.48,4,0.15,203.17
212,US-2023-100211,03/14/2023,03/16/2023,Same Day,CU-1045,Customer 53,Consumer,United States,Philadelphia,Pennsylvania,51071,Central,FUR-BO-10211,Furniture,Bookcases,Bush Bookcase,202.64,2,0.15,39.95
213,US-2023-100212,03/12/2023,03/17/2023,Standard Class,CU-1084,Customer 226,Corporate,United States,Houston,Texas,37925,West,OFF-AR-10212,Office Supplies,Art,BIC Markers,68.85,3,0.3,4.11
214,US-2024-100213,08/26/2024,09/01/2024,Same Day,CU-1179,Customer 220,Corporate,United States,New York City,New York,28327,West,OFF-SU-10213,Office Supplies,Supplies,Acme Scissors,67.22,2,0.0,14.07
215,US-2023-100214,10/19/2023,10/26/2023,Standard Class,CU-1154,Customer 106,Home Office,United States,Atlanta,Georgia,89551,West,OFF-ST-10214,Office Supplies,Storage,Fellowes Storage Box,266.4,9,0.2,36.76
216,US-2023-100215,09/04/2023,09/08/2023,Standard Class,CU-1270,Customer 7,Corporate,United States,New York City,New York,51480,West,TEC-CO-10215,Technology,Copiers,Konica Copier,336.6,1,0.0,99.72
217,US-2023-100216,03/16/2023,03/17/2023,Standard Class,CU-1007,Customer 135,Consumer,United States,Philadelphia,Pennsylvania,15220,East,OFF-FA-10216,Office Supplies,Fasteners,Bostitch Stapler,229.32,9,0.3,7.12
218,US-2023-100217,03/26/2023,04/01/2023,Second Class,CU-1142,Customer 43,Corporate,United States,Miami,Florida,20357,West,OFF-PA-10217,Office Supplies,Paper,Boise Paper,323.46,9,0.15,51.53
219,US-2023-100218,11/14/2023,11/20/2023,Same Day,CU-1122,Customer 30,Consumer,United States,New York City,New York,21300,South,FUR-TA-10218,Furniture,Tables,Bevis Table,7847.7,10,0.3,405.83
220,US-2023-100219,05/03/2023,05/04/2023,Second Class,CU-1005,Customer 84,Corporate,United States,Houston,Texas,55443,Central,FUR-FU-10219,Furniture,Furnishings,Eldon Desk Lamp,537.1,5,0.3,27.37
221,US-2023-100220,12/10/2023,12/17/2023,Same Day,CU-1139,Customer 269,Consumer,United States,Los Angeles,California,44465,East,FUR-TA-10220,Furniture,Tables,Lesro Table,3995.85,5,0.3,223.87
222,US-2024-100221,01/12/2024,01/14/2024,First Class,CU-1052,Customer 294,Home Office,United States,Houston,Texas,25117,West,OFF-SU-10221,Office Supplies,Supplies,Fiskars Scissors,12.39,1,0.15,2.73
223,US-2024-100222,01/28/2024,01/30/2024,Second Class,CU-1018,Customer 284,Home Office,United States,Columbus,Ohio,95944,South,TEC-PH-10222,Technology,Phones,Apple iPhone,30.7,1,0.0,5.72
224,US-2024-100223,08/08/2024,08/11/2024,Standard Class,CU-1257,Customer 27,Consumer,United States,New York City,New York,39253,East,FUR-TA-10223,Furniture,Tables,Lesro Table,941.43,7,0.3,34.08
225,US-2024-100224,04/12/2024,04/13/2024,First Class,CU-1102,Customer 150,Home Office,United States,Detroit,Michigan,49834,West,OFF-ST-10224,Office Supplies,Storage,Iris Storage Box,161.1,5,0.1,29.36
226,US-2023-100225,06/04/2023,06/05/2023,Same Day,CU-1012,Customer 120,Home Office,United States,Chicago,Illinois,55406,East,OFF-EN-10225,Office Supplies,Envelopes,Poly Envelopes,327.08,4,0.3,18.49
227,US-2023-100226,07/30/2023,08/04/2023,Second Class,CU-1214,Customer 252,Consumer,United States,New York City,New York,28661,Central,OFF-LA-10226,Office Supplies,Labels,Smead Labels,79.31,7,0.3,4.0
228,US-2024-100227,04/14/2024,04/20/2024,Standard Class,CU-1297,Customer 49,Home Office,United States,Columbus,Ohio,27499,South,FUR-BO-10227,Furniture,Bookcases,O'Sullivan Bookcase,2684.07,9,0.15,531.76
229,US-2024-100228,02/07/2024,02/13/2024,First Class,CU-1162,Customer 232,Corporate,United States,Columbus,Ohio,40619,East,FUR-BO-10228,Furniture,Bookcases,Hon Bookcase,178.95,3,0.0,44.1
230,US-2023-100229,11/18/2023,11/22/2023,Standard Class,CU-1274,Customer 184,Consumer,United States,Philadelphia,Pennsylvania,69233,Central,FUR-CH-10229,Furniture,Chairs,Hon Executive Chair,1997.01,3,0.0,429.9
231,US-2024-100230,09/09/2024,09/10/2024,Second Class,CU-1167,Customer 76,Consumer,United States,Seattle,Washington,42534,Central,OFF-PA-10230,Office Supplies,Paper,Xerox Paper,111.0,2,0.0,41.39
232,US-2023-100231,02/01/2023,02/05/2023,Same Day,CU-1284,Customer 282,Consumer,United States,Houston,Texas,22415,South,OFF-LA-10231,Office Supplies,Labels,Smead Labels,84.85,5,0.1,22.78
233,US-2023-100232,05/14/2023,05/16/2023,Same Day,CU-1190,Customer 44,Home Office,United States,Chicago,Illinois,86823,Central,FUR-CH-10232,Furniture,Chairs,Hon Executive Chair,512.09,1,0.0,193.8
234,US-2023-100233,04/05/2023,04/12/2023,First Class,CU-1062,Customer 22,Corporate,United States,Houston,Texas,16637,West,FUR-BO-10233,Furniture,Bookcases,Sauder Bookcase,761.56,4,0.3,30.86
235,US-2023-100234,06/26/2023,06/29/2023,Second Class,CU-1095,Customer 141,Corporate,United States,Miami,Florida,68459,West,TEC-CO-10234,Technology,Copiers,Konica Copier,6127.68,8,0.0,1646.93
236,US-2023-100235,03/04/2023,03/05/2023,First Class,CU-1196,Customer 71,Corporate,United States,Philadelphia,Pennsylvania,36143,West,FUR-CH-10235,Furniture,Chairs,Harbour Creations Chair,1673.44,8,0.15,374.16
237,US-2023-100236,12/19/2023,12/24/2023,First Class,CU-1198,Customer 139,Consumer,United States,Philadelphia,Pennsylvania,13416,Central,TEC-PH-10236,Technology,Phones,Cisco Phone,2073.66,6,0.15,365.45
238,US-2024-100237,06/26/2024,06/29/2024,Second Class,CU-1081,Customer 52,Consumer,United States,Philadelphia,Pennsylvania,96096,West,TEC-MA-10237,Technology,Machines,Cubify Printer,1150.55,5,0.0,429.29
239,US-2023-100238,06/30/2023,07/02/2023,First Class,CU-1183,Customer 15,Home Office,United States,Houston,Texas,56095,West,OFF-LA-10238,Office Supplies,Labels,Avery Labels,391.1,10,0.15,58.54
240,US-2023-100239,04/03/2023,04/04/2023,Second Class,CU-1112,Customer 11,Home Office,United States,Los Angeles,California,72650,East,TEC-MA-10239,Technology,Machines,Lexmark Printer,3288.33,9,0.1,512.07
241,US-2023-100240,03/02/2023,03/03/2023,Second Class,CU-1300,Customer 73,Consumer,United States,Columbus,Ohio,78982,Central,OFF-BI-10240,Office Supplies,Binders,Avery Binder,218.04,6,0.3,6.81
242,US-2023-100241,05/20/2023,05/22/2023,Same Day,CU-1249,Customer 163,Consumer,United States,Columbus,Ohio,83659,Central,FUR-TA-10241,Furniture,Tables,Bevis Table,458.8,10,0.0,118.12
243,US-2023-100242,07/01/2023,07/07/2023,Standard Class,CU-1293,Customer 201,Home Office,United States,Houston,Texas,14244,West,FUR-CH-10242,Furniture,Chairs,Novimex Chair,2450.1,5,0.3,120.29
244,US-2023-100243,05/25/2023,05/28/2023,Standard Class,CU-1121,Customer 178,Corporate,United States,Philadelphia,Pennsylvania,32005,East,TEC-AC-10243,Technology,Accessories,Belkin Cable,3662.64,4,0.3,164.07
245,US-2023-100244,12/25/2023,12/28/2023,Standard Class,CU-1000,Customer 25,Corporate,United States,New York City,New York,67438,South,TEC-AC-10244,Technology,Accessories,Kensington Keyboard,364.1,1,0.1,58.87
246,US-2024-100245,05/05/2024,05/12/2024,Second Class,CU-1083,Customer 232,Consumer,United States,New York City,New York,14379,Central,FUR-FU-10245,Furniture,Furnishings,Deflecto Frame,5244.47,7,0.1,1156.69
247,US-2023-100246,06/14/2023,06/20/2023,Standard Class,CU-1280,Customer 48,Corporate,United States,Miami,Florida,87860,South,FUR-TA-10246,Furniture,Tables,Chromcraft Table,1278.76,2,0.0,330.87
248,US-2023-100247,02/24/2023,02/25/2023,First Class,CU-1105,Customer 98,Corporate,United States,Houston,Texas,82628,Central,TEC-PH-10247,Technology,Phones,Cisco Phone,1587.84,3,0.2,267.43
249,US-2024-100248,07/16/2024,07/23/2024,Same Day,CU-1078,Customer 28,Corporate,United States,Atlanta,Georgia,10500,South,TEC-AC-10248,Technology,Accessories,Kensington Keyboard,3305.2,4,0.0,618.6
250,US-2024-100249,10/15/2024,10/18/2024,Standard Class,CU-1242,Customer 60,Corporate,United States,Houston,Texas,62096,South,FUR-TA-10249,Furniture,Tables,Bevis Table,1720.28,4,0.0,311.9
251,US-2024-100250,01/14/2024,01/16/2024,Same Day,CU-1022,Customer 135,Corporate,United States,Miami,Florida,70956,Central,OFF-PA-10250,Office Supplies,Paper,Xerox Paper,36.63,9,0.15,4.61
252,US-2024-100251,11/15/2024,11/18/2024,Same Day,CU-1116,Customer 284,Consumer,United States,New York City,New York,60738,South,FUR-TA-10251,Furniture,Tables,Bretford Conference Table,503.43,3,0.3,24.35
253,US-2024-100252,05/29/2024,06/03/2024,Second Class,CU-1061,Customer 230,Consumer,United States,Los Angeles,California,31910,West,TEC-CO-10252,Technology,Copiers,Canon Copier,4440.4,8,0.1,616.4
254,US-2023-100253,07/26/2023,08/02/2023,Second Class,CU-1132,Customer 164,Home Office,United States,Miami,Florida,18783,East,FUR-CH-10253,Furniture,Chairs,Hon Executive Chair,4180.12,7,0.0,1743.65
255,US-2024-100254,09/30/2024,10/05/2024,Same Day,CU-1057,Customer 213,Consumer,United States,Los Angeles,California,29424,East,OFF-FA-10254,Office Supplies,Fasteners,Bostitch Stapler,33.35,5,0.2,4.11
256,US-2024-100255,01/28/2024,02/03/2024,Same Day,CU-1292,Customer 243,Consumer,United States,Seattle,Washington,32570,Central,FUR-BO-10255,Furniture,Bookcases,Bush Bookcase,329.58,9,0.1,91.83
257,US-2024-100256,02/10/2024,02/13/2024,Second Class,CU-1025,Customer 244,Corporate,United States,Los Angeles,California,58816,East,OFF-AR-10256,Office Supplies,Art,Sharpie Markers,239.4,10,0.3,11.8
258,US-2023-100257,08/22/2023,08/24/2023,First Class,CU-1226,Customer 165,Corporate,United States,New York City,New York,64627,East,OFF-PA-10257,Office Supplies,Paper,HP Paper,12.65,5,0.15,2.78
259,US-2024-100258,01/18/2024,01/25/2024,Standard Class,CU-1263,Customer 82,Consumer,United States,Detroit,Michigan,50779,South,FUR-FU-10258,Furniture,Furnishings,Tenex Lamp,1359.96,7,0.3,57.06
260,US-2023-100259,02/03/2023,02/07/2023,Standard Class,CU-1184,Customer 102,Corporate,United States,Chicago,Illinois,58280,South,FUR-BO-10259,Furniture,Bookcases,O'Sullivan Bookcase,1093.08,4,0.0,415.44
261,US-2024-100260,04/01/2024,04/03/2024,Same Day,CU-1300,Customer 283,Corporate,United States,Atlanta,Georgia,55121,West,TEC-CO-10260,Technology,Copiers,Canon Copier,144.79,1,0.0,38.55
262,US-2023-100261,08/08/2023,08/15/2023,Second Class,CU-1115,Customer 106,Corporate,United States,Atlanta,Georgia,95404,South,OFF-ST-10261,Office Supplies,Storage,Iris Storage Box,23.81,1,0.15,2.55
263,US-2023-100262,01/09/2023,01/11/2023,First Class,CU-1156,Customer 141,Corporate,United States,Atlanta,Georgia,59345,Central,TEC-PH-10262,Technology,Phones,Apple iPhone,5166.16,8,0.0,1723.46
264,US-2024-100263,02/11/2024,02/16/2024,Standard Class,CU-1003,Customer 262,Home Office,United States,Atlanta,Georgia,59051,Central,OFF-PA-10263,Office Supplies,Paper,Xerox Paper,128.56,8,0.1,31.31
265,US-2023-100264,10/11/2023,10/14/2023,First Class,CU-1096,Customer 77,Home Office,United States,Columbus,Ohio,41496,East,OFF-ST-10264,Office Supplies,Storage,Iris Storage Box,25.14,2,0.1,7.49
266,US-2023-100265,10/30/2023,11/02/2023,Same Day,CU-1207,Customer 199,Home Office,United States,Philadelphia,Pennsylvania,14629,West,TEC-CO-10265,Technology,Copiers,Konica Copier,919.35,3,0.3,23.8
267,US-2024-100266,11/04/2024,11/09/2024,Second Class,CU-1150,Customer 50,Corporate,United States,Houston,Texas,26769,Central,OFF-BI-10266,Office Supplies,Binders,Wilson Jones Binder,58.98,6,0.2,6.28
268,US-2023-100267,08/17/2023,08/23/2023,First Class,CU-1215,Customer 170,Corporate,United States,Columbus,Ohio,44152,Central,TEC-MA-10267,Technology,Machines,HP Printer,6848.88,6,0.3,192.63
269,US-2023-100268,03/14/2023,03/18/2023,Second Class,CU-1256,Customer 62,Home Office,United States,Atlanta,Georgia,60026,Central,OFF-ST-10268,Office Supplies,Storage,Iris Storage Box,25.69,1,0.3,1.17
270,US-2024-100269,04/13/2024,04/15/2024,First Class,CU-1092,Customer 42,Corporate,United States,Atlanta,Georgia,53598,West,OFF-LA-10269,Office Supplies,Labels,Avery Labels,41.25,3,0.0,10.68
271,US-2024-100270,08/13/2024,08/20/2024,Second Class,CU-1250,Customer 46,Consumer,United States,Houston,Texas,90541,South,OFF-LA-10270,Office Supplies,Labels,Avery Labels,235.04,8,0.1,37.99
272,US-2024-100271,06/30/2024,07/02/2024,First Class,CU-1007,Customer 165,Home Office,United States,Los Angeles,California,34979,East,TEC-CO-10271,Technology,Copiers,Konica Copier,2136.12,7,0.15,328.25
273,US-2023-100272,05/13/2023,05/14/2023,Same Day,CU-1257,Customer 157,Consumer,United States,Seattle,Washington,18557,East,TEC-PH-10272,Technology,Phones,Samsung Galaxy,1117.88,4,0.3,62.26
274,US-2023-100273,05/18/2023,05/21/2023,Same Day,CU-1183,Customer 97,Consumer,United States,Miami,Florida,62873,East,OFF-PA-10273,Office Supplies,Paper,HP Paper,144.63,9,0.2,18.81
275,US-2023-100274,06/23/2023,06/24/2023,First Class,CU-1019,Customer 193,Home Office,United States,Detroit,Michigan,43526,East,FUR-CH-10274,Furniture,Chairs,Global Task Chair,514.16,4,0.3,13.25
276,US-2024-100275,03/30/2024,04/03/2024,Standard Class,CU-1280,Customer 130,Corporate,United States,Miami,Florida,30070,West,TEC-PH-10275,Technology,Phones,Apple iPhone,75.21,1,0.0,25.87
277,US-2023-100276,10/04/2023,10/09/2023,Second Class,CU-1214,Customer 54,Home Office,United States,Detroit,Michigan,90962,East,TEC-PH-10276,Technology,Phones,Nokia Phone,5778.29,7,0.3,164.88
278,US-2024-100277,06/19/2024,06/21/2024,First Class,CU-1209,Customer 152,Consumer,United States,Seattle,Washington,15164,South,OFF-ST-10277,Office Supplies,Storage,Fellowes Storage Box,303.28,8,0.0,98.33
279,US-2023-100278,04/24/2023,05/01/2023,Same Day,CU-1076,Customer 47,Home Office,United States,New York City,New York,19836,East,FUR-FU-10278,Furniture,Furnishings,Advantus Frame,1050.84,4,0.0,187.18
280,US-2023-100279,06/28/2023,07/05/2023,Standard Class,CU-1148,Customer 185,Home Office,United States,New York City,New York,50987,South,OFF-BI-10279,Office Supplies,Binders,Wilson Jones Binder,113.0,5,0.1,23.31
281,US-2023-100280,12/03/2023,12/06/2023,Same Day,CU-1137,Customer 48,Corporate,United States,Houston,Texas,54921,West,TEC-PH-10280,Technology,Phones,Apple iPhone,142.48,1,0.0,54.68
282,US-2024-100281,03/07/2024,03/13/2024,Second Class,CU-1057,Customer 68,Home Office,United States,Philadelphia,Pennsylvania,17686,West,FUR-FU-10281,Furniture,Furnishings,Deflecto Frame,868.48,8,0.1,235.57
283,US-2024-100282,01/24/2024,01/31/2024,First Class,CU-1014,Customer 67,Corporate,United States,Atlanta,Georgia,73979,East,FUR-FU-10282,Furniture,Furnishings,Deflecto Frame,527.8,10,0.3,21.29
284,US-2024-100283,11/25/2024,11/30/2024,Second Class,CU-1173,Customer 266,Home Office,United States,Los Angeles,California,91033,East,OFF-SU-10283,Office Supplies,Supplies,Acme Scissors,28.9,2,0.1,6.93
285,US-2023-100284,06/02/2023,06/09/2023,Standard Class,CU-1005,Customer 81,Home Office,United States,Miami,Florida,71510,South,OFF-BI-10284,Office Supplies,Binders,Wilson Jones Binder,56.16,6,0.3,2.73
286,US-2023-100285,02/21/2023,02/26/2023,Second Class,CU-1281,Customer 194,Corporate,United States,Seattle,Washington,40801,East,FUR-BO-10285,Furniture,Bookcases,Hon Bookcase,3698.52,6,0.0,947.08
287,US-2024-100286,05/24/2024,05/30/2024,Standard Class,CU-1052,Customer 207,Corporate,United States,New York City,New York,14696,East,OFF-SU-10286,Office Supplies,Supplies,Fiskars Scissors,92.5,2,0.15,15.04
288,US-2023-100287,08/17/2023,08/24/2023,Same Day,CU-1169,Customer 287,Home Office,United States,Los Angeles,California,88636,South,FUR-TA-10287,Furniture,Tables,Lesro Table,1768.56,8,0.1,333.52
289,US-2023-100288,01/03/2023,01/06/2023,First Class,CU-1149,Customer 281,Home Office,United States,Chicago,Illinois,59006,East,TEC-AC-10288,Technology,Accessories,Belkin Cable,1253.92,8,0.0,249.37
290,US-2023-100289,04/20/2023,04/23/2023,Second Class,CU-1096,Customer 62,Corporate,United States,Miami,Florida,38257,South,FUR-CH-10289,Furniture,Chairs,Novimex Chair,245.31,3,0.3,12.51
291,US-2023-100290,05/07/2023,05/14/2023,Same Day,CU-1234,Customer 259,Consumer,United States,Atlanta,Georgia,75382,East,FUR-TA-10290,Furniture,Tables,Bretford Conference Table,1253.7,7,0.0,504.02
292,US-2024-100291,08/15/2024,08/17/2024,Second Class,CU-1053,Customer 199,Home Office,United States,Houston,Texas,88714,Central,TEC-PH-10291,Technology,Phones,Cisco Phone,6342.2,10,0.15,1454.98
293,US-2024-100292,02/12/2024,02/15/2024,First Class,CU-1231,Customer 69,Consumer,United States,Seattle,Washington,64099,Central,TEC-CO-10292,Technology,Copiers,Konica Copier,869.3,10,0.3,44.93
294,US-2024-100293,10/01/2024,10/07/2024,First Class,CU-1176,Customer 68,Home Office,United States,Chicago,Illinois,95208,West,TEC-AC-10293,Technology,Accessories,Belkin Cable,4507.56,9,0.3,146.98
295,US-2024-100294,08/07/2024,08/13/2024,Same Day,CU-1273,Customer 147,Corporate,United States,Atlanta,Georgia,11673,East,TEC-AC-10294,Technology,Accessories,Belkin Cable,383.96,2,0.1,85.78
296,US-2023-100295,06/14/2023,06/17/2023,First Class,CU-1074,Customer 32,Home Office,United States,Seattle,Washington,48684,West,FUR-FU-10295,Furniture,Furnishings,Tenex Lamp,139.2,1,0.3,3.76
297,US-2023-100296,08/18/2023,08/24/2023,Same Day,CU-1121,Customer 262,Home Office,United States,Detroit,Michigan,47701,East,TEC-PH-10296,Technology,Phones,Nokia Phone,2768.16,8,0.0,902.27
298,US-2023-100297,07/27/2023,08/01/2023,Same Day,CU-1115,Customer 189,Home Office,United States,Seattle,Washington,81645,West,OFF-FA-10297,Office Supplies,Fasteners,Bostitch Stapler,72.66,6,0.2,5.86
299,US-2023-100298,07/11/2023,07/13/2023,Standard Class,CU-1193,Customer 21,Corporate,United States,New York City,New York,46583,Central,TEC-MA-10298,Technology,Machines,Lexmark Printer,2202.96,8,0.0,916.31
300,US-2023-100299,02/10/2023,02/12/2023,First Class,CU-1026,Customer 155,Corporate,United States,Houston,Texas,85061,Central,FUR-CH-10299,Furniture,Chairs,Harbour Creations Chair,93.51,1,0.1,19.32
301,US-2023-100300,06/13/2023,06/17/2023,Same Day,CU-1047,Customer 179,Consumer,United States,Detroit,Michigan,37964,Central,FUR-TA-10300,Furniture,Tables,Lesro Table,385.29,3,0.2,31.65
302,US-2024-100301,10/26/2024,10/27/2024,Standard Class,CU-1177,Customer 229,Consumer,United States,Detroit,Michigan,94182,West,OFF-EN-10301,Office Supplies,Envelopes,Poly Envelopes,170.68,4,0.2,22.31
303,US-2023-100302,01/26/2023,01/31/2023,First Class,CU-1263,Customer 261,Corporate,United States,Seattle,Washington,73806,East,FUR-TA-10302,Furniture,Tables,Bevis Table,449.56,2,0.15,61.11
304,US-2024-100303,07/04/2024,07/09/2024,Standard Class,CU-1033,Customer 108,Home Office,United States,Houston,Texas,92511,West,OFF-BI-10303,Office Supplies,Binders,Acco Binder,383.04,9,0.0,156.02
305,US-2024-100304,10/24/2024,10/31/2024,Standard Class,CU-1078,Customer 13,Corporate,United States,Miami,Florida,53478,East,TEC-CO-10304,Technology,Copiers,Canon Copier,759.4,4,0.2,123.04
306,US-2023-100305,08/22/2023,08/25/2023,Same Day,CU-1198,Customer 231,Home Office,United States,Atlanta,Georgia,63011,South,FUR-BO-10305,Furniture,Bookcases,Sauder Bookcase,943.95,3,0.1,210.18
307,US-2023-100306,03/06/2023,03/13/2023,Standard Class,CU-1037,Customer 184,Home Office,United States,Atlanta,Georgia,23911,Central,OFF-LA-10306,Office Supplies,Labels,Hon Labels,9.74,2,0.2,0.74
308,US-2024-100307,01/26/2024,01/30/2024,Standard Class,CU-1242,Customer 81,Home Office,United States,Philadelphia,Pennsylvania,38818,West,TEC-AC-10307,Technology,Accessories,Belkin Cable,691.8,2,0.1,179.12
309,US-2023-100308,01/12/2023,01/17/2023,Second Class,CU-1063,Customer 22,Consumer,United States,Columbus,Ohio,85067,South,TEC-CO-10308,Technology,Copiers,Konica Copier,1580.7,3,0.1,384.94
310,US-2023-100309,08/05/2023,08/09/2023,Second Class,CU-1082,Customer 95,Consumer,United States,Columbus,Ohio,90856,Central,TEC-PH-10309,Technology,Phones,Nokia Phone,248.24,4,0.3,12.65
311,US-2024-100310,04/17/2024,04/23/2024,Standard Class,CU-1148,Customer 35,Corporate,United States,Detroit,Michigan,22871,West,FUR-BO-10310,Furniture,Bookcases,O'Sullivan Bookcase,1198.5,10,0.0,459.73
312,US-2023-100311,04/13/2023,04/16/2023,Standard Class,CU-1099,Customer 163,Corporate,United States,Chicago,Illinois,69067,Central,TEC-CO-10311,Technology,Copiers,Konica Copier,2074.32,6,0.0,704.16
313,US-2023-100312,11/20/2023,11/24/2023,Second Class,CU-1002,Customer 161,Consumer,United States,Columbus,Ohio,39035,South,TEC-AC-10312,Technology,Accessories,Belkin Cable,6665.1,10,0.0,2089.91
314,US-2023-100313,11/09/2023,11/13/2023,Standard Class,CU-1089,Customer 42,Corporate,United States,Columbus,Ohio,28350,West,OFF-EN-10313,Office Supplies,Envelopes,Kraft Envelopes,92.46,6,0.15,15.24
315,US-2024-100314,08/18/2024,08/23/2024,Same Day,CU-1108,Customer 19,Home Office,United States,Los Angeles,California,44159,South,OFF-ST-10314,Office Supplies,Storage,SAFCO Storage Bin,73.46,2,0.0,28.15
316,US-2023-100315,10/25/2023,10/27/2023,Same Day,CU-1256,Customer 262,Consumer,United States,Atlanta,Georgia,62007,Central,TEC-MA-10315,Technology,Machines,Lexmark Printer,6028.89,7,0.0,2371.78
317,US-2023-100316,05/24/2023,05/28/2023,Second Class,CU-1091,Customer 290,Home Office,United States,Detroit,Michigan,96430,West,TEC-PH-10316,Technology,Phones,Samsung Galaxy,5056.4,10,0.3,155.76
318,US-2023-100317,03/06/2023,03/09/2023,First Class,CU-1119,Customer 22,Home Office,United States,Chicago,Illinois,37102,Central,TEC-CO-10317,Technology,Copiers,Konica Copier,283.61,1,0.0,102.54
319,US-2023-100318,04/16/2023,04/22/2023,First Class,CU-1134,Customer 297,Home Office,United States,Columbus,Ohio,84732,West,OFF-SU-10318,Office Supplies,Supplies,Fiskars Scissors,32.9,1,0.0,13.66
320,US-2024-100319,06/13/2024,06/16/2024,Same Day,CU-1114,Customer 265,Corporate,United States,New York City,New York,56255,Central,OFF-FA-10319,Office Supplies,Fasteners,Bostitch Stapler,150.3,10,0.3,8.48
321,US-2023-100320,03/20/2023,03/25/2023,First Class,CU-1108,Customer 77,Consumer,United States,Chicago,Illinois,30625,Central,OFF-SU-10320,Office Supplies,Supplies,Acme Scissors,240.39,9,0.0,67.98
322,US-2024-100321,11/22/2024,11/26/2024,Same Day,CU-1107,Customer 83,Home Office,United States,Philadelphia,Pennsylvania,63857,East,TEC-PH-10321,Technology,Phones,Samsung Galaxy,2063.11,7,0.1,517.93
323,US-2023-100322,02/10/2023,02/15/2023,Second Class,CU-1028,Customer 86,Corporate,United States,Detroit,Michigan,33597,South,FUR-BO-10322,Furniture,Bookcases,O'Sullivan Bookcase,2677.0,10,0.2,246.07
324,US-2024-100323,05/08/2024,05/10/2024,Second Class,CU-1210,Customer 74,Home Office,United States,Philadelphia,Pennsylvania,33839,Central,TEC-PH-10323,Technology,Phones,Nokia Phone,475.8,2,0.0,135.63
325,US-2024-100324,01/30/2024,02/01/2024,Standard Class,CU-1008,Customer 104,Home Office,United States,Miami,Florida,76107,South,FUR-TA-10324,Furniture,Tables,Bevis Table,2786.9,10,0.2,229.16
326,US-2024-100325,05/30/2024,06/06/2024,Standard Class,CU-1047,Customer 247,Home Office,United States,Detroit,Michigan,27082,East,FUR-BO-10325,Furniture,Bookcases,O'Sullivan Bookcase,1180.08,8,0.2,162.83
327,US-2023-100326,08/23/2023,08/30/2023,Same Day,CU-1195,Customer 180,Home Office,United States,Miami,Florida,85513,East,TEC-CO-10326,Technology,Copiers,Konica Copier,3675.84,6,0.0,1271.56
328,US-2023-100327,10/18/2023,10/23/2023,Same Day,CU-1131,Customer 97,Consumer,United States,New York City,New York,10932,East,OFF-AR-10327,Office Supplies,Art,BIC Markers,153.6,8,0.0,61.13
329,US-2024-100328,01/06/2024,01/07/2024,Second Class,CU-1218,Customer 300,Corporate,United States,Miami,Florida,44249,South,TEC-PH-10328,Technology,Phones,Cisco Phone,141.76,4,0.3,7.53
330,US-2024-100329,02/28/2024,03/04/2024,Same Day,CU-1091,Customer 190,Home Office,United States,Chicago,Illinois,82733,South,TEC-AC-10329,Technology,Accessories,Belkin Cable,674.6,5,0.3,26.25
331,US-2024-100330,11/06/2024,11/07/2024,Second Class,CU-1228,Customer 83,Consumer,United States,Houston,Texas,38109,South,OFF-PA-10330,Office Supplies,Paper,Boise Paper,152.16,6,0.3,5.92
332,US-2023-100331,05/29/2023,06/02/2023,Same Day,CU-1045,Customer 33,Corporate,United States,New York City,New York,39067,Central,OFF-LA-10331,Office Supplies,Labels,Avery Labels,514.78,7,0.3,12.96
333,US-2024-100332,09/03/2024,09/04/2024,Second Class,CU-1253,Customer 225,Consumer,United States,Seattle,Washington,36438,Central,FUR-BO-10332,Furniture,Bookcases,Hon Bookcase,2610.23,7,0.2,375.61
334,US-2023-100333,09/02/2023,09/08/2023,Standard Class,CU-1080,Customer 45,Corporate,United States,Columbus,Ohio,62354,Central,FUR-BO-10333,Furniture,Bookcases,O'Sullivan Bookcase,164.6,10,0.0,55.99
335,US-2023-100334,04/03/2023,04/08/2023,First Class,CU-1286,Customer 299,Corporate,United States,New York City,New York,55544,Central,TEC-CO-10334,Technology,Copiers,Konica Copier,787.6,10,0.0,237.73
336,US-2024-100335,02/21/2024,02/26/2024,Standard Class,CU-1286,Customer 38,Home Office,United States,Houston,Texas,48568,Central,FUR-CH-10335,Furniture,Chairs,Novimex Chair,3169.46,7,0.2,239.26
337,US-2023-100336,12/14/2023,12/21/2023,Same Day,CU-1235,Customer 15,Corporate,United States,Chicago,Illinois,25239,Central,FUR-TA-10336,Furniture,Tables,Chromcraft Table,2624.32,8,0.15,469.34
338,US-2024-100337,06/12/2024,06/17/2024,Standard Class,CU-1134,Customer 128,Corporate,United States,Columbus,Ohio,22190,South,FUR-FU-10337,Furniture,Furnishings,Tenex Lamp,3326.36,4,0.1,655.87
339,US-2023-100338,08/12/2023,08/17/2023,First Class,CU-1093,Customer 98,Corporate,United States,Columbus,Ohio,36170,West,TEC-AC-10338,Technology,Accessories,Logitech Mouse,2054.16,9,0.0,599.31
340,US-2024-100339,09/25/2024,09/28/2024,Second Class,CU-1054,Customer 62,Consumer,United States,Chicago,Illinois,98580,South,TEC-MA-10339,Technology,Machines,Lexmark Printer,634.12,4,0.0,142.47
341,US-2024-100340,08/11/2024,08/18/2024,First Class,CU-1251,Customer 94,Home Office,United States,Philadelphia,Pennsylvania,46735,South,TEC-PH-10340,Technology,Phones,Apple iPhone,2817.28,8,0.1,658.16
342,US-2023-100341,02/03/2023,02/08/2023,First Class,CU-1201,Customer 90,Corporate,United States,Detroit,Michigan,25776,South,FUR-CH-10341,Furniture,Chairs,Hon Executive Chair,1263.33,9,0.15,210.93
343,US-2024-100342,01/06/2024,01/11/2024,First Class,CU-1095,Customer 281,Corporate,United States,Columbus,Ohio,41082,Central,OFF-LA-10342,Office Supplies,Labels,Avery Labels,203.8,4,0.15,36.96
344,US-2024-100343,01/17/2024,01/20/2024,Same Day,CU-1143,Customer 231,Consumer,United States,Miami,Florida,84895,West,OFF-EN-10343,Office Supplies,Envelopes,Poly Envelopes,49.11,3,0.15,7.83
345,US-2023-100344,07/20/2023,07/22/2023,Second Class,CU-1242,Customer 5,Consumer,United States,Miami,Florida,65249,South,TEC-MA-10344,Technology,Machines,Cubify Printer,1341.95,5,0.0,417.42
346,US-2023-100345,02/18/2023,02/22/2023,Standard Class,CU-1083,Customer 31,Consumer,United States,Atlanta,Georgia,43330,South,FUR-TA-10345,Furniture,Tables,Bevis Table,434.7,5,0.1,97.1
347,US-2024-100346,07/24/2024,07/31/2024,First Class,CU-1176,Customer 11,Corporate,United States,Detroit,Michigan,25890,Central,TEC-PH-10346,Technology,Phones,Cisco Phone,3416.88,6,0.1,642.95
348,US-2023-100347,10/19/2023,10/22/2023,First Class,CU-1261,Customer 250,Home Office,United States,Houston,Texas,68580,East,TEC-MA-10347,Technology,Machines,HP Printer,1474.2,10,0.3,70.35
349,US-2024-100348,03/07/2024,03/13/2024,Same Day,CU-1036,Customer 41,Consumer,United States,Columbus,Ohio,55039,West,OFF-PA-10348,Office Supplies,Paper,HP Paper,101.67,3,0.0,33.75
350,US-2024-100349,03/31/2024,04/07/2024,First Class,CU-1300,Customer 267,Corporate,United States,Seattle,Washington,64262,West,OFF-EN-10349,Office Supplies,Envelopes,Poly Envelopes,409.0,5,0.2,58.36
351,US-2023-100350,08/04/2023,08/06/2023,Same Day,CU-1052,Customer 49,Consumer,United States,New York City,New York,72021,East,FUR-BO-10350,Furniture,Bookcases,O'Sullivan Bookcase,131.76,4,0.3,4.45
352,US-2024-100351,11/01/2024,11/05/2024,First Class,CU-1117,Customer 127,Home Office,United States,New York City,New York,47247,South,FUR-FU-10351,Furniture,Furnishings,Eldon Desk Lamp,1110.04,2,0.1,258.83
353,US-2023-100352,11/30/2023,12/07/2023,Same Day,CU-1239,Customer 277,Corporate,United States,Columbus,Ohio,81898,South,TEC-MA-10352,Technology,Machines,Cubify Printer,3698.73,9,0.0,673.17
354,US-2023-100353,11/14/2023,11/17/2023,Same Day,CU-1276,Customer 117,Consumer,United States,Detroit,Michigan,67915,Central,FUR-CH-10353,Furniture,Chairs,Novimex Chair,743.8,10,0.15,128.89
355,US-2023-100354,05/20/2023,05/23/2023,First Class,CU-1240,Customer 274,Consumer,United States,Detroit,Michigan,74478,South,OFF-FA-10354,Office Supplies,Fasteners,Bostitch Stapler,81.54,3,0.1,10.34
356,US-2024-100355,07/15/2024,07/18/2024,Second Class,CU-1210,Customer 288,Corporate,United States,Los Angeles,California,61740,West,OFF-LA-10355,Office Supplies,Labels,Hon Labels,209.25,5,0.2,20.77
357,US-2024-100356,06/13/2024,06/20/2024,First Class,CU-1145,Customer 273,Corporate,United States,Chicago,Illinois,64120,West,FUR-FU-10356,Furniture,Furnishings,Deflecto Frame,420.16,4,0.1,58.34
358,US-2024-100357,04/08/2024,04/11/2024,Same Day,CU-1096,Customer 165,Consumer,United States,Atlanta,Georgia,29942,East,FUR-CH-10357,Furniture,Chairs,Global Task Chair,1470.25,5,0.0,486.71
359,US-2023-100358,01/09/2023,01/11/2023,Standard Class,CU-1077,Customer 8,Corporate,United States,Philadelphia,Pennsylvania,38467,Central,TEC-PH-10358,Technology,Phones,Samsung Galaxy,1874.22,2,0.1,322.57
360,US-2023-100359,12/05/2023,12/06/2023,Second Class,CU-1028,Customer 137,Corporate,United States,Los Angeles,California,19356,South,OFF-PA-10359,Office Supplies,Paper,HP Paper,98.1,6,0.15,19.38
361,US-2024-100360,01/30/2024,02/06/2024,Same Day,CU-1126,Customer 18,Consumer,United States,Chicago,Illinois,70402,East,FUR-CH-10360,Furniture,Chairs,Harbour Creations Chair,601.79,7,0.0,123.3
362,US-2023-100361,06/12/2023,06/18/2023,Standard Class,CU-1281,Customer 267,Consumer,United States,Columbus,Ohio,43202,South,TEC-MA-10361,Technology,Machines,Lexmark Printer,2113.3,7,0.3,123.93
363,US-2023-100362,04/26/2023,04/28/2023,Same Day,CU-1166,Customer 8,Consumer,United States,Chicago,Illinois,46188,East,TEC-AC-10362,Technology,Accessories,Logitech Mouse,2087.58,6,0.0,807.05
364,US-2024-100363,09/02/2024,09/04/2024,First Class,CU-1045,Customer 128,Consumer,United States,Philadelphia,Pennsylvania,75525,East,OFF-BI-10363,Office Supplies,Binders,GBC Binder,52.74,1,0.2,8.29
365,US-2024-100364,07/03/2024,07/10/2024,Standard Class,CU-1064,Customer 250,Consumer,United States,Houston,Texas,51515,Central,TEC-AC-10364,Technology,Accessories,Belkin Cable,294.18,1,0.0,77.11
366,US-2023-100365,02/10/2023,02/14/2023,Same Day,CU-1286,Customer 151,Home Office,United States,Seattle,Washington,74237,West,OFF-BI-10365,Office Supplies,Binders,GBC Binder,123.27,7,0.1,31.04
367,US-2024-100366,09/05/2024,09/12/2024,Second Class,CU-1035,Customer 272,Consumer,United States,Seattle,Washington,68901,Central,TEC-MA-10366,Technology,Machines,HP Printer,806.1,6,0.1,204.08
368,US-2023-100367,01/20/2023,01/25/2023,First Class,CU-1122,Customer 165,Home Office,United States,Houston,Texas,18302,South,OFF-EN-10367,Office Supplies,Envelopes,Poly Envelopes,4.7,1,0.3,0.2
369,US-2023-100368,04/24/2023,04/25/2023,Standard Class,CU-1022,Customer 67,Consumer,United States,Columbus,Ohio,14099,West,FUR-FU-10368,Furniture,Furnishings,Tenex Lamp,618.0,10,0.1,112.14
370,US-2024-100369,11/04/2024,11/08/2024,First Class,CU-1025,Customer 188,Consumer,United States,Miami,Florida,89423,East,FUR-FU-10369,Furniture,Furnishings,Tenex Lamp,122.88,2,0.0,38.69
371,US-2024-100370,01/05/2024,01/10/2024,Same Day,CU-1188,Customer 30,Home Office,United States,Los Angeles,California,44840,East,FUR-CH-10370,Furniture,Chairs,Novimex Chair,338.38,2,0.15,71.78
372,US-2023-100371,04/14/2023,04/20/2023,Second Class,CU-1272,Customer 198,Consumer,United States,New York City,New York,35312,West,TEC-PH-10371,Technology,Phones,Nokia Phone,152.74,2,0.0,62.68
373,US-2024-100372,01/02/2024,01/08/2024,Same Day,CU-1218,Customer 54,Consumer,United States,Atlanta,Georgia,33644,South,TEC-MA-10372,Technology,Machines,HP Printer,2875.59,9,0.15,587.93
374,US-2023-100373,12/27/2023,12/30/2023,First Class,CU-1190,Customer 212,Home Office,United States,Philadelphia,Pennsylvania,66438,Central,TEC-AC-10373,Technology,Accessories,Belkin Cable,3224.73,3,0.2,579.92
375,US-2023-100374,09/18/2023,09/21/2023,Same Day,CU-1229,Customer 204,Consumer,United States,Detroit,Michigan,14543,Central,TEC-MA-10374,Technology,Machines,HP Printer,6453.18,9,0.0,1722.29
376,US-2023-100375,08/08/2023,08/15/2023,First Class,CU-1011,Customer 142,Home Office,United States,Chicago,Illinois,77013,West,TEC-PH-10375,Technology,Phones,Samsung Galaxy,1343.1,5,0.0,333.87
377,US-2024-100376,08/19/2024,08/21/2024,Second Class,CU-1131,Customer 154,Consumer,United States,Columbus,Ohio,84774,South,FUR-BO-10376,Furniture,Bookcases,Hon Bookcase,5763.84,6,0.0,1204.12
378,US-2023-100377,06/27/2023,07/01/2023,Standard Class,CU-1153,Customer 20,Home Office,United States,Philadelphia,Pennsylvania,85534,South,TEC-MA-10377,Technology,Machines,HP Printer,697.72,2,0.3,25.37
379,US-2023-100378,08/21/2023,08/27/2023,Standard Class,CU-1195,Customer 28,Corporate,United States,New York City,New York,78731,East,FUR-BO-10378,Furniture,Bookcases,Bush Bookcase,1451.76,6,0.15,229.83
380,US-2024-100379,11/20/2024,11/26/2024,Same Day,CU-1228,Customer 295,Home Office,United States,Los Angeles,California,21807,West,OFF-AR-10379,Office Supplies,Art,BIC Markers,200.79,9,0.3,6.57
381,US-2024-100380,08/08/2024,08/14/2024,Standard Class,CU-1280,Customer 205,Corporate,United States,Philadelphia,Pennsylvania,21151,South,OFF-PA-10380,Office Supplies,Paper,HP Paper,73.11,3,0.0,18.82
382,US-2024-100381,02/09/2024,02/15/2024,Second Class,CU-1287,Customer 269,Consumer,United States,Philadelphia,Pennsylvania,41760,East,TEC-CO-10381,Technology,Copiers,Canon Copier,635.37,3,0.15,113.29
383,US-2024-100382,03/09/2024,03/12/2024,First Class,CU-1097,Customer 165,Corporate,United States,Miami,Florida,87840,East,OFF-FA-10382,Office Supplies,Fasteners,Bostitch Stapler,203.8,10,0.0,41.28
384,US-2023-100383,02/15/2023,02/22/2023,Second Class,CU-1102,Customer 192,Consumer,United States,Philadelphia,Pennsylvania,21247,East,OFF-AR-10383,Office Supplies,Art,BIC Markers,669.0,10,0.15,125.27
385,US-2023-100384,01/15/2023,01/18/2023,Standard Class,CU-1156,Customer 231,Corporate,United States,Seattle,Washington,12981,Central,TEC-PH-10384,Technology,Phones,Samsung Galaxy,7696.9,10,0.0,2985.2
386,US-2024-100385,05/09/2024,05/14/2024,Second Class,CU-1009,Customer 193,Home Office,United States,Detroit,Michigan,96969,East,FUR-CH-10385,Furniture,Chairs,Global Task Chair,188.1,9,0.2,28.93
387,US-2023-100386,10/05/2023,10/06/2023,Same Day,CU-1004,Customer 35,Corporate,United States,Atlanta,Georgia,96556,Central,OFF-AR-10386,Office Supplies,Art,Newell Highlighters,32.25,5,0.0,11.88
388,US-2023-100387,08/25/2023,08/29/2023,Standard Class,CU-1161,Customer 249,Home Office,United States,Miami,Florida,79672,East,TEC-AC-10387,Technology,Accessories,Logitech Mouse,170.14,1,0.1,47.09
389,US-2024-100388,06/26/2024,06/29/2024,First Class,CU-1250,Customer 202,Home Office,United States,Chicago,Illinois,30578,East,FUR-CH-10388,Furniture,Chairs,Novimex Chair,3588.66,9,0.3,92.42
390,US-2023-100389,10/10/2023,10/17/2023,Standard Class,CU-1131,Customer 199,Consumer,United States,Detroit,Michigan,82737,Central,OFF-EN-10389,Office Supplies,Envelopes,Poly Envelopes,292.95,5,0.0,122.75
391,US-2024-100390,06/17/2024,06/23/2024,Second Class,CU-1213,Customer 124,Home Office,United States,Miami,Florida,30021,South,FUR-CH-10390,Furniture,Chairs,Harbour Creations Chair,2434.88,7,0.3,72.57
392,US-2024-100391,08/17/2024,08/22/2024,Second Class,CU-1070,Customer 159,Home Office,United States,Houston,Texas,78656,West,OFF-EN-10391,Office Supplies,Envelopes,Poly Envelopes,80.01,9,0.0,18.05
393,US-2024-100392,06/29/2024,07/05/2024,Standard Class,CU-1094,Customer 163,Consumer,United States,Detroit,Michigan,13864,Central,OFF-AR-10392,Office Supplies,Art,Sharpie Markers,161.6,10,0.0,40.85
394,US-2023-100393,06/05/2023,06/12/2023,Second Class,CU-1054,Customer 68,Consumer,United States,Seattle,Washington,13433,Central,OFF-FA-10393,Office Supplies,Fasteners,Bostitch Stapler,285.76,8,0.3,16.48
395,US-2023-100394,03/23/2023,03/29/2023,Same Day,CU-1068,Customer 258,Home Office,United States,Columbus,Ohio,71441,Central,TEC-MA-10394,Technology,Machines,HP Printer,1100.2,4,0.0,377.82
396,US-2023-100395,02/03/2023,02/07/2023,Standard Class,CU-1138,Customer 212,Consumer,United States,Chicago,Illinois,97993,West,FUR-FU-10395,Furniture,Furnishings,Deflecto Frame,1228.08,8,0.0,264.19
397,US-2024-100396,04/13/2024,04/15/2024,Same Day,CU-1207,Customer 22,Home Office,United States,Columbus,Ohio,59856,Central,FUR-BO-10396,Furniture,Bookcases,O'Sullivan Bookcase,1242.72,8,0.2,157.13
398,US-2023-100397,09/09/2023,09/14/2023,Same Day,CU-1020,Customer 286,Corporate,United States,Los Angeles,California,77649,East,OFF-LA-10397,Office Supplies,Labels,Smead Labels,109.68,2,0.15,17.98
399,US-2024-100398,04/17/2024,04/19/2024,Same Day,CU-1150,Customer 28,Home Office,United States,Seattle,Washington,77760,West,FUR-TA-10398,Furniture,Tables,Bevis Table,2236.15,7,0.1,582.28
400,US-2024-100399,07/13/2024,07/15/2024,Same Day,CU-1211,Customer 166,Corporate,United States,Atlanta,Georgia,13265,West,OFF-SU-10399,Office Supplies,Supplies,Acme Scissors,175.23,9,0.0,38.38
401,US-2023-100400,05/07/2023,05/08/2023,Standard Class,CU-1230,Customer 186,Consumer,United States,Houston,Texas,78657,South,OFF-BI-10400,Office Supplies,Binders,Wilson Jones Binder,63.72,2,0.1,11.58
402,US-2023-100401,12/10/2023,12/15/2023,Second Class,CU-1083,Customer 75,Consumer,United States,Houston,Texas,16725,South,TEC-MA-10401,Technology,Machines,Lexmark Printer,930.69,9,0.15,98.79
403,US-2023-100402,05/15/2023,05/17/2023,Standard Class,CU-1129,Customer 7,Corporate,United States,New York City,New York,75225,South,OFF-PA-10402,Office Supplies,Paper,Boise Paper,129.44,8,0.1,30.37
404,US-2024-100403,04/09/2024,04/13/2024,Same Day,CU-1040,Customer 4,Consumer,United States,Philadelphia,Pennsylvania,81741,Central,TEC-PH-10403,Technology,Phones,Cisco Phone,2736.68,4,0.0,873.74
405,US-2023-100404,02/07/2023,02/09/2023,Standard Class,CU-1295,Customer 153,Corporate,United States,Columbus,Ohio,21495,East,TEC-MA-10404,Technology,Machines,Cubify Printer,213.93,3,0.0,40.32
406,US-2024-100405,08/09/2024,08/16/2024,Second Class,CU-1233,Customer 297,Corporate,United States,Atlanta,Georgia,14697,East,FUR-FU-10405,Furniture,Furnishings,Tenex Lamp,966.69,3,0.3,33.79
407,US-2023-100406,03/08/2023,03/11/2023,Same Day,CU-1068,Customer 63,Home Office,United States,Detroit,Michigan,45968,Central,OFF-EN-10406,Office Supplies,Envelopes,Poly Envelopes,17.29,7,0.0,6.24
408,US-2024-100407,10/06/2024,10/11/2024,Standard Class,CU-1247,Customer 148,Corporate,United States,Atlanta,Georgia,89802,Central,TEC-CO-10407,Technology,Copiers,Canon Copier,3964.92,4,0.2,321.59
409,US-2024-100408,05/19/2024,05/26/2024,Second Class,CU-1119,Customer 149,Consumer,United States,Philadelphia,Pennsylvania,10207,East,OFF-EN-10408,Office Supplies,Envelopes,Kraft Envelopes,158.6,10,0.2,20.16
410,US-2023-100409,02/16/2023,02/19/2023,First Class,CU-1286,Customer 109,Consumer,United States,Miami,Florida,93967,West,FUR-FU-10409,Furniture,Furnishings,Eldon Desk Lamp,1118.44,4,0.2,201.2
411,US-2023-100410,11/28/2023,12/05/2023,Standard Class,CU-1058,Customer 171,Corporate,United States,Detroit,Michigan,61910,East,TEC-AC-10410,Technology,Accessories,Kensington Keyboard,727.42,2,0.1,129.15
412,US-2023-100411,02/06/2023,02/12/2023,Second Class,CU-1246,Customer 80,Home Office,United States,Philadelphia,Pennsylvania,70374,Central,FUR-CH-10411,Furniture,Chairs,Harbour Creations Chair,1401.24,6,0.3,58.53
413,US-2024-100412,07/22/2024,07/27/2024,Standard Class,CU-1106,Customer 296,Home Office,United States,Columbus,Ohio,53479,Central,OFF-FA-10412,Office Supplies,Fasteners,Staples Fasteners,283.05,9,0.1,63.36
414,US-2023-100413,06/19/2023,06/24/2023,Same Day,CU-1095,Customer 60,Corporate,United States,Detroit,Michigan,51222,East,FUR-CH-10413,Furniture,Chairs,Harbour Creations Chair,36.28,1,0.1,10.78
415,US-2023-100414,08/10/2023,08/15/2023,First Class,CU-1089,Customer 58,Corporate,United States,Seattle,Washington,14901,West,OFF-FA-10414,Office Supplies,Fasteners,Staples Fasteners,227.68,8,0.0,60.57
416,US-2024-100415,05/10/2024,05/16/2024,First Class,CU-1167,Customer 74,Consumer,United States,Columbus,Ohio,77652,West,FUR-FU-10415,Furniture,Furnishings,Eldon Desk Lamp,1440.24,8,0.2,131.32
417,US-2023-100416,01/05/2023,01/08/2023,Standard Class,CU-1044,Customer 171,Corporate,United States,New York City,New York,16047,East,FUR-BO-10416,Furniture,Bookcases,Hon Bookcase,929.67,7,0.3,51.38
418,US-2023-100417,11/25/2023,11/27/2023,Second Class,CU-1146,Customer 142,Home Office,United States,Chicago,Illinois,51831,South,TEC-AC-10417,Technology,Accessories,Logitech Mouse,1700.5,10,0.1,402.68
419,US-2024-100418,09/29/2024,10/04/2024,Standard Class,CU-1105,Customer 278,Corporate,United States,Los Angeles,California,82006,Central,TEC-PH-10418,Technology,Phones,Nokia Phone,1159.5,3,0.0,280.65
420,US-2023-100419,11/15/2023,11/20/2023,First Class,CU-1276,Customer 228,Consumer,United States,New York City,New York,27049,East,OFF-AR-10419,Office Supplies,Art,Sharpie Markers,52.2,5,0.2,5.26
421,US-2023-100420,07/03/2023,07/09/2023,Same Day,CU-1182,Customer 160,Corporate,United States,Miami,Florida,35971,East,OFF-LA-10420,Office Supplies,Labels,Avery Labels,354.83,7,0.0,69.58
422,US-2024-100421,04/26/2024,04/28/2024,Second Class,CU-1073,Customer 133,Corporate,United States,Philadelphia,Pennsylvania,61390,West,OFF-AR-10421,Office Supplies,Art,Newell Highlighters,282.48,8,0.0,80.96
423,US-2023-100422,04/26/2023,04/29/2023,Same Day,CU-1236,Customer 88,Corporate,United States,Philadelphia,Pennsylvania,55693,West,TEC-AC-10422,Technology,Accessories,Kensington Keyboard,3231.28,8,0.15,336.82
424,US-2023-100423,11/06/2023,11/11/2023,Same Day,CU-1205,Customer 212,Consumer,United States,New York City,New York,91379,West,TEC-PH-10423,Technology,Phones,Cisco Phone,1313.78,2,0.1,292.09
425,US-2024-100424,03/17/2024,03/24/2024,Same Day,CU-1290,Customer 176,Home Office,United States,Atlanta,Georgia,40953,West,TEC-MA-10424,Technology,Machines,Lexmark Printer,337.05,7,0.0,87.12
426,US-2024-100425,07/22/2024,07/23/2024,Same Day,CU-1090,Customer 158,Corporate,United States,Columbus,Ohio,19123,East,TEC-PH-10425,Technology,Phones,Cisco Phone,200.16,2,0.2,27.54
427,US-2023-100426,08/11/2023,08/18/2023,Second Class,CU-1297,Customer 1,Consumer,United States,New York City,New York,96623,West,TEC-CO-10426,Technology,Copiers,Konica Copier,3885.2,8,0.3,186.9
428,US-2024-100427,11/28/2024,12/01/2024,First Class,CU-1291,Customer 156,Corporate,United States,Chicago,Illinois,55123,East,OFF-PA-10427,Office Supplies,Paper,HP Paper,134.2,10,0.2,16.37
429,US-2023-100428,02/24/2023,02/25/2023,First Class,CU-1056,Customer 145,Consumer,United States,Detroit,Michigan,40833,South,TEC-PH-10428,Technology,Phones,Cisco Phone,597.18,3,0.1,81.17
430,US-2023-100429,08/05/2023,08/11/2023,Second Class,CU-1243,Customer 72,Consumer,United States,Detroit,Michigan,82800,South,TEC-CO-10429,Technology,Copiers,Konica Copier,602.56,7,0.15,92.44
431,US-2023-100430,03/15/2023,03/21/2023,Standard Class,CU-1073,Customer 250,Home Office,United States,Los Angeles,California,67243,West,OFF-FA-10430,Office Supplies,Fasteners,Staples Fasteners,52.3,5,0.3,1.54
432,US-2024-100431,09/30/2024,10/02/2024,Same Day,CU-1260,Customer 218,Home Office,United States,Miami,Florida,68988,South,FUR-CH-10431,Furniture,Chairs,Novimex Chair,3430.56,8,0.3,158.34
433,US-2023-100432,08/31/2023,09/06/2023,First Class,CU-1210,Customer 280,Home Office,United States,Philadelphia,Pennsylvania,58099,East,OFF-BI-10432,Office Supplies,Binders,Avery Binder,250.74,7,0.2,19.0
434,US-2023-100433,05/26/2023,06/01/2023,First Class,CU-1238,Customer 265,Consumer,United States,New York City,New York,78597,East,FUR-FU-10433,Furniture,Furnishings,Advantus Frame,479.22,2,0.2,60.17
435,US-2023-100434,12/18/2023,12/23/2023,Standard Class,CU-1240,Customer 233,Home Office,United States,Los Angeles,California,71503,Central,FUR-FU-10434,Furniture,Furnishings,Eldon Desk Lamp,1157.04,9,0.2,124.74
436,US-2023-100435,11/08/2023,11/14/2023,First Class,CU-1031,Customer 243,Home Office,United States,Atlanta,Georgia,32161,East,OFF-EN-10435,Office Supplies,Envelopes,Poly Envelopes,137.2,5,0.0,25.2
437,US-2023-100436,05/10/2023,05/15/2023,Standard Class,CU-1142,Customer 130,Consumer,United States,New York City,New York,90713,Central,TEC-AC-10436,Technology,Accessories,Belkin Cable,7268.4,10,0.0,1782.72
438,US-2023-100437,06/04/2023,06/10/2023,Same Day,CU-1189,Customer 90,Corporate,United States,Atlanta,Georgia,40958,South,OFF-PA-10437,Office Supplies,Paper,Xerox Paper,27.42,2,0.2,2.56
439,US-2024-100438,05/22/2024,05/29/2024,Same Day,CU-1196,Customer 122,Home Office,United States,Houston,Texas,67695,West,FUR-BO-10438,Furniture,Bookcases,Bush Bookcase,405.48,2,0.0,130.12
440,US-2024-100439,02/13/2024,02/17/2024,First Class,CU-1243,Customer 273,Consumer,United States,Philadelphia,Pennsylvania,59781,South,FUR-TA-10439,Furniture,Tables,Bretford Conference Table,3223.3,5,0.0,605.56
441,US-2024-100440,01/27/2024,02/02/2024,First Class,CU-1271,Customer 22,Consumer,United States,Philadelphia,Pennsylvania,79637,Central,OFF-PA-10440,Office Supplies,Paper,Xerox Paper,372.24,9,0.15,37.84
442,US-2024-100441,11/01/2024,11/06/2024,Same Day,CU-1236,Customer 124,Home Office,United States,Seattle,Washington,98065,West,OFF-PA-10441,Office Supplies,Paper,HP Paper,78.05,5,0.1,20.71
443,US-2023-100442,03/11/2023,03/12/2023,Same Day,CU-1050,Customer 269,Consumer,United States,Los Angeles,California,99849,South,TEC-AC-10442,Technology,Accessories,Belkin Cable,1563.12,3,0.1,345.19
444,US-2023-100443,04/05/2023,04/06/2023,Second Class,CU-1062,Customer 62,Consumer,United States,Atlanta,Georgia,89257,West,OFF-BI-10443,Office Supplies,Binders,Acco Binder,26.25,5,0.0,4.81
445,US-2024-100444,10/16/2024,10/20/2024,First Class,CU-1218,Customer 166,Corporate,United States,New York City,New York,31229,East,OFF-AR-10444,Office Supplies,Art,Newell Highlighters,70.77,3,0.1,12.49
446,US-2023-100445,09/29/2023,10/01/2023,Same Day,CU-1035,Customer 252,Consumer,United States,Seattle,Washington,89993,South,OFF-LA-10445,Office Supplies,Labels,Hon Labels,273.35,7,0.1,81.81
447,US-2024-100446,09/20/2024,09/26/2024,Standard Class,CU-1226,Customer 133,Consumer,United States,Chicago,Illinois,14569,East,FUR-FU-10446,Furniture,Furnishings,Eldon Desk Lamp,827.73,3,0.2,128.89
448,US-2023-100447,02/08/2023,02/14/2023,Same Day,CU-1136,Customer 78,Home Office,United States,Los Angeles,California,53231,South,FUR-TA-10447,Furniture,Tables,Bevis Table,323.22,1,0.15,39.06
449,US-2024-100448,07/07/2024,07/09/2024,Standard Class,CU-1196,Customer 247,Consumer,United States,New York City,New York,84349,Central,TEC-PH-10448,Technology,Phones,Cisco Phone,4786.72,8,0.15,749.35
450,US-2024-100449,01/10/2024,01/15/2024,First Class,CU-1041,Customer 236,Corporate,United States,New York City,New York,94907,West,OFF-PA-10449,Office Supplies,Paper,HP Paper,34.99,1,0.3,2.1
451,US-2024-100450,10/07/2024,10/13/2024,First Class,CU-1249,Customer 44,Home Office,United States,New York City,New York,67407,West,FUR-BO-10450,Furniture,Bookcases,Hon Bookcase,1142.56,4,0.1,281.96
452,US-2024-100451,05/15/2024,05/19/2024,Standard Class,CU-1276,Customer 158,Corporate,United States,Chicago,Illinois,79984,South,FUR-BO-10451,Furniture,Bookcases,O'Sullivan Bookcase,243.68,1,0.3,14.59
453,US-2024-100452,02/20/2024,02/21/2024,Second Class,CU-1267,Customer 235,Home Office,United States,Los Angeles,California,80328,West,FUR-BO-10452,Furniture,Bookcases,Bush Bookcase,78.04,1,0.1,20.51
454,US-2024-100453,04/27/2024,05/02/2024,Standard Class,CU-1124,Customer 67,Consumer,United States,Los Angeles,California,32577,East,TEC-MA-10453,Technology,Machines,Cubify Printer,685.9,1,0.3,20.55
455,US-2023-100454,04/19/2023,04/20/2023,Same Day,CU-1112,Customer 33,Consumer,United States,New York City,New York,65864,Central,OFF-ST-10454,Office Supplies,Storage,Iris Storage Box,242.4,10,0.0,92.03
456,US-2023-100455,11/26/2023,12/03/2023,Second Class,CU-1023,Customer 89,Corporate,United States,Houston,Texas,18286,East,TEC-CO-10455,Technology,Copiers,Konica Copier,1084.16,2,0.3,48.96
457,US-2024-100456,03/25/2024,03/27/2024,Standard Class,CU-1068,Customer 52,Home Office,United States,Houston,Texas,90273,South,OFF-AR-10456,Office Supplies,Art,BIC Markers,143.79,3,0.3,5.46
458,US-2024-100457,10/29/2024,11/03/2024,First Class,CU-1213,Customer 244,Home Office,United States,New York City,New York,26632,West,FUR-BO-10457,Furniture,Bookcases,Hon Bookcase,271.32,2,0.0,47.96
459,US-2023-100458,02/08/2023,02/13/2023,Second Class,CU-1255,Customer 46,Home Office,United States,Atlanta,Georgia,49478,Central,FUR-TA-10458,Furniture,Tables,Bevis Table,1020.53,7,0.0,413.14
460,US-2023-100459,04/08/2023,04/13/2023,First Class,CU-1276,Customer 260,Consumer,United States,Detroit,Michigan,70845,West,OFF-LA-10459,Office Supplies,Labels,Smead Labels,77.92,4,0.0,15.88
461,US-2024-100460,05/24/2024,05/26/2024,Second Class,CU-1022,Customer 28,Home Office,United States,Philadelphia,Pennsylvania,57735,Central,OFF-LA-10460,Office Supplies,Labels,Avery Labels,116.1,2,0.0,39.81
462,US-2023-100461,02/14/2023,02/15/2023,Standard Class,CU-1275,Customer 91,Consumer,United States,Philadelphia,Pennsylvania,13809,South,FUR-FU-10461,Furniture,Furnishings,Advantus Frame,568.5,6,0.2,90.7
463,US-2023-100462,11/30/2023,12/04/2023,Second Class,CU-1166,Customer 118,Consumer,United States,Atlanta,Georgia,52746,West,TEC-PH-10462,Technology,Phones,Apple iPhone,3455.64,4,0.3,140.19
464,US-2024-100463,04/27/2024,05/02/2024,Same Day,CU-1027,Customer 224,Consumer,United States,New York City,New York,38333,South,FUR-CH-10463,Furniture,Chairs,Novimex Chair,966.76,4,0.15,217.32
465,US-2023-100464,10/04/2023,10/06/2023,First Class,CU-1065,Customer 17,Home Office,United States,Columbus,Ohio,84536,East,FUR-FU-10464,Furniture,Furnishings,Advantus Frame,763.41,3,0.15,153.27
466,US-2023-100465,08/14/2023,08/17/2023,Second Class,CU-1087,Customer 296,Home Office,United States,Columbus,Ohio,40107,East,OFF-AR-10465,Office Supplies,Art,Newell Highlighters,371.92,8,0.15,58.97
467,US-2023-100466,01/15/2023,01/21/2023,Same Day,CU-1126,Customer 127,Corporate,United States,Seattle,Washington,66917,West,OFF-SU-10466,Office Supplies,Supplies,Acme Scissors,266.3,10,0.15,57.83
468,US-2024-100467,04/26/2024,05/02/2024,Standard Class,CU-1217,Customer 272,Corporate,United States,Los Angeles,California,72818,East,TEC-MA-10467,Technology,Machines,HP Printer,691.06,1,0.15,163.94
469,US-2023-100468,08/12/2023,08/14/2023,First Class,CU-1151,Customer 123,Home Office,United States,Miami,Florida,21892,East,OFF-SU-10468,Office Supplies,Supplies,Acme Scissors,32.52,2,0.2,5.01
470,US-2024-100469,04/10/2024,04/14/2024,Second Class,CU-1207,Customer 95,Corporate,United States,Los Angeles,California,92157,South,OFF-PA-10469,Office Supplies,Paper,Xerox Paper,507.44,8,0.2,77.87
471,US-2023-100470,10/31/2023,11/04/2023,First Class,CU-1277,Customer 295,Consumer,United States,Los Angeles,California,99740,East,TEC-PH-10470,Technology,Phones,Apple iPhone,1617.21,7,0.3,59.27
472,US-2023-100471,02/22/2023,02/23/2023,Same Day,CU-1187,Customer 239,Home Office,United States,Columbus,Ohio,15357,Central,TEC-AC-10471,Technology,Accessories,Belkin Cable,867.03,1,0.2,151.09
473,US-2023-100472,05/22/2023,05/25/2023,Second Class,CU-1276,Customer 59,Home Office,United States,Chicago,Illinois,72717,West,OFF-AR-10472,Office Supplies,Art,Sharpie Markers,159.39,9,0.3,4.36
474,US-2023-100473,10/11/2023,10/12/2023,Standard Class,CU-1190,Customer 177,Corporate,United States,Miami,Florida,73730,East,TEC-MA-10473,Technology,Machines,Lexmark Printer,1594.44,6,0.1,339.81
475,US-2023-100474,07/12/2023,07/16/2023,Standard Class,CU-1041,Customer 201,Consumer,United States,New York City,New York,47797,East,OFF-PA-10474,Office Supplies,Paper,HP Paper,101.6,10,0.1,26.92
476,US-2023-100475,07/29/2023,08/03/2023,Standard Class,CU-1150,Customer 214,Home Office,United States,Houston,Texas,80966,West,FUR-CH-10475,Furniture,Chairs,Harbour Creations Chair,214.74,2,0.3,6.48
477,US-2023-100476,07/13/2023,07/14/2023,Standard Class,CU-1118,Customer 267,Home Office,United States,Seattle,Washington,54024,South,OFF-EN-10476,Office Supplies,Envelopes,Poly Envelopes,194.64,8,0.3,9.26
478,US-2024-100477,07/15/2024,07/19/2024,Same Day,CU-1155,Customer 291,Consumer,United States,Detroit,Michigan,50172,West,TEC-AC-10477,Technology,Accessories,Belkin Cable,2385.24,6,0.15,436.67
479,US-2023-100478,06/01/2023,06/04/2023,First Class,CU-1233,Customer 86,Home Office,United States,Los Angeles,California,31075,Central,OFF-BI-10478,Office Supplies,Binders,Wilson Jones Binder,295.92,6,0.1,76.85
480,US-2024-100479,08/11/2024,08/13/2024,Same Day,CU-1133,Customer 190,Consumer,United States,Columbus,Ohio,36890,East,FUR-CH-10479,Furniture,Chairs,Global Task Chair,527.01,3,0.0,107.32
481,US-2024-100480,06/30/2024,07/03/2024,Standard Class,CU-1012,Customer 208,Corporate,United States,Houston,Texas,29055,South,TEC-AC-10480,Technology,Accessories,Kensington Keyboard,1326.42,3,0.1,269.89
482,US-2024-100481,04/30/2024,05/03/2024,Second Class,CU-1289,Customer 227,Corporate,United States,Seattle,Washington,24721,South,OFF-AR-10481,Office Supplies,Art,Newell Highlighters,255.24,9,0.2,28.02
483,US-2024-100482,04/01/2024,04/04/2024,Standard Class,CU-1167,Customer 29,Home Office,United States,Chicago,Illinois,94058,West,FUR-CH-10482,Furniture,Chairs,Hon Executive Chair,1491.7,5,0.0,407.83
484,US-2024-100483,11/24/2024,11/30/2024,Standard Class,CU-1262,Customer 202,Consumer,United States,Philadelphia,Pennsylvania,74286,Central,TEC-MA-10483,Technology,Machines,Lexmark Printer,777.2,4,0.0,151.93
485,US-2024-100484,01/14/2024,01/18/2024,First Class,CU-1006,Customer 146,Corporate,United States,Miami,Florida,56052,Central,TEC-PH-10484,Technology,Phones,Nokia Phone,1499.19,7,0.0,525.33
486,US-2023-100485,10/23/2023,10/25/2023,Same Day,CU-1212,Customer 72,Home Office,United States,Philadelphia,Pennsylvania,88372,East,OFF-ST-10485,Office Supplies,Storage,Fellowes Storage Box,116.64,8,0.3,6.97
487,US-2024-100486,08/27/2024,09/03/2024,Same Day,CU-1045,Customer 4,Corporate,United States,New York City,New York,93729,Central,FUR-CH-10486,Furniture,Chairs,Harbour Creations Chair,3721.12,8,0.2,664.58
488,US-2023-100487,07/24/2023,07/26/2023,Same Day,CU-1148,Customer 284,Corporate,United States,Houston,Texas,15535,Central,OFF-AR-10487,Office Supplies,Art,Sharpie Markers,510.64,8,0.3,22.92
489,US-2023-100488,01/03/2023,01/05/2023,First Class,CU-1153,Customer 242,Consumer,United States,Los Angeles,California,95696,Central,TEC-AC-10488,Technology,Accessories,Kensington Keyboard,1859.58,9,0.3,76.65
490,US-2024-100489,05/19/2024,05/20/2024,First Class,CU-1297,Customer 247,Home Office,United States,Seattle,Washington,67156,Central,OFF-AR-10489,Office Supplies,Art,BIC Markers,63.04,4,0.0,12.88
491,US-2023-100490,09/23/2023,09/25/2023,Standard Class,CU-1074,Customer 164,Corporate,United States,Los Angeles,California,27759,Central,TEC-CO-10490,Technology,Copiers,Canon Copier,3149.52,6,0.2,478.6
492,US-2023-100491,02/19/2023,02/22/2023,First Class,CU-1271,Customer 40,Home Office,United States,Columbus,Ohio,35403,West,FUR-BO-10491,Furniture,Bookcases,Bush Bookcase,3426.78,6,0.15,647.92
493,US-2024-100492,01/07/2024,01/08/2024,First Class,CU-1073,Customer 7,Consumer,United States,Seattle,Washington,77917,Central,FUR-CH-10492,Furniture,Chairs,Harbour Creations Chair,3919.74,6,0.3,207.73
494,US-2024-100493,05/30/2024,06/01/2024,Second Class,CU-1286,Customer 270,Home Office,United States,Houston,Texas,82235,East,OFF-SU-10493,Office Supplies,Supplies,Fiskars Scissors,89.46,6,0.0,17.9
495,US-2023-100494,12/23/2023,12/26/2023,First Class,CU-1071,Customer 227,Home Office,United States,Philadelphia,Pennsylvania,78566,Central,OFF-SU-10494,Office Supplies,Supplies,Acme Scissors,36.44,2,0.0,14.62
496,US-2023-100495,08/21/2023,08/24/2023,Second Class,CU-1107,Customer 67,Consumer,United States,Houston,Texas,65680,East,FUR-TA-10495,Furniture,Tables,Bretford Conference Table,515.9,2,0.0,106.55
497,US-2024-100496,11/06/2024,11/11/2024,Standard Class,CU-1240,Customer 61,Corporate,United States,Los Angeles,California,15672,East,FUR-BO-10496,Furniture,Bookcases,Hon Bookcase,1869.7,7,0.0,417.14
498,US-2023-100497,07/09/2023,07/15/2023,First Class,CU-1014,Customer 47,Consumer,United States,Chicago,Illinois,46356,Central,OFF-LA-10497,Office Supplies,Labels,Avery Labels,43.46,2,0.2,4.2
499,US-2023-100498,04/12/2023,04/19/2023,Standard Class,CU-1270,Customer 112,Home Office,United States,New York City,New York,35106,Central,OFF-AR-10498,Office Supplies,Art,Sharpie Markers,125.1,10,0.0,37.37
500,US-2024-100499,01/11/2024,01/17/2024,Second Class,CU-1225,Customer 55,Consumer,United States,Philadelphia,Pennsylvania,56507,South,FUR-BO-10499,Furniture,Bookcases,Sauder Bookcase,812.12,4,0.2,133.5
501,US-2023-100500,05/07/2023,05/11/2023,Standard Class,CU-1266,Customer 70,Corporate,United States,Columbus,Ohio,57349,Central,OFF-BI-10500,Office Supplies,Binders,Avery Binder,548.38,7,0.0,198.26
502,US-2024-100501,04/12/2024,04/17/2024,First Class,CU-1227,Customer 116,Home Office,United States,Seattle,Washington,63383,Central,TEC-PH-10501,Technology,Phones,Apple iPhone,1300.5,6,0.15,151.12
503,US-2024-100502,11/21/2024,11/25/2024,Standard Class,CU-1202,Customer 225,Home Office,United States,Los Angeles,California,96317,East,OFF-BI-10502,Office Supplies,Binders,GBC Binder,236.72,8,0.3,8.96
504,US-2023-100503,06/22/2023,06/23/2023,First Class,CU-1101,Customer 174,Consumer,United States,New York City,New York,87982,South,FUR-CH-10503,Furniture,Chairs,Novimex Chair,6580.28,7,0.3,300.52
505,US-2024-100504,08/30/2024,09/02/2024,Same Day,CU-1182,Customer 244,Home Office,United States,Atlanta,Georgia,89058,South,FUR-CH-10504,Furniture,Chairs,Novimex Chair,1070.96,8,0.1,277.21
506,US-2024-100505,05/24/2024,05/26/2024,Second Class,CU-1015,Customer 51,Home Office,United States,Philadelphia,Pennsylvania,16927,East,OFF-PA-10505,Office Supplies,Paper,Xerox Paper,325.36,8,0.0,66.68
507,US-2023-100506,11/07/2023,11/12/2023,Standard Class,CU-1039,Customer 267,Corporate,United States,Houston,Texas,71082,West,OFF-LA-10506,Office Supplies,Labels,Avery Labels,563.64,7,0.2,82.47
508,US-2024-100507,07/13/2024,07/14/2024,Standard Class,CU-1220,Customer 61,Corporate,United States,Detroit,Michigan,68997,Central,OFF-SU-10507,Office Supplies,Supplies,Fiskars Scissors,344.43,9,0.1,75.75
509,US-2023-100508,06/18/2023,06/22/2023,Same Day,CU-1068,Customer 160,Home Office,United States,Seattle,Washington,60997,South,OFF-SU-10508,Office Supplies,Supplies,Fiskars Scissors,53.2,1,0.0,11.62
510,US-2023-100509,02/27/2023,03/03/2023,First Class,CU-1253,Customer 194,Home Office,United States,Detroit,Michigan,98668,Central,FUR-FU-10509,Furniture,Furnishings,Deflecto Frame,2966.16,8,0.2,488.55
511,US-2023-100510,12/24/2023,12/31/2023,Standard Class,CU-1174,Customer 195,Consumer,United States,Columbus,Ohio,66118,Central,OFF-EN-10510,Office Supplies,Envelopes,Kraft Envelopes,36.17,1,0.2,2.88
512,US-2024-100511,10/25/2024,10/28/2024,Standard Class,CU-1033,Customer 157,Consumer,United States,Chicago,Illinois,54249,West,OFF-FA-10511,Office Supplies,Fasteners,Bostitch Stapler,62.45,1,0.3,2.1
513,US-2024-100512,06/11/2024,06/15/2024,First Class,CU-1010,Customer 241,Home Office,United States,Atlanta,Georgia,12914,Central,FUR-TA-10512,Furniture,Tables,Bretford Conference Table,2652.24,8,0.3,146.45
514,US-2024-100513,11/22/2024,11/24/2024,First Class,CU-1254,Customer 258,Home Office,United States,New York City,New York,54504,West,OFF-FA-10513,Office Supplies,Fasteners,Bostitch Stapler,219.0,10,0.0,81.7
515,US-2024-100514,07/02/2024,07/04/2024,First Class,CU-1135,Customer 25,Corporate,United States,New York City,New York,85172,South,TEC-AC-10514,Technology,Accessories,Kensington Keyboard,2608.69,7,0.0,774.14
516,US-2024-100515,06/27/2024,07/01/2024,Same Day,CU-1107,Customer 178,Consumer,United States,Atlanta,Georgia,95398,Central,FUR-BO-10515,Furniture,Bookcases,Sauder Bookcase,2736.7,10,0.1,473.01
517,US-2023-100516,09/15/2023,09/20/2023,Same Day,CU-1280,Customer 93,Consumer,United States,Miami,Florida,92292,West,TEC-AC-10516,Technology,Accessories,Kensington Keyboard,2175.66,9,0.1,348.13
518,US-2024-100517,09/21/2024,09/28/2024,Same Day,CU-1289,Customer 31,Home Office,United States,Detroit,Michigan,36299,Central,TEC-CO-10517,Technology,Copiers,Canon Copier,3081.2,8,0.1,890.48
519,US-2024-100518,03/21/2024,03/25/2024,First Class,CU-1032,Customer 105,Corporate,United States,Seattle,Washington,44987,Central,OFF-AR-10518,Office Supplies,Art,Newell Highlighters,77.73,3,0.3,3.81
520,US-2023-100519,06/03/2023,06/05/2023,Standard Class,CU-1125,Customer 159,Corporate,United States,New York City,New York,73620,South,TEC-MA-10519,Technology,Machines,Lexmark Printer,5293.2,10,0.0,1452.65
521,US-2023-100520,10/12/2023,10/18/2023,Second Class,CU-1021,Customer 249,Consumer,United States,Seattle,Washington,17251,East,OFF-LA-10520,Office Supplies,Labels,Avery Labels,283.95,3,0.1,42.27
522,US-2024-100521,02/11/2024,02/18/2024,Second Class,CU-1120,Customer 58,Home Office,United States,New York City,New York,75568,East,OFF-PA-10521,Office Supplies,Paper,Xerox Paper,211.05,7,0.1,51.19
523,US-2023-100522,12/04/2023,12/11/2023,Same Day,CU-1120,Customer 217,Consumer,United States,Columbus,Ohio,28910,East,TEC-AC-10522,Technology,Accessories,Kensington Keyboard,1858.08,2,0.0,598.22
524,US-2023-100523,02/27/2023,03/03/2023,First Class,CU-1057,Customer 163,Home Office,United States,Atlanta,Georgia,65545,South,FUR-CH-10523,Furniture,Chairs,Harbour Creations Chair,2581.12,8,0.15,350.01
525,US-2023-100524,11/12/2023,11/13/2023,Standard Class,CU-1027,Customer 123,Corporate,United States,Columbus,Ohio,82447,South,TEC-MA-10524,Technology,Machines,Lexmark Printer,1151.61,3,0.1,239.72
526,US-2023-100525,01/09/2023,01/13/2023,First Class,CU-1154,Customer 47,Consumer,United States,Miami,Florida,48983,West,OFF-EN-10525,Office Supplies,Envelopes,Kraft Envelopes,155.79,9,0.0,60.0
527,US-2024-100526,05/18/2024,05/22/2024,Same Day,CU-1170,Customer 217,Consumer,United States,New York City,New York,31016,Central,FUR-FU-10526,Furniture,Furnishings,Advantus Frame,1688.75,7,0.0,408.91
528,US-2023-100527,12/01/2023,12/05/2023,Standard Class,CU-1026,Customer 95,Home Office,United States,Detroit,Michigan,68117,West,TEC-PH-10527,Technology,Phones,Nokia Phone,2582.02,7,0.2,391.36
529,US-2023-100528,06/11/2023,06/13/2023,Second Class,CU-1210,Customer 164,Corporate,United States,New York City,New York,72700,West,FUR-FU-10528,Furniture,Furnishings,Tenex Lamp,572.7,5,0.1,129.3
530,US-2023-100529,03/28/2023,04/01/2023,First Class,CU-1093,Customer 202,Corporate,United States,Chicago,Illinois,84762,West,OFF-AR-10529,Office Supplies,Art,Sharpie Markers,156.6,10,0.1,41.49
531,US-2023-100530,02/20/2023,02/24/2023,Same Day,CU-1133,Customer 77,Consumer,United States,Houston,Texas,58224,West,FUR-BO-10530,Furniture,Bookcases,O'Sullivan Bookcase,550.66,2,0.15,70.35
532,US-2024-100531,11/20/2024,11/24/2024,Standard Class,CU-1114,Customer 105,Consumer,United States,Philadelphia,Pennsylvania,44891,Central,TEC-PH-10531,Technology,Phones,Apple iPhone,8306.64,9,0.15,1730.03
533,US-2023-100532,08/09/2023,08/16/2023,First Class,CU-1096,Customer 215,Consumer,United States,Atlanta,Georgia,63546,West,TEC-CO-10532,Technology,Copiers,Konica Copier,949.92,3,0.15,208.88
534,US-2024-100533,01/14/2024,01/19/2024,Same Day,CU-1043,Customer 6,Corporate,United States,Chicago,Illinois,27459,Central,FUR-TA-10533,Furniture,Tables,Chromcraft Table,204.56,4,0.2,25.03
535,US-2023-100534,09/20/2023,09/21/2023,Standard Class,CU-1285,Customer 31,Consumer,United States,Atlanta,Georgia,53628,West,TEC-CO-10534,Technology,Copiers,Canon Copier,931.49,7,0.3,37.09
536,US-2023-100535,11/06/2023,11/10/2023,First Class,CU-1067,Customer 287,Consumer,United States,Miami,Florida,86085,West,OFF-EN-10535,Office Supplies,Envelopes,Kraft Envelopes,41.38,1,0.1,8.83
537,US-2023-100536,04/02/2023,04/05/2023,Same Day,CU-1072,Customer 134,Consumer,United States,Houston,Texas,51060,East,OFF-AR-10536,Office Supplies,Art,Sharpie Markers,60.0,8,0.1,16.72
538,US-2024-100537,09/19/2024,09/26/2024,First Class,CU-1264,Customer 161,Corporate,United States,Seattle,Washington,31624,Central,FUR-FU-10537,Furniture,Furnishings,Advantus Frame,2299.32,6,0.15,321.01
539,US-2023-100538,02/24/2023,02/26/2023,Second Class,CU-1027,Customer 118,Consumer,United States,Philadelphia,Pennsylvania,14700,South,TEC-CO-10538,Technology,Copiers,Canon Copier,4778.82,9,0.3,225.96
540,US-2023-100539,02/11/2023,02/15/2023,First Class,CU-1287,Customer 249,Corporate,United States,Philadelphia,Pennsylvania,74616,East,OFF-AR-10539,Office Supplies,Art,Sharpie Markers,185.04,8,0.15,21.51
541,US-2023-100540,07/04/2023,07/11/2023,Second Class,CU-1260,Customer 140,Home Office,United States,Seattle,Washington,96918,West,TEC-MA-10540,Technology,Machines,Cubify Printer,1108.2,6,0.0,249.25
542,US-2024-100541,11/24/2024,11/25/2024,First Class,CU-1013,Customer 146,Home Office,United States,Philadelphia,Pennsylvania,99212,East,TEC-PH-10541,Technology,Phones,Samsung Galaxy,1923.95,7,0.0,452.72
543,US-2024-100542,11/06/2024,11/10/2024,Same Day,CU-1137,Customer 3,Corporate,United States,Philadelphia,Pennsylvania,15747,South,OFF-EN-10542,Office Supplies,Envelopes,Kraft Envelopes,194.76,6,0.0,35.46
544,US-2023-100543,03/14/2023,03/19/2023,Same Day,CU-1047,Customer 205,Corporate,United States,Los Angeles,California,33332,West,OFF-AR-10543,Office Supplies,Art,Newell Highlighters,7.75,1,0.3,0.27
545,US-2023-100544,10/19/2023,10/25/2023,Second Class,CU-1061,Customer 153,Corporate,United States,Miami,Florida,66670,Central,OFF-ST-10544,Office Supplies,Storage,Fellowes Storage Box,258.72,4,0.0,69.9
546,US-2024-100545,04/01/2024,04/05/2024,Same Day,CU-1137,Customer 289,Home Office,United States,Philadelphia,Pennsylvania,65452,East,TEC-MA-10545,Technology,Machines,Lexmark Printer,859.78,2,0.1,184.61
547,US-2024-100546,06/09/2024,06/12/2024,Same Day,CU-1114,Customer 80,Corporate,United States,Los Angeles,California,79111,East,OFF-EN-10546,Office Supplies,Envelopes,Kraft Envelopes,244.51,7,0.3,9.76
548,US-2024-100547,12/01/2024,12/04/2024,Second Class,CU-1267,Customer 219,Corporate,United States,Houston,Texas,84519,East,OFF-SU-10547,Office Supplies,Supplies,Fiskars Scissors,79.26,2,0.15,11.26
549,US-2023-100548,04/07/2023,04/11/2023,First Class,CU-1181,Customer 131,Home Office,United States,Miami,Florida,20717,East,TEC-PH-10548,Technology,Phones,Apple iPhone,7269.93,9,0.0,2181.78
550,US-2023-100549,11/01/2023,11/04/2023,Same Day,CU-1230,Customer 136,Corporate,United States,Miami,Florida,34535,West,FUR-FU-10549,Furniture,Furnishings,Tenex Lamp,725.04,3,0.15,77.1
551,US-2024-100550,02/09/2024,02/10/2024,Standard Class,CU-1087,Customer 245,Corporate,United States,Los Angeles,California,63096,South,FUR-BO-10550,Furniture,Bookcases,Bush Bookcase,689.94,2,0.15,120.61
552,US-2023-100551,07/15/2023,07/16/2023,Standard Class,CU-1096,Customer 14,Consumer,United States,Los Angeles,California,73060,West,OFF-EN-10551,Office Supplies,Envelopes,Poly Envelopes,70.3,5,0.0,14.46
553,US-2023-100552,06/01/2023,06/05/2023,Same Day,CU-1011,Customer 60,Consumer,United States,Philadelphia,Pennsylvania,29978,South,TEC-MA-10552,Technology,Machines,Lexmark Printer,9432.63,9,0.0,1849.67
554,US-2024-100553,08/06/2024,08/13/2024,Same Day,CU-1026,Customer 171,Consumer,United States,Seattle,Washington,23456,South,OFF-SU-10553,Office Supplies,Supplies,Acme Scissors,220.48,8,0.2,22.15
555,US-2024-100554,08/28/2024,09/03/2024,Same Day,CU-1118,Customer 32,Home Office,United States,Detroit,Michigan,12492,South,OFF-SU-10554,Office Supplies,Supplies,Fiskars Scissors,13.99,1,0.15,2.18
556,US-2024-100555,04/29/2024,04/30/2024,Same Day,CU-1177,Customer 230,Home Office,United States,Miami,Florida,67177,East,TEC-AC-10555,Technology,Accessories,Belkin Cable,461.78,2,0.1,129.88
557,US-2023-100556,08/13/2023,08/18/2023,First Class,CU-1239,Customer 68,Corporate,United States,Detroit,Michigan,61166,South,FUR-TA-10556,Furniture,Tables,Lesro Table,223.84,8,0.1,45.14
558,US-2024-100557,11/14/2024,11/18/2024,Second Class,CU-1088,Customer 103,Consumer,United States,New York City,New York,89396,South,TEC-AC-10557,Technology,Accessories,Kensington Keyboard,688.98,3,0.2,66.66
559,US-2023-100558,01/19/2023,01/22/2023,First Class,CU-1182,Customer 82,Consumer,United States,Los Angeles,California,75991,East,FUR-FU-10558,Furniture,Furnishings,Deflecto Frame,54.55,5,0.0,12.35
560,US-2023-100559,08/18/2023,08/22/2023,First Class,CU-1174,Customer 182,Consumer,United States,Detroit,Michigan,83010,Central,FUR-TA-10559,Furniture,Tables,Bevis Table,725.22,2,0.2,71.65
561,US-2023-100560,04/19/2023,04/26/2023,Standard Class,CU-1287,Customer 22,Home Office,United States,New York City,New York,23816,West,FUR-BO-10560,Furniture,Bookcases,Sauder Bookcase,2278.48,8,0.15,534.92
562,US-2024-100561,06/02/2024,06/06/2024,Standard Class,CU-1078,Customer 187,Corporate,United States,Philadelphia,Pennsylvania,28058,East,TEC-PH-10561,Technology,Phones,Samsung Galaxy,844.86,6,0.0,298.61
563,US-2023-100562,12/16/2023,12/19/2023,Second Class,CU-1043,Customer 137,Corporate,United States,Philadelphia,Pennsylvania,64396,Central,FUR-FU-10562,Furniture,Furnishings,Deflecto Frame,200.73,1,0.0,76.18
564,US-2024-100563,03/15/2024,03/19/2024,Same Day,CU-1234,Customer 265,Home Office,United States,Houston,Texas,57418,East,TEC-MA-10563,Technology,Machines,Cubify Printer,2991.6,9,0.15,628.86
565,US-2024-100564,02/16/2024,02/23/2024,Second Class,CU-1222,Customer 32,Corporate,United States,Columbus,Ohio,14861,West,OFF-AR-10564,Office Supplies,Art,Newell Highlighters,77.49,9,0.0,15.17
566,US-2023-100565,11/08/2023,11/14/2023,First Class,CU-1176,Customer 5,Corporate,United States,Detroit,Michigan,79178,West,TEC-PH-10565,Technology,Phones,Nokia Phone,1956.29,7,0.15,438.23
567,US-2024-100566,10/29/2024,11/02/2024,First Class,CU-1207,Customer 102,Corporate,United States,Atlanta,Georgia,21046,East,TEC-CO-10566,Technology,Copiers,Konica Copier,1361.28,4,0.2,191.34
568,US-2023-100567,08/07/2023,08/08/2023,First Class,CU-1266,Customer 175,Home Office,United States,Seattle,Washington,30975,East,TEC-AC-10567,Technology,Accessories,Kensington Keyboard,820.5,3,0.2,146.99
569,US-2023-100568,04/24/2023,04/30/2023,Standard Class,CU-1190,Customer 133,Home Office,United States,Detroit,Michigan,76518,Central,FUR-TA-10568,Furniture,Tables,Lesro Table,582.6,5,0.3,23.19
570,US-2024-100569,04/09/2024,04/12/2024,Second Class,CU-1297,Customer 290,Home Office,United States,Los Angeles,California,92279,West,FUR-BO-10569,Furniture,Bookcases,Sauder Bookcase,679.2,8,0.1,152.94
571,US-2024-100570,06/16/2024,06/22/2024,Second Class,CU-1053,Customer 168,Home Office,United States,Miami,Florida,86332,West,OFF-PA-10570,Office Supplies,Paper,HP Paper,199.4,10,0.3,5.96
572,US-2023-100571,03/25/2023,03/26/2023,Standard Class,CU-1217,Customer 67,Corporate,United States,Miami,Florida,38152,South,OFF-SU-10571,Office Supplies,Supplies,Acme Scissors,46.47,3,0.3,1.85
573,US-2023-100572,09/28/2023,10/03/2023,Same Day,CU-1216,Customer 226,Home Office,United States,Miami,Florida,74165,South,FUR-TA-10572,Furniture,Tables,Bevis Table,3150.7,10,0.2,407.98
574,US-2024-100573,06/25/2024,06/26/2024,Second Class,CU-1233,Customer 243,Consumer,United States,Detroit,Michigan,30557,Central,FUR-CH-10573,Furniture,Chairs,Global Task Chair,4204.56,8,0.3,172.47
575,US-2024-100574,06/19/2024,06/21/2024,Standard Class,CU-1190,Customer 157,Corporate,United States,Los Angeles,California,49748,Central,FUR-FU-10574,Furniture,Furnishings,Eldon Desk Lamp,792.0,2,0.1,178.25
576,US-2023-100575,10/18/2023,10/20/2023,Second Class,CU-1250,Customer 2,Consumer,United States,Seattle,Washington,81766,Central,OFF-LA-10575,Office Supplies,Labels,Avery Labels,78.51,3,0.2,9.37
577,US-2023-100576,12/12/2023,12/19/2023,Same Day,CU-1243,Customer 68,Consumer,United States,Philadelphia,Pennsylvania,76160,South,FUR-BO-10576,Furniture,Bookcases,Hon Bookcase,963.2,8,0.2,103.56
578,US-2024-100577,02/24/2024,02/28/2024,Second Class,CU-1202,Customer 174,Home Office,United States,Atlanta,Georgia,16005,South,OFF-SU-10577,Office Supplies,Supplies,Acme Scissors,279.9,6,0.0,103.83
579,US-2024-100578,10/07/2024,10/14/2024,First Class,CU-1287,Customer 64,Home Office,United States,Atlanta,Georgia,83315,East,TEC-AC-10578,Technology,Accessories,Belkin Cable,1051.4,2,0.0,366.17
580,US-2024-100579,11/05/2024,11/10/2024,Second Class,CU-1009,Customer 141,Consumer,United States,New York City,New York,42150,South,FUR-BO-10579,Furniture,Bookcases,O'Sullivan Bookcase,4011.52,8,0.2,678.63
581,US-2023-100580,12/15/2023,12/19/2023,Second Class,CU-1212,Customer 13,Home Office,United States,Los Angeles,California,51599,South,FUR-TA-10580,Furniture,Tables,Bevis Table,2418.8,10,0.0,714.54
582,US-2023-100581,07/07/2023,07/10/2023,Standard Class,CU-1078,Customer 158,Corporate,United States,Houston,Texas,98946,West,OFF-ST-10581,Office Supplies,Storage,Fellowes Storage Box,151.88,2,0.2,14.07
583,US-2023-100582,04/12/2023,04/15/2023,Second Class,CU-1211,Customer 166,Corporate,United States,Miami,Florida,59219,East,FUR-TA-10582,Furniture,Tables,Lesro Table,241.93,1,0.3,6.54
584,US-2024-100583,05/31/2024,06/04/2024,Standard Class,CU-1137,Customer 32,Corporate,United States,Detroit,Michigan,70925,South,FUR-CH-10583,Furniture,Chairs,Global Task Chair,1199.0,10,0.2,119.7
585,US-2023-100584,10/03/2023,10/08/2023,Standard Class,CU-1126,Customer 285,Home Office,United States,Los Angeles,California,26458,Central,FUR-FU-10584,Furniture,Furnishings,Eldon Desk Lamp,977.2,7,0.3,32.42
586,US-2024-100585,01/18/2024,01/23/2024,Second Class,CU-1125,Customer 276,Corporate,United States,Houston,Texas,82764,South,TEC-CO-10585,Technology,Copiers,Konica Copier,974.74,2,0.3,41.44
587,US-2023-100586,01/01/2023,01/02/2023,Same Day,CU-1139,Customer 129,Home Office,United States,Houston,Texas,59827,Central,FUR-BO-10586,Furniture,Bookcases,Hon Bookcase,1287.9,10,0.1,308.18
588,US-2024-100587,07/30/2024,07/31/2024,First Class,CU-1045,Customer 203,Home Office,United States,Detroit,Michigan,26118,West,TEC-MA-10587,Technology,Machines,HP Printer,9071.37,9,0.1,1206.13
589,US-2024-100588,11/29/2024,12/02/2024,First Class,CU-1231,Customer 140,Consumer,United States,Columbus,Ohio,96805,Central,TEC-AC-10588,Technology,Accessories,Kensington Keyboard,1836.64,4,0.2,235.1
590,US-2024-100589,10/23/2024,10/24/2024,Same Day,CU-1002,Customer 5,Home Office,United States,Houston,Texas,32745,South,OFF-BI-10589,Office Supplies,Binders,Wilson Jones Binder,257.4,10,0.1,32.89
591,US-2024-100590,07/05/2024,07/06/2024,Same Day,CU-1063,Customer 181,Corporate,United States,New York City,New York,88815,Central,TEC-CO-10590,Technology,Copiers,Konica Copier,3287.7,9,0.0,1209.51
592,US-2024-100591,03/31/2024,04/01/2024,Second Class,CU-1010,Customer 144,Home Office,United States,Chicago,Illinois,56900,West,OFF-AR-10591,Office Supplies,Art,Sharpie Markers,20.34,1,0.0,5.87
593,US-2023-100592,10/15/2023,10/19/2023,Second Class,CU-1003,Customer 101,Home Office,United States,Los Angeles,California,61915,East,FUR-TA-10592,Furniture,Tables,Lesro Table,153.64,4,0.15,36.17
594,US-2024-100593,11/19/2024,11/25/2024,Second Class,CU-1033,Customer 66,Home Office,United States,Atlanta,Georgia,18526,West,OFF-SU-10593,Office Supplies,Supplies,Acme Scissors,150.84,9,0.0,50.78
595,US-2024-100594,09/21/2024,09/24/2024,Same Day,CU-1001,Customer 219,Home Office,United States,Detroit,Michigan,98224,East,OFF-BI-10594,Office Supplies,Binders,Acco Binder,278.2,4,0.3,7.18
596,US-2024-100595,05/22/2024,05/25/2024,Standard Class,CU-1114,Customer 25,Corporate,United States,Philadelphia,Pennsylvania,65058,South,OFF-FA-10595,Office Supplies,Fasteners,Bostitch Stapler,148.0,5,0.0,50.56
597,US-2023-100596,01/26/2023,02/01/2023,Second Class,CU-1216,Customer 39,Consumer,United States,Atlanta,Georgia,35805,West,OFF-LA-10596,Office Supplies,Labels,Hon Labels,205.0,4,0.1,28.56
598,US-2024-100597,08/29/2024,09/05/2024,First Class,CU-1128,Customer 127,Consumer,United States,Los Angeles,California,72072,West,OFF-PA-10597,Office Supplies,Paper,Xerox Paper,104.5,2,0.0,30.58
599,US-2024-100598,09/26/2024,09/30/2024,Standard Class,CU-1228,Customer 297,Consumer,United States,Atlanta,Georgia,21211,East,OFF-LA-10598,Office Supplies,Labels,Hon Labels,218.34,9,0.0,88.68
600,US-2023-100599,02/26/2023,03/01/2023,Same Day,CU-1033,Customer 53,Home Office,United States,Philadelphia,Pennsylvania,17312,East,FUR-FU-10599,Furniture,Furnishings,Advantus Frame,664.66,2,0.0,126.41
601,US-2024-100600,09/05/2024,09/12/2024,Standard Class,CU-1232,Customer 197,Corporate,United States,Chicago,Illinois,66112,East,OFF-FA-10600,Office Supplies,Fasteners,Bostitch Stapler,10.42,2,0.2,1.6
602,US-2023-100601,04/16/2023,04/17/2023,Standard Class,CU-1099,Customer 294,Consumer,United States,New York City,New York,93540,Central,OFF-LA-10601,Office Supplies,Labels,Hon Labels,592.92,9,0.1,135.11
603,US-2023-100602,02/15/2023,02/16/2023,Second Class,CU-1159,Customer 300,Corporate,United States,Houston,Texas,77256,Central,OFF-FA-10602,Office Supplies,Fasteners,Bostitch Stapler,623.8,10,0.15,78.62
604,US-2024-100603,01/13/2024,01/14/2024,Second Class,CU-1029,Customer 122,Home Office,United States,Seattle,Washington,83328,East,OFF-AR-10603,Office Supplies,Art,Newell Highlighters,286.72,8,0.1,66.11
605,US-2023-100604,12/16/2023,12/18/2023,Same Day,CU-1239,Customer 170,Home Office,United States,New York City,New York,84199,Central,OFF-EN-10604,Office Supplies,Envelopes,Kraft Envelopes,121.6,4,0.3,6.91
606,US-2024-100605,05/22/2024,05/24/2024,Standard Class,CU-1114,Customer 118,Corporate,United States,Los Angeles,California,91778,West,TEC-AC-10605,Technology,Accessories,Kensington Keyboard,1960.68,6,0.0,393.48
607,US-2024-100606,01/07/2024,01/08/2024,Standard Class,CU-1183,Customer 16,Home Office,United States,Los Angeles,California,25098,West,FUR-FU-10606,Furniture,Furnishings,Advantus Frame,3224.69,7,0.0,880.59
608,US-2023-100607,07/23/2023,07/25/2023,First Class,CU-1089,Customer 113,Corporate,United States,Los Angeles,California,32843,Central,OFF-SU-10607,Office Supplies,Supplies,Acme Scissors,431.2,10,0.1,57.21
609,US-2023-100608,04/14/2023,04/15/2023,Second Class,CU-1194,Customer 57,Corporate,United States,Seattle,Washington,37556,Central,TEC-MA-10608,Technology,Machines,Cubify Printer,992.96,4,0.0,216.6
610,US-2024-100609,09/30/2024,10/04/2024,Standard Class,CU-1060,Customer 74,Consumer,United States,Detroit,Michigan,34856,West,OFF-BI-10609,Office Supplies,Binders,Acco Binder,53.88,6,0.3,1.67
611,US-2023-100610,02/17/2023,02/24/2023,Second Class,CU-1274,Customer 151,Consumer,United States,Chicago,Illinois,52949,West,TEC-CO-10610,Technology,Copiers,Konica Copier,590.04,6,0.2,70.86
612,US-2023-100611,03/25/2023,04/01/2023,Same Day,CU-1033,Customer 86,Home Office,United States,Chicago,Illinois,60871,Central,FUR-TA-10611,Furniture,Tables,Lesro Table,4116.78,9,0.2,691.67
613,US-2024-100612,05/21/2024,05/25/2024,First Class,CU-1297,Customer 206,Home Office,United States,Philadelphia,Pennsylvania,86543,East,OFF-SU-10612,Office Supplies,Supplies,Acme Scissors,144.6,6,0.3,5.51
614,US-2024-100613,03/11/2024,03/15/2024,Second Class,CU-1191,Customer 131,Home Office,United States,Seattle,Washington,21109,West,FUR-CH-10613,Furniture,Chairs,Global Task Chair,2361.52,8,0.0,642.32
615,US-2024-100614,04/21/2024,04/26/2024,First Class,CU-1218,Customer 231,Corporate,United States,Los Angeles,California,66689,South,FUR-TA-10614,Furniture,Tables,Bevis Table,1988.82,9,0.1,328.71
616,US-2023-100615,08/28/2023,08/31/2023,Standard Class,CU-1183,Customer 43,Corporate,United States,Philadelphia,Pennsylvania,75767,East,OFF-SU-10615,Office Supplies,Supplies,Fiskars Scissors,37.4,5,0.15,3.87
617,US-2023-100616,07/25/2023,07/28/2023,Second Class,CU-1168,Customer 129,Corporate,United States,Detroit,Michigan,99592,Central,OFF-BI-10616,Office Supplies,Binders,GBC Binder,10.7,2,0.0,2.82
618,US-2024-100617,02/18/2024,02/22/2024,Standard Class,CU-1241,Customer 263,Consumer,United States,Columbus,Ohio,62101,West,FUR-CH-10617,Furniture,Chairs,Harbour Creations Chair,146.6,1,0.1,25.56
619,US-2024-100618,04/24/2024,04/30/2024,Same Day,CU-1174,Customer 44,Corporate,United States,Detroit,Michigan,34621,South,FUR-CH-10618,Furniture,Chairs,Novimex Chair,627.92,4,0.2,85.8
620,US-2024-100619,01/19/2024,01/21/2024,Second Class,CU-1156,Customer 5,Corporate,United States,Los Angeles,California,96356,Central,TEC-CO-10619,Technology,Copiers,Canon Copier,2008.32,8,0.15,440.65
621,US-2023-100620,11/03/2023,11/06/2023,Standard Class,CU-1290,Customer 17,Consumer,United States,Detroit,Michigan,30144,Central,OFF-BI-10620,Office Supplies,Binders,Wilson Jones Binder,134.89,7,0.3,6.93
622,US-2023-100621,07/12/2023,07/16/2023,Standard Class,CU-1168,Customer 292,Corporate,United States,Miami,Florida,93755,Central,TEC-CO-10621,Technology,Copiers,Konica Copier,4833.84,4,0.15,526.5
623,US-2024-100622,05/15/2024,05/16/2024,Second Class,CU-1101,Customer 36,Corporate,United States,Atlanta,Georgia,47200,West,FUR-CH-10622,Furniture,Chairs,Hon Executive Chair,3804.66,9,0.0,695.7
624,US-2023-100623,06/25/2023,06/28/2023,Same Day,CU-1200,Customer 81,Consumer,United States,Los Angeles,California,26926,South,FUR-TA-10623,Furniture,Tables,Bretford Conference Table,1994.32,8,0.0,529.13
625,US-2024-100624,03/18/2024,03/25/2024,Same Day,CU-1081,Customer 295,Corporate,United States,Seattle,Washington,87003,West,OFF-ST-10624,Office Supplies,Storage,Iris Storage Box,94.56,4,0.0,36.71
626,US-2023-100625,03/07/2023,03/14/2023,Same Day,CU-1126,Customer 270,Corporate,United States,Philadelphia,Pennsylvania,84609,South,TEC-CO-10625,Technology,Copiers,Konica Copier,1295.24,4,0.0,541.17
627,US-2023-100626,12/22/2023,12/28/2023,First Class,CU-1200,Customer 90,Corporate,United States,Philadelphia,Pennsylvania,42654,West,OFF-SU-10626,Office Supplies,Supplies,Acme Scissors,84.08,2,0.1,20.02
628,US-2023-100627,04/08/2023,04/12/2023,Standard Class,CU-1122,Customer 81,Corporate,United States,Atlanta,Georgia,92324,Central,TEC-CO-10627,Technology,Copiers,Konica Copier,2190.44,7,0.3,68.82
629,US-2023-100628,05/05/2023,05/08/2023,Standard Class,CU-1053,Customer 259,Corporate,United States,Detroit,Michigan,63752,South,TEC-PH-10628,Technology,Phones,Samsung Galaxy,5042.56,8,0.15,1204.84
630,US-2024-100629,10/16/2024,10/22/2024,Same Day,CU-1195,Customer 176,Home Office,United States,New York City,New York,62342,West,FUR-TA-10629,Furniture,Tables,Lesro Table,2424.6,9,0.0,698.84
631,US-2023-100630,12/01/2023,12/07/2023,Same Day,CU-1248,Customer 237,Consumer,United States,Houston,Texas,20819,West,OFF-LA-10630,Office Supplies,Labels,Avery Labels,455.85,5,0.0,158.97
632,US-2023-100631,01/19/2023,01/24/2023,Standard Class,CU-1090,Customer 151,Consumer,United States,Houston,Texas,80078,South,TEC-CO-10631,Technology,Copiers,Canon Copier,2388.56,8,0.1,650.34
633,US-2023-100632,08/10/2023,08/16/2023,Standard Class,CU-1272,Customer 111,Corporate,United States,Houston,Texas,16259,East,FUR-BO-10632,Furniture,Bookcases,Sauder Bookcase,2216.1,5,0.0,627.07
634,US-2023-100633,07/26/2023,07/28/2023,First Class,CU-1122,Customer 103,Consumer,United States,Miami,Florida,12102,South,OFF-PA-10633,Office Supplies,Paper,HP Paper,9.79,1,0.2,0.74
635,US-2023-100634,04/09/2023,04/16/2023,Second Class,CU-1085,Customer 23,Corporate,United States,Chicago,Illinois,77174,East,FUR-BO-10634,Furniture,Bookcases,Bush Bookcase,492.04,4,0.3,23.82
636,US-2024-100635,03/14/2024,03/15/2024,Second Class,CU-1109,Customer 55,Corporate,United States,Miami,Florida,52384,West,OFF-EN-10635,Office Supplies,Envelopes,Kraft Envelopes,834.0,10,0.0,336.86
637,US-2023-100636,03/09/2023,03/15/2023,First Class,CU-1188,Customer 23,Consumer,United States,Chicago,Illinois,38647,South,FUR-FU-10636,Furniture,Furnishings,Advantus Frame,382.64,1,0.15,49.66
638,US-2024-100637,09/06/2024,09/09/2024,Same Day,CU-1068,Customer 171,Consumer,United States,New York City,New York,93277,Central,OFF-SU-10637,Office Supplies,Supplies,Acme Scissors,322.92,9,0.2,30.03
639,US-2024-100638,04/04/2024,04/08/2024,Second Class,CU-1257,Customer 7,Consumer,United States,Atlanta,Georgia,12780,East,TEC-CO-10638,Technology,Copiers,Canon Copier,8511.84,6,0.0,2758.61
640,US-2024-100639,01/19/2024,01/23/2024,First Class,CU-1103,Customer 78,Corporate,United States,Houston,Texas,36789,East,OFF-BI-10639,Office Supplies,Binders,Wilson Jones Binder,95.6,4,0.2,7.97
641,US-2024-100640,06/17/2024,06/24/2024,Same Day,CU-1147,Customer 13,Consumer,United States,Los Angeles,California,53420,Central,FUR-FU-10640,Furniture,Furnishings,Advantus Frame,1327.53,3,0.1,239.71
642,US-2024-100641,09/14/2024,09/21/2024,Same Day,CU-1266,Customer 165,Consumer,United States,Chicago,Illinois,67981,East,FUR-CH-10641,Furniture,Chairs,Hon Executive Chair,1858.4,4,0.3,91.75
643,US-2023-100642,07/29/2023,07/31/2023,Standard Class,CU-1088,Customer 282,Consumer,United States,Houston,Texas,40973,East,FUR-FU-10642,Furniture,Furnishings,Eldon Desk Lamp,2394.92,4,0.0,791.33
644,US-2023-100643,06/30/2023,07/05/2023,Second Class,CU-1155,Customer 147,Home Office,United States,Miami,Florida,68755,West,OFF-SU-10643,Office Supplies,Supplies,Fiskars Scissors,26.16,3,0.3,0.83
645,US-2024-100644,03/27/2024,03/31/2024,Same Day,CU-1079,Customer 247,Consumer,United States,Philadelphia,Pennsylvania,59993,South,OFF-SU-10644,Office Supplies,Supplies,Acme Scissors,142.68,6,0.15,21.81
646,US-2024-100645,04/19/2024,04/22/2024,Same Day,CU-1145,Customer 193,Home Office,United States,Miami,Florida,89432,South,FUR-TA-10645,Furniture,Tables,Lesro Table,2394.18,9,0.3,74.58
647,US-2023-100646,01/05/2023,01/06/2023,First Class,CU-1251,Customer 208,Corporate,United States,Chicago,Illinois,61727,Central,FUR-TA-10646,Furniture,Tables,Lesro Table,4738.56,8,0.0,1008.87
648,US-2023-100647,05/08/2023,05/12/2023,Second Class,CU-1099,Customer 224,Corporate,United States,Los Angeles,California,55688,South,OFF-SU-10647,Office Supplies,Supplies,Fiskars Scissors,348.5,10,0.0,95.89
649,US-2023-100648,09/10/2023,09/12/2023,Same Day,CU-1017,Customer 186,Home Office,United States,Miami,Florida,98660,East,TEC-AC-10648,Technology,Accessories,Belkin Cable,744.43,1,0.3,28.65
650,US-2023-100649,09/18/2023,09/20/2023,Second Class,CU-1006,Customer 60,Consumer,United States,Houston,Texas,94462,South,TEC-MA-10649,Technology,Machines,Lexmark Printer,1062.2,10,0.15,246.64
651,US-2023-100650,09/16/2023,09/22/2023,First Class,CU-1256,Customer 273,Home Office,United States,Miami,Florida,60172,Central,OFF-ST-10650,Office Supplies,Storage,SAFCO Storage Bin,78.68,4,0.15,9.69
652,US-2023-100651,05/27/2023,05/30/2023,Second Class,CU-1203,Customer 158,Consumer,United States,Columbus,Ohio,32072,South,TEC-CO-10651,Technology,Copiers,Canon Copier,1659.3,2,0.3,74.74
653,US-2024-100652,03/17/2024,03/19/2024,Second Class,CU-1191,Customer 96,Home Office,United States,Seattle,Washington,27607,West,FUR-BO-10652,Furniture,Bookcases,Sauder Bookcase,1271.41,7,0.2,151.0
654,US-2023-100653,07/10/2023,07/12/2023,Standard Class,CU-1093,Customer 99,Corporate,United States,Chicago,Illinois,63581,South,OFF-AR-10653,Office Supplies,Art,Sharpie Markers,50.6,2,0.15,9.08
655,US-2023-100654,10/11/2023,10/12/2023,First Class,CU-1015,Customer 300,Consumer,United States,New York City,New York,72638,South,TEC-PH-10654,Technology,Phones,Samsung Galaxy,1875.58,2,0.1,262.58
656,US-2024-100655,11/12/2024,11/17/2024,Standard Class,CU-1049,Customer 109,Home Office,United States,Los Angeles,California,10951,South,TEC-PH-10655,Technology,Phones,Apple iPhone,158.99,1,0.1,40.79
657,US-2024-100656,01/15/2024,01/21/2024,First Class,CU-1161,Customer 123,Corporate,United States,Columbus,Ohio,97173,South,TEC-AC-10656,Technology,Accessories,Kensington Keyboard,1552.64,8,0.1,358.3
658,US-2023-100657,05/23/2023,05/24/2023,Standard Class,CU-1271,Customer 144,Home Office,United States,Miami,Florida,42576,Central,OFF-LA-10657,Office Supplies,Labels,Hon Labels,42.78,6,0.0,7.52
659,US-2023-100658,01/18/2023,01/24/2023,First Class,CU-1023,Customer 167,Home Office,United States,Columbus,Ohio,68236,West,OFF-SU-10658,Office Supplies,Supplies,Fiskars Scissors,288.72,4,0.0,120.28
660,US-2024-100659,11/05/2024,11/12/2024,Standard Class,CU-1197,Customer 151,Home Office,United States,Philadelphia,Pennsylvania,35569,West,TEC-CO-10659,Technology,Copiers,Konica Copier,6679.6,10,0.0,1738.98
661,US-2024-100660,04/23/2024,04/25/2024,Same Day,CU-1059,Customer 247,Home Office,United States,Detroit,Michigan,80866,West,TEC-PH-10660,Technology,Phones,Samsung Galaxy,5252.08,8,0.0,1306.88
662,US-2023-100661,06/14/2023,06/17/2023,Same Day,CU-1143,Customer 113,Home Office,United States,Los Angeles,California,43767,South,FUR-CH-10661,Furniture,Chairs,Global Task Chair,320.38,2,0.0,90.2
663,US-2023-100662,12/07/2023,12/14/2023,Second Class,CU-1294,Customer 34,Home Office,United States,New York City,New York,54987,South,TEC-PH-10662,Technology,Phones,Samsung Galaxy,790.92,9,0.3,39.85
664,US-2023-100663,03/31/2023,04/01/2023,Standard Class,CU-1174,Customer 97,Home Office,United States,Seattle,Washington,25218,Central,TEC-CO-10663,Technology,Copiers,Konica Copier,253.68,4,0.0,60.5
665,US-2024-100664,08/27/2024,09/01/2024,Second Class,CU-1198,Customer 217,Corporate,United States,Los Angeles,California,57844,West,FUR-TA-10664,Furniture,Tables,Bevis Table,5210.7,10,0.3,130.57
666,US-2023-100665,11/20/2023,11/22/2023,First Class,CU-1112,Customer 256,Home Office,United States,Philadelphia,Pennsylvania,69740,West,TEC-MA-10665,Technology,Machines,Cubify Printer,3508.12,7,0.0,1076.58
667,US-2023-100666,05/07/2023,05/10/2023,Same Day,CU-1110,Customer 254,Corporate,United States,Detroit,Michigan,59375,East,TEC-AC-10666,Technology,Accessories,Logitech Mouse,570.19,1,0.2,61.93
668,US-2023-100667,02/23/2023,03/02/2023,Second Class,CU-1249,Customer 201,Corporate,United States,Chicago,Illinois,96409,West,OFF-AR-10667,Office Supplies,Art,Sharpie Markers,123.4,4,0.3,7.12
669,US-2024-100668,02/05/2024,02/09/2024,Standard Class,CU-1270,Customer 145,Corporate,United States,Columbus,Ohio,35571,South,FUR-FU-10668,Furniture,Furnishings,Advantus Frame,761.67,7,0.3,31.66
670,US-2024-100669,04/13/2024,04/19/2024,Second Class,CU-1295,Customer 71,Corporate,United States,Seattle,Washington,73234,Central,FUR-CH-10669,Furniture,Chairs,Harbour Creations Chair,1662.4,10,0.0,637.04
671,US-2024-100670,08/12/2024,08/13/2024,Second Class,CU-1192,Customer 219,Home Office,United States,Columbus,Ohio,32049,East,FUR-CH-10670,Furniture,Chairs,Global Task Chair,344.24,4,0.3,16.45
672,US-2024-100671,10/27/2024,10/30/2024,Same Day,CU-1076,Customer 207,Consumer,United States,Detroit,Michigan,14455,East,FUR-TA-10671,Furniture,Tables,Bevis Table,228.51,3,0.0,46.56
673,US-2024-100672,10/30/2024,11/05/2024,Same Day,CU-1045,Customer 238,Home Office,United States,Houston,Texas,60082,Central,FUR-FU-10672,Furniture,Furnishings,Deflecto Frame,1972.2,5,0.3,90.46
674,US-2024-100673,05/15/2024,05/21/2024,Second Class,CU-1011,Customer 294,Home Office,United States,New York City,New York,72848,Central,TEC-CO-10673,Technology,Copiers,Konica Copier,70.04,1,0.0,14.26
675,US-2023-100674,11/02/2023,11/07/2023,Second Class,CU-1050,Customer 167,Consumer,United States,Miami,Florida,80452,West,TEC-PH-10674,Technology,Phones,Samsung Galaxy,969.99,7,0.15,232.79
676,US-2024-100675,05/15/2024,05/16/2024,Standard Class,CU-1106,Customer 61,Consumer,United States,Detroit,Michigan,88525,West,OFF-LA-10675,Office Supplies,Labels,Hon Labels,188.1,9,0.2,29.58
677,US-2024-100676,10/30/2024,11/01/2024,Standard Class,CU-1287,Customer 132,Consumer,United States,Chicago,Illinois,21090,East,FUR-FU-10676,Furniture,Furnishings,Advantus Frame,451.62,2,0.0,93.29
678,US-2023-100677,09/12/2023,09/15/2023,Standard Class,CU-1265,Customer 151,Home Office,United States,Los Angeles,California,80005,South,TEC-AC-10677,Technology,Accessories,Kensington Keyboard,845.19,9,0.0,235.51
679,US-2023-100678,08/03/2023,08/09/2023,Standard Class,CU-1022,Customer 122,Consumer,United States,Detroit,Michigan,34651,West,FUR-FU-10678,Furniture,Furnishings,Advantus Frame,2590.29,9,0.1,598.56
680,US-2023-100679,10/12/2023,10/14/2023,Same Day,CU-1038,Customer 282,Corporate,United States,Columbus,Ohio,44167,South,OFF-BI-10679,Office Supplies,Binders,Avery Binder,295.9,10,0.2,28.9
681,US-2023-100680,05/27/2023,06/01/2023,Second Class,CU-1036,Customer 138,Home Office,United States,Miami,Florida,94616,West,TEC-MA-10680,Technology,Machines,Lexmark Printer,6593.44,8,0.0,2679.98
682,US-2023-100681,11/20/2023,11/27/2023,Same Day,CU-1194,Customer 14,Home Office,United States,Houston,Texas,42440,East,TEC-AC-10681,Technology,Accessories,Belkin Cable,3293.28,9,0.2,303.72
683,US-2023-100682,12/04/2023,12/10/2023,Standard Class,CU-1185,Customer 171,Corporate,United States,New York City,New York,29179,West,OFF-ST-10682,Office Supplies,Storage,SAFCO Storage Bin,74.14,2,0.3,3.28
684,US-2023-100683,05/07/2023,05/09/2023,First Class,CU-1250,Customer 49,Home Office,United States,New York City,New York,55731,Central,OFF-LA-10683,Office Supplies,Labels,Avery Labels,96.04,7,0.0,25.72
685,US-2023-100684,07/05/2023,07/08/2023,Same Day,CU-1244,Customer 66,Corporate,United States,Miami,Florida,11244,West,TEC-AC-10684,Technology,Accessories,Belkin Cable,379.6,2,0.0,82.31
686,US-2024-100685,10/16/2024,10/19/2024,Second Class,CU-1214,Customer 235,Consumer,United States,Los Angeles,California,67535,Central,TEC-MA-10685,Technology,Machines,Cubify Printer,729.89,7,0.2,111.1
687,US-2023-100686,11/09/2023,11/15/2023,Standard Class,CU-1156,Customer 209,Corporate,United States,Chicago,Illinois,21814,East,OFF-PA-10686,Office Supplies,Paper,HP Paper,96.88,7,0.2,16.85
688,US-2024-100687,07/21/2024,07/25/2024,Standard Class,CU-1217,Customer 261,Home Office,United States,Seattle,Washington,27881,South,FUR-CH-10687,Furniture,Chairs,Hon Executive Chair,492.81,3,0.2,39.93
689,US-2024-100688,03/11/2024,03/17/2024,First Class,CU-1125,Customer 271,Home Office,United States,Los Angeles,California,89848,East,OFF-ST-10688,Office Supplies,Storage,Iris Storage Box,57.78,1,0.2,5.49
690,US-2023-100689,05/17/2023,05/22/2023,First Class,CU-1026,Customer 217,Corporate,United States,Columbus,Ohio,59688,West,TEC-CO-10689,Technology,Copiers,Canon Copier,1447.38,9,0.0,315.28
691,US-2023-100690,10/25/2023,10/28/2023,Same Day,CU-1150,Customer 136,Consumer,United States,New York City,New York,10292,South,OFF-ST-10690,Office Supplies,Storage,Iris Storage Box,375.2,4,0.2,61.66
692,US-2023-100691,12/31/2023,01/01/2024,Same Day,CU-1168,Customer 153,Corporate,United States,Los Angeles,California,24046,East,FUR-TA-10691,Furniture,Tables,Bretford Conference Table,2626.08,8,0.2,430.88
693,US-2023-100692,07/22/2023,07/23/2023,Second Class,CU-1210,Customer 64,Corporate,United States,Philadelphia,Pennsylvania,10905,West,OFF-AR-10692,Office Supplies,Art,BIC Markers,203.4,6,0.0,40.64
694,US-2024-100693,03/14/2024,03/16/2024,First Class,CU-1055,Customer 225,Home Office,United States,Columbus,Ohio,67587,West,TEC-AC-10693,Technology,Accessories,Logitech Mouse,2758.16,8,0.15,420.35
695,US-2023-100694,04/24/2023,04/26/2023,First Class,CU-1020,Customer 69,Corporate,United States,Chicago,Illinois,65188,Central,FUR-TA-10694,Furniture,Tables,Bevis Table,185.5,1,0.1,51.87
696,US-2024-100695,03/07/2024,03/11/2024,Same Day,CU-1065,Customer 167,Corporate,United States,New York City,New York,75779,South,FUR-CH-10695,Furniture,Chairs,Global Task Chair,1045.6,8,0.3,62.11
697,US-2023-100696,01/14/2023,01/21/2023,Second Class,CU-1026,Customer 176,Corporate,United States,Detroit,Michigan,88261,East,FUR-BO-10696,Furniture,Bookcases,Sauder Bookcase,56.25,1,0.0,11.99
698,US-2023-100697,09/11/2023,09/16/2023,Second Class,CU-1261,Customer 96,Consumer,United States,Miami,Florida,46849,East,OFF-SU-10697,Office Supplies,Supplies,Fiskars Scissors,62.2,5,0.15,6.94
699,US-2024-100698,05/29/2024,06/03/2024,Second Class,CU-1096,Customer 77,Consumer,United States,New York City,New York,25789,West,OFF-BI-10698,Office Supplies,Binders,Wilson Jones Binder,288.28,4,0.15,57.34
700,US-2023-100699,07/24/2023,07/25/2023,Standard Class,CU-1194,Customer 209,Home Office,United States,Atlanta,Georgia,50166,West,OFF-LA-10699,Office Supplies,Labels,Hon Labels,150.88,4,0.0,42.16
701,US-2023-100700,11/08/2023,11/09/2023,First Class,CU-1186,Customer 144,Corporate,United States,Los Angeles,California,64797,West,FUR-TA-10700,Furniture,Tables,Bevis Table,4776.72,8,0.0,1432.62
702,US-2023-100701,08/06/2023,08/09/2023,Same Day,CU-1143,Customer 52,Corporate,United States,Columbus,Ohio,34227,Central,OFF-LA-10701,Office Supplies,Labels,Avery Labels,15.34,1,0.0,2.88
703,US-2024-100702,11/30/2024,12/05/2024,Second Class,CU-1169,Customer 185,Home Office,United States,Los Angeles,California,57367,Central,OFF-EN-10702,Office Supplies,Envelopes,Poly Envelopes,50.25,5,0.0,9.99
704,US-2023-100703,05/14/2023,05/20/2023,Standard Class,CU-1021,Customer 98,Consumer,United States,New York City,New York,68427,East,FUR-TA-10703,Furniture,Tables,Lesro Table,2138.8,10,0.15,240.0
705,US-2023-100704,02/14/2023,02/16/2023,Second Class,CU-1214,Customer 282,Home Office,United States,Houston,Texas,43099,Central,FUR-TA-10704,Furniture,Tables,Chromcraft Table,857.12,8,0.0,262.04
706,US-2024-100705,05/30/2024,06/06/2024,Standard Class,CU-1085,Customer 141,Home Office,United States,Detroit,Michigan,26899,Central,OFF-SU-10705,Office Supplies,Supplies,Acme Scissors,208.67,7,0.0,61.2
707,US-2023-100706,03/18/2023,03/20/2023,Same Day,CU-1260,Customer 197,Home Office,United States,Detroit,Michigan,61150,South,FUR-BO-10706,Furniture,Bookcases,O'Sullivan Bookcase,312.27,7,0.15,61.16
708,US-2024-100707,08/29/2024,09/04/2024,Standard Class,CU-1262,Customer 234,Home Office,United States,Chicago,Illinois,78822,Central,TEC-AC-10707,Technology,Accessories,Logitech Mouse,114.24,3,0.0,24.47
709,US-2023-100708,02/16/2023,02/21/2023,Second Class,CU-1149,Customer 21,Home Office,United States,Chicago,Illinois,29416,Central,OFF-BI-10708,Office Supplies,Binders,Acco Binder,164.85,5,0.2,14.43
710,US-2024-100709,10/26/2024,10/29/2024,First Class,CU-1166,Customer 43,Home Office,United States,Los Angeles,California,81994,Central,FUR-TA-10709,Furniture,Tables,Bretford Conference Table,2446.36,4,0.0,748.53
711,US-2024-100710,10/02/2024,10/09/2024,Standard Class,CU-1182,Customer 113,Home Office,United States,Los Angeles,California,46659,West,TEC-MA-10710,Technology,Machines,Lexmark Printer,4536.5,10,0.1,824.79
712,US-2024-100711,10/31/2024,11/03/2024,Second Class,CU-1226,Customer 113,Corporate,United States,Miami,Florida,45231,West,OFF-LA-10711,Office Supplies,Labels,Smead Labels,374.5,10,0.0,131.84
713,US-2024-100712,01/13/2024,01/15/2024,Same Day,CU-1047,Customer 254,Consumer,United States,Miami,Florida,70213,West,TEC-CO-10712,Technology,Copiers,Canon Copier,2826.8,8,0.0,1000.13
714,US-2023-100713,06/16/2023,06/18/2023,Same Day,CU-1096,Customer 36,Consumer,United States,Seattle,Washington,19443,South,FUR-CH-10713,Furniture,Chairs,Novimex Chair,710.64,3,0.3,24.78
715,US-2024-100714,09/09/2024,09/10/2024,Same Day,CU-1196,Customer 11,Consumer,United States,Los Angeles,California,11776,East,FUR-FU-10714,Furniture,Furnishings,Deflecto Frame,106.68,2,0.3,4.63
716,US-2023-100715,01/14/2023,01/21/2023,Standard Class,CU-1054,Customer 278,Home Office,United States,Atlanta,Georgia,54353,East,FUR-CH-10715,Furniture,Chairs,Hon Executive Chair,553.75,5,0.0,224.24
717,US-2023-100716,12/06/2023,12/10/2023,Second Class,CU-1124,Customer 29,Home Office,United States,Seattle,Washington,45056,East,FUR-CH-10716,Furniture,Chairs,Novimex Chair,4782.4,10,0.15,1024.22
718,US-2023-100717,05/26/2023,05/27/2023,Second Class,CU-1012,Customer 117,Corporate,United States,Miami,Florida,60512,West,FUR-BO-10717,Furniture,Bookcases,Sauder Bookcase,1451.97,9,0.1,207.56
719,US-2024-100718,05/18/2024,05/20/2024,Standard Class,CU-1114,Customer 53,Corporate,United States,New York City,New York,56833,East,OFF-PA-10718,Office Supplies,Paper,Xerox Paper,396.34,7,0.3,22.17
720,US-2023-100719,06/04/2023,06/06/2023,Same Day,CU-1271,Customer 172,Home Office,United States,Atlanta,Georgia,33771,South,TEC-AC-10719,Technology,Accessories,Logitech Mouse,2227.68,6,0.0,878.64
721,US-2024-100720,11/08/2024,11/11/2024,First Class,CU-1039,Customer 2,Consumer,United States,Philadelphia,Pennsylvania,95964,West,FUR-TA-10720,Furniture,Tables,Chromcraft Table,1445.34,6,0.0,348.93
722,US-2023-100721,03/10/2023,03/11/2023,Same Day,CU-1142,Customer 75,Consumer,United States,Philadelphia,Pennsylvania,52343,West,OFF-AR-10721,Office Supplies,Art,BIC Markers,155.84,8,0.3,8.24
723,US-2024-100722,09/08/2024,09/15/2024,First Class,CU-1070,Customer 126,Corporate,United States,Miami,Florida,64874,South,FUR-FU-10722,Furniture,Furnishings,Advantus Frame,2068.62,6,0.15,329.61
724,US-2024-100723,06/23/2024,06/28/2024,Second Class,CU-1044,Customer 121,Corporate,United States,Miami,Florida,10375,West,TEC-CO-10723,Technology,Copiers,Canon Copier,4524.8,7,0.0,1435.88
725,US-2024-100724,01/05/2024,01/12/2024,Second Class,CU-1150,Customer 236,Consumer,United States,Columbus,Ohio,82286,South,FUR-TA-10724,Furniture,Tables,Bevis Table,316.47,3,0.0,60.0
726,US-2024-100725,01/22/2024,01/28/2024,Standard Class,CU-1217,Customer 191,Consumer,United States,Houston,Texas,23894,East,FUR-CH-10725,Furniture,Chairs,Global Task Chair,58.89,1,0.3,1.76
727,US-2023-100726,03/20/2023,03/21/2023,Same Day,CU-1076,Customer 94,Corporate,United States,Chicago,Illinois,28364,Central,OFF-AR-10726,Office Supplies,Art,Newell Highlighters,10.92,3,0.1,1.63
728,US-2023-100727,04/24/2023,04/26/2023,Standard Class,CU-1016,Customer 89,Home Office,United States,Seattle,Washington,31017,East,OFF-FA-10727,Office Supplies,Fasteners,Bostitch Stapler,289.44,8,0.3,14.28
729,US-2024-100728,05/28/2024,05/31/2024,Second Class,CU-1216,Customer 81,Corporate,United States,Atlanta,Georgia,22050,South,OFF-FA-10728,Office Supplies,Fasteners,Bostitch Stapler,299.79,9,0.3,16.2
730,US-2024-100729,07/26/2024,07/31/2024,Standard Class,CU-1239,Customer 245,Corporate,United States,Houston,Texas,95550,South,FUR-CH-10729,Furniture,Chairs,Novimex Chair,9251.6,10,0.0,2115.21
731,US-2023-100730,04/22/2023,04/23/2023,Standard Class,CU-1185,Customer 172,Consumer,United States,Seattle,Washington,41395,Central,OFF-AR-10730,Office Supplies,Art,Newell Highlighters,159.72,6,0.3,6.36
732,US-2023-100731,07/12/2023,07/17/2023,Second Class,CU-1016,Customer 124,Corporate,United States,Seattle,Washington,21146,East,FUR-BO-10731,Furniture,Bookcases,Sauder Bookcase,771.12,4,0.2,58.72
733,US-2023-100732,01/09/2023,01/12/2023,First Class,CU-1203,Customer 257,Consumer,United States,Seattle,Washington,51218,South,TEC-CO-10732,Technology,Copiers,Canon Copier,407.25,1,0.1,57.55
734,US-2023-100733,04/14/2023,04/19/2023,Second Class,CU-1012,Customer 196,Corporate,United States,Detroit,Michigan,86855,East,TEC-AC-10733,Technology,Accessories,Logitech Mouse,846.98,2,0.1,166.24
735,US-2023-100734,08/26/2023,08/28/2023,Second Class,CU-1082,Customer 257,Home Office,United States,New York City,New York,89788,Central,OFF-AR-10734,Office Supplies,Art,Newell Highlighters,174.08,8,0.0,68.22
736,US-2023-100735,02/10/2023,02/16/2023,Same Day,CU-1122,Customer 107,Home Office,United States,Miami,Florida,89544,East,OFF-AR-10735,Office Supplies,Art,BIC Markers,65.2,5,0.1,15.26
737,US-2024-100736,07/14/2024,07/21/2024,Standard Class,CU-1255,Customer 49,Corporate,United States,Seattle,Washington,51119,West,FUR-FU-10736,Furniture,Furnishings,Eldon Desk Lamp,212.91,1,0.0,77.23
738,US-2023-100737,03/14/2023,03/16/2023,Same Day,CU-1132,Customer 243,Corporate,United States,New York City,New York,67939,West,OFF-AR-10737,Office Supplies,Art,Newell Highlighters,124.1,5,0.2,14.04
739,US-2024-100738,11/27/2024,11/29/2024,Same Day,CU-1187,Customer 263,Home Office,United States,Atlanta,Georgia,51110,Central,FUR-FU-10738,Furniture,Furnishings,Eldon Desk Lamp,1225.92,6,0.1,239.26
740,US-2023-100739,09/08/2023,09/14/2023,Standard Class,CU-1079,Customer 54,Corporate,United States,Los Angeles,California,59259,West,FUR-FU-10739,Furniture,Furnishings,Deflecto Frame,1850.65,5,0.3,49.03
741,US-2023-100740,12/24/2023,12/28/2023,Same Day,CU-1273,Customer 239,Consumer,United States,New York City,New York,21248,West,TEC-CO-10740,Technology,Copiers,Canon Copier,1344.04,4,0.15,298.89
742,US-2023-100741,11/21/2023,11/24/2023,Same Day,CU-1108,Customer 244,Consumer,United States,New York City,New York,46487,South,TEC-PH-10741,Technology,Phones,Cisco Phone,674.73,7,0.0,184.45
743,US-2023-100742,02/02/2023,02/07/2023,Same Day,CU-1031,Customer 186,Corporate,United States,Atlanta,Georgia,72050,West,FUR-CH-10742,Furniture,Chairs,Novimex Chair,373.92,3,0.3,12.14
744,US-2023-100743,03/27/2023,03/29/2023,Standard Class,CU-1140,Customer 208,Consumer,United States,Houston,Texas,49103,South,FUR-CH-10743,Furniture,Chairs,Hon Executive Chair,1257.13,7,0.1,212.6
745,US-2023-100744,12/17/2023,12/24/2023,First Class,CU-1084,Customer 102,Corporate,United States,Miami,Florida,64932,South,OFF-BI-10744,Office Supplies,Binders,Acco Binder,78.33,3,0.0,15.48
746,US-2024-100745,02/03/2024,02/10/2024,Standard Class,CU-1287,Customer 102,Consumer,United States,Atlanta,Georgia,97551,West,OFF-AR-10745,Office Supplies,Art,Sharpie Markers,257.04,7,0.1,73.18
747,US-2023-100746,11/21/2023,11/22/2023,Same Day,CU-1134,Customer 267,Home Office,United States,Philadelphia,Pennsylvania,10481,South,OFF-EN-10746,Office Supplies,Envelopes,Kraft Envelopes,78.81,3,0.15,18.18
748,US-2024-100747,03/06/2024,03/12/2024,Second Class,CU-1193,Customer 111,Corporate,United States,Chicago,Illinois,37494,West,FUR-FU-10747,Furniture,Furnishings,Eldon Desk Lamp,24.5,1,0.0,8.76
749,US-2024-100748,05/29/2024,06/05/2024,Standard Class,CU-1255,Customer 234,Corporate,United States,Seattle,Washington,63790,Central,TEC-PH-10748,Technology,Phones,Nokia Phone,650.34,6,0.0,161.92
750,US-2023-100749,07/01/2023,07/06/2023,Second Class,CU-1277,Customer 224,Corporate,United States,Columbus,Ohio,47359,South,OFF-FA-10749,Office Supplies,Fasteners,Bostitch Stapler,77.02,2,0.0,22.14
751,US-2023-100750,04/02/2023,04/08/2023,Standard Class,CU-1210,Customer 54,Corporate,United States,New York City,New York,91766,East,TEC-AC-10750,Technology,Accessories,Belkin Cable,2812.0,10,0.0,1177.85
752,US-2024-100751,07/18/2024,07/22/2024,Standard Class,CU-1100,Customer 241,Consumer,United States,Philadelphia,Pennsylvania,55955,South,TEC-CO-10751,Technology,Copiers,Canon Copier,1866.05,5,0.15,241.96
753,US-2024-100752,11/05/2024,11/08/2024,First Class,CU-1212,Customer 124,Consumer,United States,Seattle,Washington,64336,East,OFF-FA-10752,Office Supplies,Fasteners,Staples Fasteners,114.12,6,0.0,34.16
754,US-2023-100753,11/22/2023,11/25/2023,Second Class,CU-1292,Customer 221,Consumer,United States,Atlanta,Georgia,82841,South,FUR-BO-10753,Furniture,Bookcases,O'Sullivan Bookcase,745.2,6,0.2,120.05
755,US-2023-100754,06/27/2023,07/01/2023,First Class,CU-1264,Customer 82,Corporate,United States,Miami,Florida,40273,East,FUR-FU-10754,Furniture,Furnishings,Eldon Desk Lamp,1632.4,10,0.15,192.69
756,US-2024-100755,10/04/2024,10/07/2024,Second Class,CU-1165,Customer 105,Consumer,United States,Miami,Florida,22224,East,TEC-MA-10755,Technology,Machines,HP Printer,753.08,2,0.3,34.03
757,US-2023-100756,03/22/2023,03/27/2023,Same Day,CU-1012,Customer 67,Corporate,United States,Detroit,Michigan,93160,Central,OFF-LA-10756,Office Supplies,Labels,Smead Labels,250.6,10,0.0,45.56
758,US-2024-100757,01/23/2024,01/30/2024,First Class,CU-1026,Customer 141,Consumer,United States,Chicago,Illinois,28844,East,FUR-CH-10757,Furniture,Chairs,Global Task Chair,2011.05,5,0.0,615.74
759,US-2023-100758,10/17/2023,10/20/2023,Second Class,CU-1047,Customer 40,Corporate,United States,Houston,Texas,57369,West,TEC-PH-10758,Technology,Phones,Apple iPhone,625.12,8,0.2,54.94
760,US-2023-100759,08/04/2023,08/10/2023,Same Day,CU-1192,Customer 161,Home Office,United States,New York City,New York,69097,West,OFF-ST-10759,Office Supplies,Storage,Iris Storage Box,6.77,1,0.15,0.75
761,US-2023-100760,02/02/2023,02/03/2023,First Class,CU-1177,Customer 248,Home Office,United States,Atlanta,Georgia,88642,East,FUR-TA-10760,Furniture,Tables,Bretford Conference Table,522.39,3,0.3,23.43
762,US-2024-100761,06/14/2024,06/19/2024,Second Class,CU-1110,Customer 187,Consumer,United States,Los Angeles,California,38437,East,FUR-TA-10761,Furniture,Tables,Bretford Conference Table,1234.0,4,0.2,96.38
763,US-2023-100762,10/02/2023,10/05/2023,Same Day,CU-1102,Customer 48,Corporate,United States,Houston,Texas,82285,Central,OFF-AR-10762,Office Supplies,Art,Newell Highlighters,85.54,2,0.3,4.21
764,US-2023-100763,06/27/2023,06/29/2023,First Class,CU-1201,Customer 53,Home Office,United States,Seattle,Washington,87015,Central,OFF-SU-10763,Office Supplies,Supplies,Fiskars Scissors,138.78,9,0.15,31.8
765,US-2023-100764,11/23/2023,11/28/2023,Standard Class,CU-1196,Customer 220,Consumer,United States,Seattle,Washington,84336,Central,FUR-CH-10764,Furniture,Chairs,Novimex Chair,52.85,7,0.15,8.42
766,US-2024-100765,08/23/2024,08/27/2024,First Class,CU-1271,Customer 181,Corporate,United States,Seattle,Washington,13924,East,OFF-ST-10765,Office Supplies,Storage,Iris Storage Box,47.52,3,0.0,19.47
767,US-2024-100766,11/03/2024,11/06/2024,First Class,CU-1074,Customer 161,Consumer,United States,Chicago,Illinois,11262,Central,FUR-TA-10766,Furniture,Tables,Bevis Table,834.51,3,0.1,140.14
768,US-2023-100767,08/27/2023,09/01/2023,Standard Class,CU-1197,Customer 146,Home Office,United States,Columbus,Ohio,37810,West,TEC-PH-10767,Technology,Phones,Nokia Phone,1317.6,4,0.15,236.44
769,US-2023-100768,11/22/2023,11/29/2023,First Class,CU-1101,Customer 101,Consumer,United States,Miami,Florida,74740,South,FUR-TA-10768,Furniture,Tables,Bretford Conference Table,3165.0,10,0.3,125.84
770,US-2023-100769,12/01/2023,12/06/2023,Same Day,CU-1121,Customer 296,Consumer,United States,Atlanta,Georgia,47360,East,FUR-TA-10769,Furniture,Tables,Bevis Table,934.46,2,0.0,267.19
771,US-2023-100770,02/07/2023,02/12/2023,Standard Class,CU-1172,Customer 9,Consumer,United States,Miami,Florida,71589,East,TEC-PH-10770,Technology,Phones,Cisco Phone,1470.25,5,0.0,560.46
772,US-2023-100771,11/17/2023,11/21/2023,Standard Class,CU-1201,Customer 153,Home Office,United States,Detroit,Michigan,69582,South,OFF-PA-10771,Office Supplies,Paper,HP Paper,104.16,6,0.1,20.32
773,US-2023-100772,01/11/2023,01/13/2023,Standard Class,CU-1165,Customer 224,Consumer,United States,Los Angeles,California,32307,East,TEC-PH-10772,Technology,Phones,Nokia Phone,1531.0,10,0.0,278.91
774,US-2023-100773,04/24/2023,04/25/2023,First Class,CU-1038,Customer 136,Corporate,United States,Los Angeles,California,90314,South,FUR-TA-10773,Furniture,Tables,Bretford Conference Table,56.11,1,0.1,15.69
775,US-2023-100774,06/01/2023,06/08/2023,Same Day,CU-1228,Customer 63,Home Office,United States,Columbus,Ohio,79152,West,OFF-AR-10774,Office Supplies,Art,Newell Highlighters,49.6,10,0.15,5.79
776,US-2023-100775,08/20/2023,08/21/2023,First Class,CU-1151,Customer 43,Corporate,United States,Philadelphia,Pennsylvania,83205,West,TEC-CO-10775,Technology,Copiers,Konica Copier,943.5,5,0.1,245.51
777,US-2023-100776,08/06/2023,08/07/2023,Second Class,CU-1239,Customer 198,Consumer,United States,Los Angeles,California,73916,East,TEC-MA-10776,Technology,Machines,HP Printer,1360.76,2,0.0,562.11
778,US-2024-100777,05/31/2024,06/01/2024,Second Class,CU-1112,Customer 187,Corporate,United States,Houston,Texas,69301,West,OFF-BI-10777,Office Supplies,Binders,Acco Binder,202.8,5,0.3,8.29
779,US-2024-100778,08/14/2024,08/20/2024,Standard Class,CU-1075,Customer 237,Consumer,United States,Seattle,Washington,24444,West,OFF-BI-10778,Office Supplies,Binders,GBC Binder,83.45,5,0.15,10.26
780,US-2024-100779,04/08/2024,04/11/2024,First Class,CU-1060,Customer 282,Consumer,United States,Detroit,Michigan,56455,South,FUR-FU-10779,Furniture,Furnishings,Tenex Lamp,3931.95,5,0.0,1146.87
781,US-2024-100780,03/27/2024,03/30/2024,First Class,CU-1050,Customer 26,Home Office,United States,Los Angeles,California,60137,South,FUR-CH-10780,Furniture,Chairs,Novimex Chair,1125.72,9,0.15,192.62
782,US-2024-100781,09/14/2024,09/18/2024,Same Day,CU-1055,Customer 26,Home Office,United States,Detroit,Michigan,42629,East,FUR-TA-10781,Furniture,Tables,Lesro Table,3478.44,7,0.0,1114.99
783,US-2024-100782,06/28/2024,06/29/2024,First Class,CU-1115,Customer 208,Corporate,United States,New York City,New York,61496,East,FUR-BO-10782,Furniture,Bookcases,Sauder Bookcase,575.57,1,0.2,59.25
784,US-2024-100783,10/14/2024,10/17/2024,First Class,CU-1001,Customer 49,Consumer,United States,Columbus,Ohio,75960,South,FUR-TA-10783,Furniture,Tables,Bevis Table,1166.92,4,0.0,428.85
785,US-2023-100784,06/20/2023,06/22/2023,First Class,CU-1233,Customer 73,Consumer,United States,New York City,New York,97298,South,TEC-AC-10784,Technology,Accessories,Belkin Cable,748.72,4,0.0,188.83
786,US-2024-100785,11/26/2024,12/03/2024,Standard Class,CU-1180,Customer 243,Home Office,United States,Houston,Texas,10131,South,OFF-EN-10785,Office Supplies,Envelopes,Kraft Envelopes,55.71,3,0.1,15.56
787,US-2023-100786,08/22/2023,08/27/2023,Second Class,CU-1075,Customer 49,Consumer,United States,Seattle,Washington,49924,Central,FUR-FU-10786,Furniture,Furnishings,Eldon Desk Lamp,239.58,1,0.0,75.22
788,US-2024-100787,01/09/2024,01/13/2024,Standard Class,CU-1180,Customer 155,Home Office,United States,Seattle,Washington,53743,South,OFF-SU-10787,Office Supplies,Supplies,Fiskars Scissors,62.37,9,0.1,15.04
789,US-2024-100788,01/01/2024,01/05/2024,Standard Class,CU-1125,Customer 296,Home Office,United States,Houston,Texas,66455,Central,FUR-TA-10788,Furniture,Tables,Bretford Conference Table,262.77,3,0.15,57.78
790,US-2024-100789,10/03/2024,10/09/2024,Same Day,CU-1269,Customer 90,Corporate,United States,Seattle,Washington,99006,Central,FUR-BO-10789,Furniture,Bookcases,O'Sullivan Bookcase,566.58,7,0.3,16.3
791,US-2024-100790,06/16/2024,06/22/2024,First Class,CU-1062,Customer 222,Corporate,United States,Atlanta,Georgia,84273,Central,OFF-FA-10790,Office Supplies,Fasteners,Bostitch Stapler,184.5,5,0.1,29.22
792,US-2024-100791,06/19/2024,06/22/2024,Second Class,CU-1155,Customer 250,Corporate,United States,Houston,Texas,18469,Central,OFF-ST-10791,Office Supplies,Storage,Fellowes Storage Box,445.68,8,0.3,13.44
793,US-2023-100792,02/24/2023,02/28/2023,First Class,CU-1002,Customer 221,Corporate,United States,New York City,New York,96540,East,FUR-FU-10792,Furniture,Furnishings,Eldon Desk Lamp,1388.88,4,0.1,374.24
794,US-2024-100793,11/12/2024,11/19/2024,Second Class,CU-1044,Customer 139,Consumer,United States,Detroit,Michigan,35785,South,FUR-TA-10793,Furniture,Tables,Lesro Table,2483.7,6,0.1,651.78
795,US-2023-100794,09/12/2023,09/19/2023,Same Day,CU-1216,Customer 205,Consumer,United States,Columbus,Ohio,44243,Central,TEC-PH-10794,Technology,Phones,Nokia Phone,694.52,4,0.0,202.06
796,US-2024-100795,08/15/2024,08/17/2024,Second Class,CU-1128,Customer 70,Corporate,United States,Columbus,Ohio,82651,West,TEC-AC-10795,Technology,Accessories,Logitech Mouse,2567.7,10,0.15,500.83
797,US-2024-100796,07/12/2024,07/14/2024,Same Day,CU-1223,Customer 50,Consumer,United States,Philadelphia,Pennsylvania,79018,South,OFF-PA-10796,Office Supplies,Paper,Xerox Paper,102.25,5,0.2,17.62
798,US-2024-100797,03/06/2024,03/10/2024,Same Day,CU-1014,Customer 287,Consumer,United States,Philadelphia,Pennsylvania,65170,East,TEC-AC-10797,Technology,Accessories,Belkin Cable,2792.64,6,0.15,417.74
799,US-2024-100798,07/10/2024,07/15/2024,First Class,CU-1027,Customer 202,Consumer,United States,Atlanta,Georgia,62814,East,FUR-TA-10798,Furniture,Tables,Lesro Table,1207.9,10,0.2,137.91
800,US-2023-100799,12/08/2023,12/13/2023,Standard Class,CU-1148,Customer 290,Corporate,United States,New York City,New York,53425,East,OFF-SU-10799,Office Supplies,Supplies,Acme Scissors,95.24,2,0.0,22.97
801,US-2023-100800,05/20/2023,05/22/2023,Second Class,CU-1154,Customer 160,Home Office,United States,Philadelphia,Pennsylvania,10845,South,FUR-BO-10800,Furniture,Bookcases,O'Sullivan Bookcase,5086.26,9,0.0,1590.48
802,US-2024-100801,06/16/2024,06/17/2024,Second Class,CU-1104,Customer 54,Corporate,United States,New York City,New York,13231,South,TEC-MA-10801,Technology,Machines,Cubify Printer,964.8,2,0.0,205.01
803,US-2023-100802,08/29/2023,09/05/2023,First Class,CU-1224,Customer 64,Corporate,United States,Houston,Texas,29168,East,OFF-LA-10802,Office Supplies,Labels,Avery Labels,92.9,5,0.15,15.58
804,US-2023-100803,07/25/2023,07/29/2023,Same Day,CU-1148,Customer 149,Home Office,United States,Detroit,Michigan,23109,South,FUR-CH-10803,Furniture,Chairs,Global Task Chair,300.39,3,0.2,45.92
805,US-2024-100804,03/02/2024,03/09/2024,Same Day,CU-1075,Customer 15,Corporate,United States,Philadelphia,Pennsylvania,69910,East,OFF-PA-10804,Office Supplies,Paper,HP Paper,68.11,7,0.3,3.61
806,US-2024-100805,03/31/2024,04/01/2024,First Class,CU-1071,Customer 240,Home Office,United States,Atlanta,Georgia,70076,Central,TEC-CO-10805,Technology,Copiers,Canon Copier,397.7,10,0.1,52.08
807,US-2024-100806,02/04/2024,02/09/2024,Standard Class,CU-1089,Customer 78,Corporate,United States,Detroit,Michigan,95974,Central,FUR-CH-10806,Furniture,Chairs,Harbour Creations Chair,1571.67,9,0.2,152.66
808,US-2024-100807,01/21/2024,01/25/2024,Second Class,CU-1294,Customer 260,Home Office,United States,Philadelphia,Pennsylvania,78869,Central,OFF-AR-10807,Office Supplies,Art,BIC Markers,100.05,5,0.15,10.96
809,US-2023-100808,02/16/2023,02/17/2023,Second Class,CU-1118,Customer 50,Home Office,United States,New York City,New York,23922,South,FUR-TA-10808,Furniture,Tables,Chromcraft Table,3803.3,10,0.2,616.66
810,US-2023-100809,06/28/2023,07/04/2023,Same Day,CU-1215,Customer 33,Consumer,United States,New York City,New York,90203,Central,TEC-CO-10809,Technology,Copiers,Konica Copier,817.24,4,0.3,43.19
811,US-2023-100810,06/28/2023,07/01/2023,Standard Class,CU-1230,Customer 194,Consumer,United States,Los Angeles,California,93544,West,FUR-BO-10810,Furniture,Bookcases,Sauder Bookcase,1460.08,8,0.1,337.49
812,US-2023-100811,06/15/2023,06/19/2023,Second Class,CU-1044,Customer 299,Consumer,United States,Chicago,Illinois,92459,East,FUR-TA-10811,Furniture,Tables,Bevis Table,2058.72,8,0.3,72.08
813,US-2024-100812,07/13/2024,07/20/2024,Standard Class,CU-1174,Customer 95,Home Office,United States,Atlanta,Georgia,94178,South,FUR-BO-10812,Furniture,Bookcases,O'Sullivan Bookcase,298.03,1,0.1,77.64
814,US-2023-100813,05/22/2023,05/29/2023,Standard Class,CU-1224,Customer 219,Home Office,United States,Detroit,Michigan,59298,East,FUR-CH-10813,Furniture,Chairs,Novimex Chair,3157.65,9,0.1,591.7
815,US-2023-100814,08/25/2023,08/26/2023,First Class,CU-1011,Customer 115,Corporate,United States,Philadelphia,Pennsylvania,42949,South,TEC-PH-10814,Technology,Phones,Samsung Galaxy,3440.61,9,0.1,490.84
816,US-2023-100815,09/05/2023,09/12/2023,First Class,CU-1204,Customer 30,Home Office,United States,Atlanta,Georgia,24532,South,TEC-AC-10815,Technology,Accessories,Logitech Mouse,294.3,3,0.1,40.64
817,US-2023-100816,03/02/2023,03/04/2023,Second Class,CU-1280,Customer 169,Home Office,United States,Columbus,Ohio,18169,West,OFF-LA-10816,Office Supplies,Labels,Avery Labels,201.42,6,0.15,27.5
818,US-2023-100817,12/21/2023,12/22/2023,Same Day,CU-1041,Customer 283,Corporate,United States,Los Angeles,California,26969,Central,OFF-ST-10817,Office Supplies,Storage,SAFCO Storage Bin,143.9,10,0.3,7.8
819,US-2024-100818,03/17/2024,03/21/2024,First Class,CU-1116,Customer 11,Consumer,United States,Columbus,Ohio,13454,West,TEC-PH-10818,Technology,Phones,Apple iPhone,766.17,1,0.15,131.06
820,US-2023-100819,05/09/2023,05/13/2023,Same Day,CU-1281,Customer 71,Consumer,United States,Miami,Florida,67403,East,TEC-CO-10819,Technology,Copiers,Canon Copier,3049.74,9,0.15,327.24
821,US-2023-100820,09/01/2023,09/03/2023,Standard Class,CU-1005,Customer 117,Corporate,United States,Los Angeles,California,80283,East,TEC-AC-10820,Technology,Accessories,Kensington Keyboard,1597.76,4,0.1,321.78
822,US-2023-100821,10/17/2023,10/18/2023,First Class,CU-1179,Customer 126,Corporate,United States,Houston,Texas,27002,South,FUR-CH-10821,Furniture,Chairs,Hon Executive Chair,1946.72,2,0.0,401.11
823,US-2023-100822,07/30/2023,08/03/2023,First Class,CU-1112,Customer 228,Home Office,United States,Detroit,Michigan,49677,Central,OFF-ST-10822,Office Supplies,Storage,SAFCO Storage Bin,85.22,2,0.0,20.14
824,US-2024-100823,07/08/2024,07/13/2024,Standard Class,CU-1027,Customer 178,Corporate,United States,Columbus,Ohio,91509,South,TEC-AC-10823,Technology,Accessories,Belkin Cable,1767.0,4,0.2,298.2
825,US-2023-100824,08/04/2023,08/05/2023,First Class,CU-1072,Customer 19,Consumer,United States,Detroit,Michigan,67708,South,OFF-ST-10824,Office Supplies,Storage,Fellowes Storage Box,67.23,3,0.2,6.67
826,US-2023-100825,11/04/2023,11/11/2023,Standard Class,CU-1030,Customer 143,Home Office,United States,Miami,Florida,60323,South,FUR-BO-10825,Furniture,Bookcases,Hon Bookcase,66.64,1,0.1,11.57
827,US-2023-100826,07/08/2023,07/14/2023,Same Day,CU-1272,Customer 27,Home Office,United States,Miami,Florida,49996,East,FUR-FU-10826,Furniture,Furnishings,Deflecto Frame,1411.12,8,0.0,324.54
828,US-2024-100827,08/28/2024,08/30/2024,Standard Class,CU-1174,Customer 223,Corporate,United States,Seattle,Washington,17486,East,TEC-AC-10827,Technology,Accessories,Logitech Mouse,1584.3,10,0.1,453.86
829,US-2024-100828,06/15/2024,06/18/2024,Second Class,CU-1195,Customer 240,Home Office,United States,Atlanta,Georgia,41224,West,TEC-CO-10828,Technology,Copiers,Konica Copier,8794.17,9,0.15,1401.24
830,US-2023-100829,12/12/2023,12/17/2023,Same Day,CU-1019,Customer 141,Corporate,United States,Seattle,Washington,45225,Central,FUR-TA-10829,Furniture,Tables,Chromcraft Table,557.46,2,0.0,202.9
831,US-2023-100830,07/03/2023,07/07/2023,Same Day,CU-1008,Customer 226,Consumer,United States,Seattle,Washington,71137,East,TEC-PH-10830,Technology,Phones,Apple iPhone,3738.0,5,0.2,539.7
832,US-2023-100831,10/11/2023,10/16/2023,First Class,CU-1032,Customer 226,Consumer,United States,New York City,New York,43817,Central,OFF-SU-10831,Office Supplies,Supplies,Acme Scissors,104.65,7,0.0,33.17
833,US-2024-100832,11/02/2024,11/03/2024,Second Class,CU-1058,Customer 20,Consumer,United States,Atlanta,Georgia,99711,South,OFF-SU-10832,Office Supplies,Supplies,Acme Scissors,50.68,4,0.3,1.58
834,US-2023-100833,09/21/2023,09/22/2023,First Class,CU-1276,Customer 23,Home Office,United States,Seattle,Washington,40762,Central,TEC-AC-10833,Technology,Accessories,Logitech Mouse,4772.7,9,0.3,157.4
835,US-2023-100834,11/30/2023,12/05/2023,First Class,CU-1212,Customer 37,Home Office,United States,Chicago,Illinois,65898,Central,FUR-BO-10834,Furniture,Bookcases,Hon Bookcase,190.86,2,0.2,15.87
836,US-2024-100835,10/29/2024,11/01/2024,Same Day,CU-1150,Customer 16,Consumer,United States,Miami,Florida,58274,East,FUR-BO-10835,Furniture,Bookcases,Bush Bookcase,1454.1,10,0.1,267.01
837,US-2024-100836,06/07/2024,06/13/2024,First Class,CU-1110,Customer 194,Home Office,United States,Columbus,Ohio,14272,West,OFF-AR-10836,Office Supplies,Art,Sharpie Markers,75.57,1,0.0,24.5
838,US-2024-100837,10/07/2024,10/12/2024,Same Day,CU-1275,Customer 63,Home Office,United States,Atlanta,Georgia,16741,South,OFF-ST-10837,Office Supplies,Storage,Fellowes Storage Box,72.12,4,0.2,9.22
839,US-2023-100838,09/07/2023,09/10/2023,Second Class,CU-1185,Customer 119,Corporate,United States,Seattle,Washington,51263,East,TEC-CO-10838,Technology,Copiers,Konica Copier,424.3,5,0.0,161.16
840,US-2024-100839,06/01/2024,06/02/2024,First Class,CU-1247,Customer 118,Corporate,United States,Detroit,Michigan,64899,West,TEC-MA-10839,Technology,Machines,Lexmark Printer,378.49,7,0.1,52.59
841,US-2024-100840,09/12/2024,09/15/2024,First Class,CU-1174,Customer 161,Consumer,United States,Houston,Texas,20683,South,TEC-MA-10840,Technology,Machines,HP Printer,296.84,4,0.15,57.7
842,US-2023-100841,07/04/2023,07/08/2023,Standard Class,CU-1085,Customer 62,Corporate,United States,Chicago,Illinois,44521,South,OFF-AR-10841,Office Supplies,Art,Sharpie Markers,466.32,8,0.3,26.04
843,US-2023-100842,03/16/2023,03/18/2023,Same Day,CU-1216,Customer 182,Consumer,United States,Houston,Texas,62732,West,TEC-PH-10842,Technology,Phones,Samsung Galaxy,210.18,1,0.15,21.72
844,US-2023-100843,04/21/2023,04/27/2023,Standard Class,CU-1037,Customer 182,Corporate,United States,Atlanta,Georgia,63592,South,TEC-AC-10843,Technology,Accessories,Logitech Mouse,9157.26,6,0.1,2092.51
845,US-2024-100844,08/26/2024,09/02/2024,Standard Class,CU-1077,Customer 4,Home Office,United States,Houston,Texas,87732,Central,TEC-CO-10844,Technology,Copiers,Konica Copier,7288.72,8,0.3,216.56
846,US-2023-100845,10/14/2023,10/21/2023,Standard Class,CU-1118,Customer 153,Corporate,United States,Atlanta,Georgia,54710,East,TEC-CO-10845,Technology,Copiers,Konica Copier,6995.52,6,0.15,872.63
847,US-2023-100846,05/27/2023,05/28/2023,Second Class,CU-1220,Customer 266,Corporate,United States,Houston,Texas,85384,Central,TEC-CO-10846,Technology,Copiers,Konica Copier,4042.92,6,0.15,584.61
848,US-2024-100847,03/25/2024,03/27/2024,Second Class,CU-1147,Customer 133,Home Office,United States,Philadelphia,Pennsylvania,23909,West,FUR-TA-10847,Furniture,Tables,Chromcraft Table,957.99,3,0.0,235.21
849,US-2023-100848,06/22/2023,06/23/2023,Standard Class,CU-1276,Customer 276,Consumer,United States,Detroit,Michigan,10873,South,TEC-AC-10848,Technology,Accessories,Logitech Mouse,327.12,2,0.0,101.5
850,US-2024-100849,06/17/2024,06/19/2024,Same Day,CU-1151,Customer 57,Home Office,United States,Philadelphia,Pennsylvania,25720,South,FUR-TA-10849,Furniture,Tables,Lesro Table,1038.95,5,0.2,124.45
851,US-2023-100850,12/29/2023,01/05/2024,Standard Class,CU-1113,Customer 39,Corporate,United States,New York City,New York,30542,Central,OFF-SU-10850,Office Supplies,Supplies,Fiskars Scissors,82.12,2,0.0,34.35
852,US-2023-100851,11/22/2023,11/24/2023,Standard Class,CU-1004,Customer 126,Consumer,United States,Detroit,Michigan,86853,South,OFF-SU-10851,Office Supplies,Supplies,Acme Scissors,290.64,6,0.0,81.72
853,US-2024-100852,05/23/2024,05/26/2024,Second Class,CU-1101,Customer 46,Home Office,United States,Houston,Texas,38074,East,FUR-CH-10852,Furniture,Chairs,Harbour Creations Chair,584.56,8,0.0,171.69
854,US-2023-100853,02/09/2023,02/13/2023,First Class,CU-1194,Customer 299,Consumer,United States,Houston,Texas,93586,Central,OFF-ST-10853,Office Supplies,Storage,Iris Storage Box,192.87,9,0.2,18.69
855,US-2024-100854,10/07/2024,10/11/2024,First Class,CU-1278,Customer 247,Corporate,United States,Philadelphia,Pennsylvania,22652,West,OFF-AR-10854,Office Supplies,Art,BIC Markers,93.72,4,0.1,22.67
856,US-2023-100855,04/29/2023,05/01/2023,Same Day,CU-1163,Customer 59,Corporate,United States,Miami,Florida,62178,West,FUR-TA-10855,Furniture,Tables,Bevis Table,1514.4,8,0.1,254.86
857,US-2023-100856,08/09/2023,08/16/2023,Same Day,CU-1031,Customer 288,Corporate,United States,Detroit,Michigan,44289,Central,OFF-SU-10856,Office Supplies,Supplies,Fiskars Scissors,39.8,4,0.0,9.8
858,US-2023-100857,10/02/2023,10/06/2023,Second Class,CU-1173,Customer 24,Corporate,United States,Los Angeles,California,68672,South,OFF-FA-10857,Office Supplies,Fasteners,Bostitch Stapler,565.88,7,0.15,77.24
859,US-2024-100858,09/11/2024,09/16/2024,Standard Class,CU-1010,Customer 195,Consumer,United States,Houston,Texas,53684,Central,FUR-CH-10858,Furniture,Chairs,Global Task Chair,347.76,2,0.2,48.38
860,US-2023-100859,06/10/2023,06/17/2023,Same Day,CU-1117,Customer 149,Consumer,United States,Chicago,Illinois,59005,Central,TEC-PH-10859,Technology,Phones,Apple iPhone,1277.19,9,0.0,336.81
861,US-2023-100860,04/15/2023,04/20/2023,Same Day,CU-1248,Customer 22,Consumer,United States,Detroit,Michigan,47105,Central,OFF-BI-10860,Office Supplies,Binders,Avery Binder,82.13,1,0.0,31.39
862,US-2024-100861,11/02/2024,11/06/2024,Second Class,CU-1138,Customer 44,Consumer,United States,Miami,Florida,19684,South,FUR-CH-10861,Furniture,Chairs,Global Task Chair,569.79,1,0.1,146.0
863,US-2023-100862,07/18/2023,07/25/2023,First Class,CU-1165,Customer 218,Home Office,United States,Miami,Florida,13071,Central,FUR-BO-10862,Furniture,Bookcases,O'Sullivan Bookcase,463.82,2,0.3,21.14
864,US-2024-100863,04/27/2024,05/01/2024,First Class,CU-1219,Customer 48,Consumer,United States,Atlanta,Georgia,63258,Central,OFF-SU-10863,Office Supplies,Supplies,Acme Scissors,34.04,2,0.1,10.03
865,US-2024-100864,05/23/2024,05/29/2024,Same Day,CU-1190,Customer 280,Home Office,United States,Los Angeles,California,24195,South,OFF-PA-10864,Office Supplies,Paper,Boise Paper,45.81,9,0.2,4.61
866,US-2023-100865,04/22/2023,04/28/2023,First Class,CU-1170,Customer 74,Home Office,United States,Atlanta,Georgia,20962,East,FUR-BO-10865,Furniture,Bookcases,Hon Bookcase,1210.76,4,0.15,183.76
867,US-2024-100866,02/17/2024,02/22/2024,Same Day,CU-1267,Customer 291,Consumer,United States,Houston,Texas,17724,South,TEC-MA-10866,Technology,Machines,Cubify Printer,1710.72,8,0.2,173.2
868,US-2024-100867,09/05/2024,09/09/2024,Standard Class,CU-1137,Customer 108,Home Office,United States,Atlanta,Georgia,74058,South,OFF-FA-10867,Office Supplies,Fasteners,Bostitch Stapler,146.82,6,0.0,27.01
869,US-2023-100868,03/25/2023,03/26/2023,Same Day,CU-1039,Customer 193,Consumer,United States,Detroit,Michigan,11785,West,OFF-BI-10868,Office Supplies,Binders,Acco Binder,619.36,8,0.3,25.95
870,US-2023-100869,02/09/2023,02/13/2023,Same Day,CU-1087,Customer 269,Corporate,United States,New York City,New York,28332,South,TEC-PH-10869,Technology,Phones,Samsung Galaxy,803.08,4,0.15,178.09
871,US-2024-100870,06/19/2024,06/22/2024,First Class,CU-1288,Customer 85,Consumer,United States,Seattle,Washington,48036,West,OFF-LA-10870,Office Supplies,Labels,Hon Labels,70.44,2,0.15,16.86
872,US-2023-100871,12/05/2023,12/11/2023,Second Class,CU-1084,Customer 269,Home Office,United States,Chicago,Illinois,72111,East,TEC-AC-10871,Technology,Accessories,Belkin Cable,5728.4,10,0.1,1189.33
873,US-2023-100872,11/16/2023,11/22/2023,Second Class,CU-1102,Customer 49,Home Office,United States,Los Angeles,California,70108,Central,OFF-FA-10872,Office Supplies,Fasteners,Staples Fasteners,171.24,3,0.15,18.73
874,US-2023-100873,08/20/2023,08/23/2023,Standard Class,CU-1098,Customer 141,Corporate,United States,Detroit,Michigan,65858,Central,FUR-BO-10873,Furniture,Bookcases,Hon Bookcase,1925.9,10,0.0,368.54
875,US-2023-100874,03/21/2023,03/26/2023,Second Class,CU-1052,Customer 111,Corporate,United States,Chicago,Illinois,33373,Central,OFF-FA-10874,Office Supplies,Fasteners,Bostitch Stapler,191.34,9,0.2,27.24
876,US-2023-100875,12/05/2023,12/10/2023,First Class,CU-1242,Customer 108,Consumer,United States,Miami,Florida,10350,West,TEC-PH-10875,Technology,Phones,Samsung Galaxy,2503.89,9,0.2,357.32
877,US-2023-100876,11/28/2023,11/29/2023,Standard Class,CU-1070,Customer 262,Corporate,United States,Los Angeles,California,65758,South,FUR-BO-10876,Furniture,Bookcases,O'Sullivan Bookcase,820.26,3,0.0,239.1
878,US-2024-100877,01/30/2024,02/05/2024,Same Day,CU-1181,Customer 160,Home Office,United States,Miami,Florida,51546,East,OFF-PA-10877,Office Supplies,Paper,Boise Paper,132.96,2,0.0,41.51
879,US-2024-100878,07/27/2024,07/31/2024,Same Day,CU-1128,Customer 62,Home Office,United States,Miami,Florida,67070,Central,TEC-MA-10878,Technology,Machines,Cubify Printer,1340.6,5,0.3,40.22
880,US-2023-100879,08/07/2023,08/12/2023,Second Class,CU-1195,Customer 192,Consumer,United States,Miami,Florida,11398,West,FUR-BO-10879,Furniture,Bookcases,Bush Bookcase,87.2,8,0.3,3.24
881,US-2024-100880,01/13/2024,01/16/2024,Standard Class,CU-1139,Customer 18,Home Office,United States,New York City,New York,46038,South,OFF-EN-10880,Office Supplies,Envelopes,Kraft Envelopes,46.32,1,0.2,4.98
882,US-2023-100881,02/01/2023,02/08/2023,Same Day,CU-1232,Customer 252,Consumer,United States,Atlanta,Georgia,72055,East,OFF-LA-10881,Office Supplies,Labels,Smead Labels,131.6,5,0.1,30.85
883,US-2023-100882,05/15/2023,05/16/2023,Same Day,CU-1061,Customer 29,Corporate,United States,Houston,Texas,93555,East,FUR-TA-10882,Furniture,Tables,Bretford Conference Table,3031.8,10,0.3,92.05
884,US-2023-100883,12/07/2023,12/14/2023,First Class,CU-1086,Customer 188,Home Office,United States,Los Angeles,California,11857,South,OFF-ST-10883,Office Supplies,Storage,SAFCO Storage Bin,26.55,5,0.0,8.91
885,US-2023-100884,03/27/2023,03/29/2023,Same Day,CU-1022,Customer 142,Home Office,United States,Seattle,Washington,36041,South,OFF-LA-10884,Office Supplies,Labels,Avery Labels,64.36,4,0.2,5.82
886,US-2024-100885,04/22/2024,04/27/2024,Standard Class,CU-1289,Customer 238,Consumer,United States,Columbus,Ohio,25238,East,FUR-BO-10885,Furniture,Bookcases,Bush Bookcase,1822.95,5,0.2,203.85
887,US-2023-100886,06/23/2023,06/30/2023,Standard Class,CU-1111,Customer 192,Corporate,United States,Los Angeles,California,20652,West,FUR-BO-10886,Furniture,Bookcases,O'Sullivan Bookcase,386.4,6,0.2,54.4
888,US-2023-100887,07/02/2023,07/05/2023,Second Class,CU-1289,Customer 162,Corporate,United States,Seattle,Washington,39617,West,OFF-BI-10887,Office Supplies,Binders,Avery Binder,175.8,5,0.0,47.1
889,US-2023-100888,04/05/2023,04/09/2023,First Class,CU-1296,Customer 187,Corporate,United States,Seattle,Washington,94125,South,OFF-BI-10888,Office Supplies,Binders,Avery Binder,121.6,5,0.1,30.04
890,US-2023-100889,08/04/2023,08/10/2023,Same Day,CU-1177,Customer 148,Consumer,United States,Atlanta,Georgia,54850,Central,TEC-MA-10889,Technology,Machines,Cubify Printer,1773.6,10,0.15,216.02
891,US-2024-100890,06/13/2024,06/19/2024,Second Class,CU-1243,Customer 72,Corporate,United States,New York City,New York,86915,Central,FUR-CH-10890,Furniture,Chairs,Harbour Creations Chair,412.12,4,0.15,56.26
892,US-2023-100891,01/09/2023,01/11/2023,Same Day,CU-1243,Customer 172,Corporate,United States,Columbus,Ohio,94919,East,OFF-FA-10891,Office Supplies,Fasteners,Staples Fasteners,60.24,6,0.3,1.73
893,US-2024-100892,03/25/2024,04/01/2024,Same Day,CU-1294,Customer 223,Home Office,United States,Los Angeles,California,62341,South,FUR-TA-10892,Furniture,Tables,Chromcraft Table,655.35,3,0.15,115.7
894,US-2023-100893,11/04/2023,11/05/2023,Second Class,CU-1259,Customer 56,Corporate,United States,Miami,Florida,65822,Central,FUR-TA-10893,Furniture,Tables,Chromcraft Table,2381.2,10,0.1,498.74
895,US-2024-100894,09/03/2024,09/09/2024,Second Class,CU-1290,Customer 72,Consumer,United States,Seattle,Washington,96954,Central,TEC-CO-10894,Technology,Copiers,Canon Copier,741.78,3,0.2,68.59
896,US-2024-100895,04/16/2024,04/17/2024,Second Class,CU-1102,Customer 89,Corporate,United States,Houston,Texas,50308,East,FUR-BO-10895,Furniture,Bookcases,Bush Bookcase,236.37,3,0.1,48.52
897,US-2024-100896,07/22/2024,07/29/2024,First Class,CU-1002,Customer 245,Consumer,United States,Houston,Texas,55182,East,FUR-CH-10896,Furniture,Chairs,Global Task Chair,2009.14,7,0.0,708.05
898,US-2023-100897,09/06/2023,09/13/2023,Standard Class,CU-1198,Customer 66,Corporate,United States,Philadelphia,Pennsylvania,27501,South,OFF-FA-10897,Office Supplies,Fasteners,Staples Fasteners,375.28,8,0.3,14.32
899,US-2023-100898,12/22/2023,12/26/2023,Standard Class,CU-1113,Customer 92,Consumer,United States,New York City,New York,58382,Central,OFF-PA-10898,Office Supplies,Paper,Boise Paper,273.07,7,0.2,31.77
900,US-2023-100899,05/22/2023,05/26/2023,Second Class,CU-1022,Customer 109,Corporate,United States,Chicago,Illinois,67068,East,OFF-LA-10899,Office Supplies,Labels,Smead Labels,897.6,10,0.15,204.69
901,US-2024-100900,11/22/2024,11/29/2024,Same Day,CU-1017,Customer 134,Corporate,United States,Miami,Florida,33529,West,OFF-FA-10900,Office Supplies,Fasteners,Staples Fasteners,151.34,7,0.0,37.05
902,US-2024-100901,11/02/2024,11/09/2024,Same Day,CU-1006,Customer 83,Corporate,United States,New York City,New York,26874,South,OFF-ST-10901,Office Supplies,Storage,Iris Storage Box,124.38,2,0.1,30.48
903,US-2024-100902,03/08/2024,03/15/2024,Standard Class,CU-1155,Customer 218,Corporate,United States,Miami,Florida,93115,East,TEC-CO-10902,Technology,Copiers,Canon Copier,1542.56,8,0.3,90.39
904,US-2024-100903,01/09/2024,01/10/2024,Second Class,CU-1217,Customer 273,Corporate,United States,Detroit,Michigan,98436,East,TEC-CO-10903,Technology,Copiers,Konica Copier,1333.04,8,0.3,48.96
905,US-2024-100904,04/10/2024,04/14/2024,Standard Class,CU-1237,Customer 145,Consumer,United States,Atlanta,Georgia,25931,South,FUR-BO-10904,Furniture,Bookcases,Bush Bookcase,2287.6,10,0.1,365.06
906,US-2023-100905,12/12/2023,12/18/2023,First Class,CU-1012,Customer 278,Corporate,United States,Miami,Florida,33426,Central,OFF-EN-10905,Office Supplies,Envelopes,Kraft Envelopes,715.1,10,0.3,27.12
907,US-2024-100906,09/02/2024,09/03/2024,First Class,CU-1018,Customer 273,Home Office,United States,Los Angeles,California,61932,West,OFF-FA-10906,Office Supplies,Fasteners,Staples Fasteners,158.08,8,0.1,28.0
908,US-2024-100907,03/17/2024,03/20/2024,First Class,CU-1234,Customer 125,Home Office,United States,Philadelphia,Pennsylvania,78623,South,FUR-BO-10907,Furniture,Bookcases,Sauder Bookcase,132.57,3,0.3,3.99
909,US-2024-100908,01/27/2024,02/01/2024,Standard Class,CU-1172,Customer 155,Corporate,United States,New York City,New York,62525,East,FUR-BO-10908,Furniture,Bookcases,Bush Bookcase,2314.86,6,0.0,488.33
910,US-2023-100909,09/25/2023,09/28/2023,Second Class,CU-1025,Customer 192,Home Office,United States,Atlanta,Georgia,71986,West,FUR-TA-10909,Furniture,Tables,Bretford Conference Table,1372.14,7,0.0,506.93
911,US-2024-100910,09/11/2024,09/15/2024,Second Class,CU-1145,Customer 140,Consumer,United States,Los Angeles,California,63370,West,OFF-PA-10910,Office Supplies,Paper,Boise Paper,93.72,3,0.1,19.94
912,US-2023-100911,04/10/2023,04/12/2023,Second Class,CU-1009,Customer 167,Consumer,United States,Columbus,Ohio,18352,Central,FUR-FU-10911,Furniture,Furnishings,Tenex Lamp,545.2,5,0.1,112.27
913,US-2024-100912,07/25/2024,07/26/2024,First Class,CU-1174,Customer 164,Corporate,United States,Philadelphia,Pennsylvania,68246,West,TEC-CO-10912,Technology,Copiers,Konica Copier,3634.4,10,0.1,798.68
914,US-2023-100913,09/19/2023,09/23/2023,Standard Class,CU-1292,Customer 41,Home Office,United States,Miami,Florida,73771,Central,OFF-SU-10913,Office Supplies,Supplies,Acme Scissors,55.89,9,0.3,1.73
915,US-2024-100914,11/21/2024,11/25/2024,Standard Class,CU-1079,Customer 300,Consumer,United States,Philadelphia,Pennsylvania,91823,Central,FUR-CH-10914,Furniture,Chairs,Harbour Creations Chair,3402.15,5,0.1,872.31
916,US-2023-100915,08/29/2023,09/02/2023,Second Class,CU-1193,Customer 64,Consumer,United States,Philadelphia,Pennsylvania,61871,West,TEC-CO-10915,Technology,Copiers,Konica Copier,697.2,1,0.1,155.04
917,US-2024-100916,07/17/2024,07/21/2024,First Class,CU-1111,Customer 215,Home Office,United States,Miami,Florida,46553,Central,FUR-BO-10916,Furniture,Bookcases,Bush Bookcase,658.44,3,0.0,238.94
918,US-2023-100917,08/19/2023,08/26/2023,Same Day,CU-1253,Customer 238,Corporate,United States,Miami,Florida,68911,West,OFF-ST-10917,Office Supplies,Storage,SAFCO Storage Bin,272.52,6,0.2,35.77
919,US-2024-100918,11/02/2024,11/04/2024,Standard Class,CU-1196,Customer 298,Home Office,United States,Philadelphia,Pennsylvania,64801,South,FUR-FU-10918,Furniture,Furnishings,Advantus Frame,120.78,1,0.2,19.58
920,US-2024-100919,05/30/2024,05/31/2024,Same Day,CU-1011,Customer 167,Home Office,United States,Atlanta,Georgia,42760,West,OFF-BI-10919,Office Supplies,Binders,GBC Binder,507.2,10,0.0,105.98
921,US-2024-100920,07/19/2024,07/24/2024,Second Class,CU-1082,Customer 235,Corporate,United States,Miami,Florida,41367,West,TEC-CO-10920,Technology,Copiers,Canon Copier,1524.9,6,0.0,544.43
922,US-2023-100921,07/31/2023,08/05/2023,Same Day,CU-1235,Customer 126,Home Office,United States,Los Angeles,California,89069,South,OFF-BI-10921,Office Supplies,Binders,Acco Binder,53.91,3,0.1,7.35
923,US-2023-100922,12/06/2023,12/13/2023,Second Class,CU-1125,Customer 237,Home Office,United States,Atlanta,Georgia,19154,East,FUR-CH-10922,Furniture,Chairs,Novimex Chair,801.81,9,0.3,23.16
924,US-2024-100923,03/03/2024,03/06/2024,Standard Class,CU-1273,Customer 13,Corporate,United States,New York City,New York,73020,East,TEC-PH-10923,Technology,Phones,Cisco Phone,4095.9,9,0.15,903.98
925,US-2024-100924,10/06/2024,10/12/2024,Same Day,CU-1219,Customer 64,Consumer,United States,Detroit,Michigan,29134,Central,OFF-FA-10924,Office Supplies,Fasteners,Staples Fasteners,152.82,6,0.15,30.61
926,US-2023-100925,09/06/2023,09/13/2023,Same Day,CU-1107,Customer 136,Consumer,United States,Houston,Texas,53257,East,TEC-PH-10925,Technology,Phones,Samsung Galaxy,5082.54,6,0.15,975.42
927,US-2023-100926,12/05/2023,12/12/2023,Same Day,CU-1132,Customer 291,Corporate,United States,Philadelphia,Pennsylvania,87912,East,OFF-SU-10926,Office Supplies,Supplies,Acme Scissors,47.75,5,0.1,8.44
928,US-2024-100927,01/07/2024,01/13/2024,First Class,CU-1157,Customer 82,Home Office,United States,Atlanta,Georgia,93085,Central,FUR-CH-10927,Furniture,Chairs,Harbour Creations Chair,285.38,1,0.0,111.48
929,US-2023-100928,05/31/2023,06/05/2023,First Class,CU-1196,Customer 132,Home Office,United States,Houston,Texas,39873,East,OFF-SU-10928,Office Supplies,Supplies,Fiskars Scissors,167.28,3,0.3,8.9
930,US-2024-100929,06/13/2024,06/17/2024,Same Day,CU-1087,Customer 177,Home Office,United States,Detroit,Michigan,30431,Central,FUR-TA-10929,Furniture,Tables,Lesro Table,2413.0,10,0.0,575.64
931,US-2024-100930,05/08/2024,05/10/2024,Same Day,CU-1194,Customer 8,Home Office,United States,Detroit,Michigan,18487,Central,TEC-AC-10930,Technology,Accessories,Kensington Keyboard,2001.68,8,0.3,61.89
932,US-2024-100931,10/27/2024,10/29/2024,First Class,CU-1255,Customer 236,Home Office,United States,New York City,New York,93707,East,FUR-TA-10931,Furniture,Tables,Lesro Table,946.88,4,0.0,230.27
933,US-2024-100932,10/03/2024,10/04/2024,First Class,CU-1259,Customer 35,Corporate,United States,Miami,Florida,82520,East,TEC-MA-10932,Technology,Machines,HP Printer,3209.6,4,0.1,774.29
934,US-2024-100933,10/28/2024,11/04/2024,Second Class,CU-1116,Customer 234,Consumer,United States,Houston,Texas,15273,Central,FUR-FU-10933,Furniture,Furnishings,Tenex Lamp,2005.44,4,0.1,530.48
935,US-2023-100934,05/16/2023,05/21/2023,First Class,CU-1031,Customer 107,Consumer,United States,New York City,New York,41973,South,TEC-AC-10934,Technology,Accessories,Logitech Mouse,1215.08,4,0.3,65.7
936,US-2023-100935,07/21/2023,07/25/2023,Standard Class,CU-1226,Customer 43,Corporate,United States,New York City,New York,35873,East,OFF-ST-10935,Office Supplies,Storage,SAFCO Storage Bin,59.47,1,0.1,15.66
937,US-2024-100936,03/16/2024,03/23/2024,Standard Class,CU-1226,Customer 100,Home Office,United States,Atlanta,Georgia,93221,South,TEC-MA-10936,Technology,Machines,HP Printer,2619.68,8,0.1,588.47
938,US-2023-100937,12/03/2023,12/08/2023,Same Day,CU-1263,Customer 146,Home Office,United States,Houston,Texas,49274,Central,FUR-TA-10937,Furniture,Tables,Bevis Table,3755.6,10,0.1,793.2
939,US-2024-100938,10/02/2024,10/06/2024,Standard Class,CU-1093,Customer 250,Consumer,United States,Seattle,Washington,51839,South,TEC-MA-10938,Technology,Machines,Lexmark Printer,2476.8,5,0.3,110.57
940,US-2024-100939,03/29/2024,04/01/2024,Second Class,CU-1099,Customer 56,Consumer,United States,New York City,New York,37946,Central,OFF-AR-10939,Office Supplies,Art,Newell Highlighters,36.32,2,0.15,7.05
941,US-2024-100940,09/16/2024,09/18/2024,Second Class,CU-1165,Customer 81,Consumer,United States,Seattle,Washington,61935,West,TEC-AC-10940,Technology,Accessories,Kensington Keyboard,1326.51,9,0.15,151.76
942,US-2023-100941,10/03/2023,10/05/2023,First Class,CU-1241,Customer 156,Corporate,United States,Miami,Florida,29003,Central,FUR-CH-10941,Furniture,Chairs,Harbour Creations Chair,4256.55,9,0.15,815.08
943,US-2024-100942,03/03/2024,03/04/2024,Same Day,CU-1028,Customer 210,Corporate,United States,Miami,Florida,94645,West,OFF-EN-10942,Office Supplies,Envelopes,Poly Envelopes,540.4,8,0.1,107.77
944,US-2023-100943,10/29/2023,11/05/2023,First Class,CU-1012,Customer 165,Corporate,United States,Seattle,Washington,60122,Central,OFF-PA-10943,Office Supplies,Paper,Xerox Paper,134.64,4,0.0,45.4
945,US-2023-100944,04/20/2023,04/21/2023,Second Class,CU-1082,Customer 167,Home Office,United States,Seattle,Washington,72872,South,TEC-MA-10944,Technology,Machines,Cubify Printer,3271.3,10,0.2,396.52
946,US-2024-100945,01/20/2024,01/21/2024,Standard Class,CU-1028,Customer 176,Corporate,United States,Atlanta,Georgia,80503,Central,FUR-FU-10945,Furniture,Furnishings,Deflecto Frame,280.44,4,0.1,83.49
947,US-2023-100946,11/29/2023,12/06/2023,Same Day,CU-1077,Customer 78,Home Office,United States,New York City,New York,49171,West,OFF-PA-10946,Office Supplies,Paper,Xerox Paper,446.16,8,0.0,174.36
948,US-2024-100947,07/24/2024,07/29/2024,First Class,CU-1011,Customer 72,Consumer,United States,Seattle,Washington,51151,Central,TEC-PH-10947,Technology,Phones,Cisco Phone,1647.84,4,0.1,371.14
949,US-2023-100948,12/08/2023,12/10/2023,First Class,CU-1130,Customer 12,Consumer,United States,Columbus,Ohio,25622,South,OFF-BI-10948,Office Supplies,Binders,Avery Binder,121.86,6,0.15,16.07
950,US-2024-100949,01/18/2024,01/19/2024,Same Day,CU-1016,Customer 259,Corporate,United States,Detroit,Michigan,80622,South,OFF-FA-10949,Office Supplies,Fasteners,Bostitch Stapler,45.95,1,0.2,3.74
951,US-2023-100950,04/26/2023,05/01/2023,Second Class,CU-1262,Customer 45,Home Office,United States,Detroit,Michigan,71400,West,OFF-EN-10950,Office Supplies,Envelopes,Kraft Envelopes,13.88,2,0.2,1.18
952,US-2024-100951,10/28/2024,10/31/2024,Standard Class,CU-1093,Customer 295,Corporate,United States,Houston,Texas,69512,South,FUR-FU-10951,Furniture,Furnishings,Advantus Frame,680.08,8,0.15,152.68
953,US-2023-100952,01/09/2023,01/11/2023,First Class,CU-1218,Customer 78,Corporate,United States,Los Angeles,California,39214,Central,FUR-FU-10952,Furniture,Furnishings,Advantus Frame,116.99,1,0.2,18.95
954,US-2023-100953,06/06/2023,06/08/2023,Second Class,CU-1105,Customer 158,Consumer,United States,Atlanta,Georgia,23224,East,TEC-CO-10953,Technology,Copiers,Canon Copier,4844.1,10,0.1,1362.73
955,US-2023-100954,11/19/2023,11/21/2023,Second Class,CU-1103,Customer 156,Consumer,United States,Columbus,Ohio,65611,Central,TEC-PH-10954,Technology,Phones,Samsung Galaxy,3436.92,9,0.1,1003.81
956,US-2023-100955,05/07/2023,05/14/2023,Same Day,CU-1013,Customer 228,Home Office,United States,Philadelphia,Pennsylvania,37339,South,FUR-CH-10955,Furniture,Chairs,Harbour Creations Chair,328.46,1,0.0,128.11
957,US-2024-100956,08/27/2024,09/03/2024,Standard Class,CU-1047,Customer 90,Home Office,United States,Miami,Florida,85799,East,FUR-FU-10956,Furniture,Furnishings,Deflecto Frame,3105.34,7,0.0,699.88
958,US-2024-100957,03/01/2024,03/03/2024,Second Class,CU-1046,Customer 260,Corporate,United States,Columbus,Ohio,72649,Central,FUR-CH-10957,Furniture,Chairs,Hon Executive Chair,2694.48,8,0.3,124.4
959,US-2024-100958,02/14/2024,02/21/2024,Standard Class,CU-1181,Customer 185,Corporate,United States,Miami,Florida,18559,South,TEC-PH-10958,Technology,Phones,Cisco Phone,1103.87,1,0.0,295.96
960,US-2024-100959,04/27/2024,04/28/2024,First Class,CU-1165,Customer 24,Consumer,United States,Miami,Florida,42636,West,TEC-AC-10959,Technology,Accessories,Logitech Mouse,1417.34,2,0.3,67.36
961,US-2023-100960,02/09/2023,02/10/2023,Second Class,CU-1150,Customer 191,Home Office,United States,Philadelphia,Pennsylvania,64378,West,TEC-PH-10960,Technology,Phones,Samsung Galaxy,2728.89,9,0.0,571.3
962,US-2024-100961,01/09/2024,01/10/2024,Second Class,CU-1015,Customer 255,Consumer,United States,Houston,Texas,50116,South,OFF-AR-10961,Office Supplies,Art,Newell Highlighters,144.0,9,0.0,51.38
963,US-2023-100962,12/06/2023,12/07/2023,Same Day,CU-1017,Customer 74,Corporate,United States,Los Angeles,California,16094,South,TEC-AC-10962,Technology,Accessories,Kensington Keyboard,3105.0,10,0.1,403.6
964,US-2023-100963,04/05/2023,04/09/2023,Standard Class,CU-1057,Customer 244,Corporate,United States,Chicago,Illinois,64404,South,TEC-MA-10963,Technology,Machines,Cubify Printer,1104.24,2,0.0,287.57
965,US-2023-100964,05/12/2023,05/15/2023,First Class,CU-1049,Customer 245,Corporate,United States,Seattle,Washington,84873,West,FUR-BO-10964,Furniture,Bookcases,Bush Bookcase,1165.28,8,0.15,263.28
966,US-2024-100965,02/18/2024,02/21/2024,Standard Class,CU-1127,Customer 116,Corporate,United States,New York City,New York,34199,Central,FUR-CH-10965,Furniture,Chairs,Global Task Chair,1055.25,3,0.0,355.1
967,US-2024-100966,08/16/2024,08/22/2024,Standard Class,CU-1197,Customer 25,Consumer,United States,Houston,Texas,33877,East,OFF-SU-10966,Office Supplies,Supplies,Fiskars Scissors,116.73,3,0.1,23.21
968,US-2024-100967,05/07/2024,05/11/2024,First Class,CU-1096,Customer 296,Corporate,United States,Atlanta,Georgia,69258,West,FUR-BO-10967,Furniture,Bookcases,O'Sullivan Bookcase,272.7,3,0.15,39.58
969,US-2023-100968,12/12/2023,12/15/2023,Second Class,CU-1130,Customer 175,Corporate,United States,Detroit,Michigan,81945,South,OFF-PA-10968,Office Supplies,Paper,Boise Paper,419.84,8,0.0,150.1
970,US-2024-100969,03/12/2024,03/18/2024,Standard Class,CU-1278,Customer 65,Consumer,United States,Columbus,Ohio,39769,South,TEC-PH-10969,Technology,Phones,Nokia Phone,3936.96,9,0.1,535.61
971,US-2024-100970,07/20/2024,07/21/2024,Second Class,CU-1203,Customer 262,Consumer,United States,Miami,Florida,28574,West,FUR-BO-10970,Furniture,Bookcases,Bush Bookcase,2004.09,3,0.1,358.19
972,US-2024-100971,06/27/2024,07/02/2024,Standard Class,CU-1272,Customer 186,Home Office,United States,Atlanta,Georgia,40202,West,FUR-CH-10971,Furniture,Chairs,Harbour Creations Chair,1846.98,9,0.2,289.78
973,US-2023-100972,08/20/2023,08/27/2023,Second Class,CU-1276,Customer 218,Consumer,United States,Atlanta,Georgia,46493,East,OFF-AR-10972,Office Supplies,Art,Newell Highlighters,58.74,3,0.3,2.77
974,US-2023-100973,11/26/2023,11/28/2023,First Class,CU-1000,Customer 39,Corporate,United States,Philadelphia,Pennsylvania,82844,Central,OFF-PA-10973,Office Supplies,Paper,HP Paper,86.76,9,0.15,19.53
975,US-2023-100974,09/06/2023,09/10/2023,Second Class,CU-1214,Customer 201,Home Office,United States,Houston,Texas,35345,West,FUR-BO-10974,Furniture,Bookcases,Sauder Bookcase,554.12,7,0.0,116.49
976,US-2024-100975,08/22/2024,08/28/2024,Second Class,CU-1105,Customer 228,Consumer,United States,New York City,New York,98111,Central,OFF-ST-10975,Office Supplies,Storage,Fellowes Storage Box,241.45,5,0.0,95.06
977,US-2024-100976,10/05/2024,10/10/2024,Same Day,CU-1118,Customer 225,Corporate,United States,New York City,New York,26366,South,OFF-LA-10976,Office Supplies,Labels,Smead Labels,149.82,2,0.2,16.13
978,US-2023-100977,04/26/2023,05/02/2023,Same Day,CU-1218,Customer 300,Consumer,United States,Seattle,Washington,73871,Central,FUR-BO-10977,Furniture,Bookcases,Bush Bookcase,959.65,5,0.0,257.64
979,US-2024-100978,11/11/2024,11/15/2024,Same Day,CU-1215,Customer 30,Home Office,United States,Chicago,Illinois,23787,Central,FUR-BO-10978,Furniture,Bookcases,Sauder Bookcase,1822.6,10,0.2,302.25
980,US-2024-100979,01/01/2024,01/02/2024,Standard Class,CU-1051,Customer 249,Consumer,United States,Seattle,Washington,86779,South,TEC-AC-10979,Technology,Accessories,Kensington Keyboard,3165.75,9,0.1,628.2
981,US-2024-100980,08/02/2024,08/06/2024,Same Day,CU-1021,Customer 56,Home Office,United States,Atlanta,Georgia,94237,East,FUR-FU-10980,Furniture,Furnishings,Advantus Frame,915.4,2,0.3,38.52
982,US-2024-100981,03/07/2024,03/14/2024,Same Day,CU-1020,Customer 178,Home Office,United States,Atlanta,Georgia,67703,South,TEC-PH-10981,Technology,Phones,Apple iPhone,586.6,4,0.1,132.88
983,US-2024-100982,08/03/2024,08/05/2024,Standard Class,CU-1168,Customer 51,Corporate,United States,Chicago,Illinois,64020,East,TEC-PH-10982,Technology,Phones,Cisco Phone,2791.25,7,0.3,158.5
984,US-2023-100983,10/11/2023,10/15/2023,Standard Class,CU-1166,Customer 235,Home Office,United States,Chicago,Illinois,93205,Central,TEC-CO-10983,Technology,Copiers,Konica Copier,3923.1,6,0.3,145.32
985,US-2024-100984,05/26/2024,06/02/2024,Standard Class,CU-1170,Customer 181,Home Office,United States,Houston,Texas,80547,West,FUR-CH-10984,Furniture,Chairs,Harbour Creations Chair,2100.77,7,0.1,549.71
986,US-2024-100985,05/24/2024,05/30/2024,Second Class,CU-1195,Customer 104,Corporate,United States,Atlanta,Georgia,73627,Central,OFF-PA-10985,Office Supplies,Paper,Xerox Paper,1.38,2,0.3,0.05
987,US-2023-100986,07/14/2023,07/19/2023,First Class,CU-1259,Customer 287,Corporate,United States,New York City,New York,83389,West,OFF-SU-10986,Office Supplies,Supplies,Fiskars Scissors,121.68,3,0.0,30.92
988,US-2023-100987,09/27/2023,09/29/2023,First Class,CU-1272,Customer 182,Corporate,United States,Miami,Florida,27436,South,OFF-ST-10987,Office Supplies,Storage,Fellowes Storage Box,72.52,2,0.0,25.34
989,US-2023-100988,09/09/2023,09/14/2023,Second Class,CU-1140,Customer 14,Corporate,United States,Los Angeles,California,39421,West,FUR-TA-10988,Furniture,Tables,Bretford Conference Table,3107.52,6,0.0,880.74
990,US-2023-100989,01/22/2023,01/29/2023,Same Day,CU-1224,Customer 213,Home Office,United States,Chicago,Illinois,82250,West,FUR-CH-10989,Furniture,Chairs,Novimex Chair,2367.4,4,0.0,421.5
991,US-2023-100990,09/25/2023,10/01/2023,First Class,CU-1134,Customer 221,Corporate,United States,Miami,Florida,57777,West,OFF-AR-10990,Office Supplies,Art,Sharpie Markers,600.9,10,0.15,112.86
992,US-2024-100991,07/05/2024,07/10/2024,Second Class,CU-1049,Customer 260,Home Office,United States,Chicago,Illinois,72355,Central,OFF-EN-10991,Office Supplies,Envelopes,Kraft Envelopes,79.47,3,0.1,21.89
993,US-2023-100992,02/24/2023,02/28/2023,Same Day,CU-1254,Customer 224,Consumer,United States,Atlanta,Georgia,32458,East,FUR-CH-10992,Furniture,Chairs,Harbour Creations Chair,378.0,9,0.0,109.24
994,US-2023-100993,03/07/2023,03/13/2023,First Class,CU-1033,Customer 142,Home Office,United States,Houston,Texas,43031,East,TEC-CO-10993,Technology,Copiers,Canon Copier,1739.7,6,0.15,385.28
995,US-2023-100994,11/14/2023,11/19/2023,First Class,CU-1169,Customer 120,Home Office,United States,Philadelphia,Pennsylvania,76578,South,TEC-CO-10994,Technology,Copiers,Konica Copier,1034.16,3,0.15,134.57
996,US-2024-100995,08/24/2024,08/25/2024,Standard Class,CU-1032,Customer 272,Corporate,United States,Columbus,Ohio,31129,West,FUR-TA-10995,Furniture,Tables,Bretford Conference Table,6190.5,10,0.0,2163.38
997,US-2023-100996,12/06/2023,12/07/2023,Standard Class,CU-1206,Customer 294,Home Office,United States,New York City,New York,99830,South,FUR-CH-10996,Furniture,Chairs,Global Task Chair,110.02,1,0.3,6.33
998,US-2023-100997,12/30/2023,01/01/2024,Same Day,CU-1129,Customer 256,Consumer,United States,Seattle,Washington,34191,Central,OFF-FA-10997,Office Supplies,Fasteners,Bostitch Stapler,21.48,3,0.1,3.37
999,US-2024-100998,04/07/2024,04/14/2024,Standard Class,CU-1268,Customer 132,Consumer,United States,Columbus,Ohio,89450,East,OFF-BI-10998,Office Supplies,Binders,Avery Binder,105.42,6,0.3,4.97
1000,US-2023-100999,01/13/2023,01/14/2023,First Class,CU-1196,Customer 157,Consumer,United States,Detroit,Michigan,84459,Central,TEC-PH-10999,Technology,Phones,Nokia Phone,369.22,2,0.0,64.77
1001,US-2023-101000,12/20/2023,12/21/2023,Second Class,CU-1191,Customer 294,Consumer,United States,Chicago,Illinois,67763,West,FUR-CH-11000,Furniture,Chairs,Global Task Chair,538.2,10,0.15,67.52
1002,US-2023-101001,05/04/2023,05/11/2023,First Class,CU-1149,Customer 56,Corporate,United States,Detroit,Michigan,99526,West,TEC-MA-11001,Technology,Machines,Lexmark Printer,312.33,1,0.2,24.7
1003,US-2023-101002,12/12/2023,12/16/2023,Same Day,CU-1229,Customer 60,Home Office,United States,Atlanta,Georgia,82674,East,TEC-MA-11002,Technology,Machines,Cubify Printer,2840.64,8,0.0,917.12
1004,US-2023-101003,07/12/2023,07/19/2023,Same Day,CU-1021,Customer 184,Consumer,United States,Philadelphia,Pennsylvania,72970,East,OFF-BI-11003,Office Supplies,Binders,Acco Binder,18.18,3,0.0,7.46
1005,US-2024-101004,06/18/2024,06/22/2024,Second Class,CU-1144,Customer 165,Consumer,United States,Detroit,Michigan,68707,West,TEC-PH-11004,Technology,Phones,Nokia Phone,2337.3,9,0.2,316.43
1006,US-2024-101005,05/18/2024,05/19/2024,First Class,CU-1287,Customer 248,Home Office,United States,Los Angeles,California,60961,Central,OFF-FA-11005,Office Supplies,Fasteners,Bostitch Stapler,91.56,7,0.15,10.21
1007,US-2023-101006,04/02/2023,04/05/2023,Second Class,CU-1160,Customer 25,Home Office,United States,Chicago,Illinois,13665,East,OFF-PA-11006,Office Supplies,Paper,Boise Paper,27.29,1,0.2,4.43
1008,US-2024-101007,06/04/2024,06/09/2024,Second Class,CU-1260,Customer 190,Home Office,United States,Miami,Florida,15861,West,OFF-FA-11007,Office Supplies,Fasteners,Staples Fasteners,176.16,6,0.2,14.18
1009,US-2024-101008,05/22/2024,05/24/2024,Standard Class,CU-1023,Customer 196,Consumer,United States,Chicago,Illinois,25247,Central,FUR-FU-11008,Furniture,Furnishings,Tenex Lamp,436.08,4,0.3,15.79
1010,US-2024-101009,02/16/2024,02/17/2024,Second Class,CU-1072,Customer 127,Home Office,United States,Columbus,Ohio,97625,Central,FUR-CH-11009,Furniture,Chairs,Harbour Creations Chair,1304.04,3,0.15,281.31
1011,US-2024-101010,02/28/2024,03/03/2024,First Class,CU-1097,Customer 250,Corporate,United States,Miami,Florida,88660,East,OFF-PA-11010,Office Supplies,Paper,Xerox Paper,127.05,5,0.15,24.98
1012,US-2023-101011,03/14/2023,03/20/2023,Standard Class,CU-1059,Customer 82,Corporate,United States,Chicago,Illinois,18716,West,TEC-CO-11011,Technology,Copiers,Canon Copier,1454.72,8,0.0,490.86
1013,US-2023-101012,10/19/2023,10/24/2023,First Class,CU-1145,Customer 292,Corporate,United States,Miami,Florida,24220,East,TEC-AC-11012,Technology,Accessories,Logitech Mouse,376.75,5,0.3,18.85
1014,US-2023-101013,02/06/2023,02/10/2023,Same Day,CU-1055,Customer 58,Consumer,United States,Detroit,Michigan,14984,South,OFF-BI-11013,Office Supplies,Binders,GBC Binder,274.86,9,0.15,35.21
1015,US-2023-101014,05/27/2023,05/31/2023,Standard Class,CU-1257,Customer 97,Consumer,United States,Philadelphia,Pennsylvania,51670,East,FUR-BO-11014,Furniture,Bookcases,Sauder Bookcase,1206.72,4,0.15,224.62
1016,US-2024-101015,04/18/2024,04/20/2024,Standard Class,CU-1200,Customer 195,Consumer,United States,Columbus,Ohio,48247,East,TEC-PH-11015,Technology,Phones,Samsung Galaxy,1341.12,6,0.1,383.99
1017,US-2024-101016,03/27/2024,03/28/2024,Second Class,CU-1270,Customer 148,Home Office,United States,Los Angeles,California,31115,West,FUR-CH-11016,Furniture,Chairs,Global Task Chair,1397.58,6,0.3,70.22
1018,US-2024-101017,07/01/2024,07/02/2024,Second Class,CU-1164,Customer 190,Consumer,United States,Detroit,Michigan,28807,East,TEC-AC-11017,Technology,Accessories,Logitech Mouse,1893.88,2,0.3,51.66
1019,US-2024-101018,08/03/2024,08/04/2024,Second Class,CU-1018,Customer 289,Home Office,United States,Miami,Florida,19689,East,TEC-MA-11018,Technology,Machines,Cubify Printer,4358.62,7,0.0,1363.66
1020,US-2023-101019,09/01/2023,09/07/2023,Same Day,CU-1128,Customer 177,Home Office,United States,Philadelphia,Pennsylvania,69635,South,TEC-CO-11019,Technology,Copiers,Konica Copier,146.3,5,0.3,6.81
1021,US-2024-101020,02/02/2024,02/05/2024,Second Class,CU-1188,Customer 11,Corporate,United States,Houston,Texas,49302,West,FUR-FU-11020,Furniture,Furnishings,Advantus Frame,450.0,4,0.0,110.38
1022,US-2024-101021,10/03/2024,10/06/2024,Second Class,CU-1207,Customer 216,Corporate,United States,Houston,Texas,70369,South,FUR-FU-11021,Furniture,Furnishings,Deflecto Frame,1690.74,9,0.0,704.93
1023,US-2023-101022,05/17/2023,05/23/2023,Second Class,CU-1125,Customer 112,Home Office,United States,Miami,Florida,35030,West,OFF-FA-11022,Office Supplies,Fasteners,Bostitch Stapler,159.12,6,0.1,28.97
1024,US-2023-101023,08/07/2023,08/11/2023,Second Class,CU-1240,Customer 56,Home Office,United States,Seattle,Washington,95490,South,TEC-AC-11023,Technology,Accessories,Kensington Keyboard,3409.2,9,0.15,519.82
1025,US-2024-101024,11/06/2024,11/10/2024,Same Day,CU-1092,Customer 227,Consumer,United States,Houston,Texas,37060,South,OFF-FA-11024,Office Supplies,Fasteners,Staples Fasteners,138.28,4,0.0,35.64
1026,US-2023-101025,07/22/2023,07/24/2023,Same Day,CU-1162,Customer 240,Consumer,United States,Atlanta,Georgia,27112,South,TEC-MA-11025,Technology,Machines,Lexmark Printer,3085.2,10,0.0,1024.61
1027,US-2023-101026,02/24/2023,02/27/2023,Standard Class,CU-1160,Customer 183,Consumer,United States,Los Angeles,California,29739,West,OFF-LA-11026,Office Supplies,Labels,Smead Labels,50.74,2,0.0,9.95
1028,US-2024-101027,05/01/2024,05/04/2024,Second Class,CU-1148,Customer 156,Consumer,United States,Philadelphia,Pennsylvania,83647,West,OFF-ST-11027,Office Supplies,Storage,Iris Storage Box,483.7,10,0.1,109.85
1029,US-2023-101028,06/12/2023,06/17/2023,Same Day,CU-1143,Customer 128,Consumer,United States,Miami,Florida,97014,West,FUR-CH-11028,Furniture,Chairs,Novimex Chair,516.38,2,0.2,88.08
1030,US-2023-101029,06/24/2023,07/01/2023,Standard Class,CU-1300,Customer 186,Corporate,United States,Philadelphia,Pennsylvania,86662,West,OFF-ST-11029,Office Supplies,Storage,Fellowes Storage Box,26.25,3,0.15,4.36
1031,US-2024-101030,01/14/2024,01/15/2024,Second Class,CU-1069,Customer 154,Home Office,United States,New York City,New York,61592,West,OFF-LA-11030,Office Supplies,Labels,Hon Labels,271.6,10,0.1,76.04
1032,US-2023-101031,12/30/2023,01/04/2024,Same Day,CU-1008,Customer 214,Consumer,United States,New York City,New York,57869,Central,FUR-CH-11031,Furniture,Chairs,Harbour Creations Chair,941.35,5,0.3,49.65
1033,US-2024-101032,10/26/2024,10/28/2024,First Class,CU-1134,Customer 230,Corporate,United States,Los Angeles,California,54239,East,FUR-TA-11032,Furniture,Tables,Bretford Conference Table,226.48,8,0.1,64.21
1034,US-2023-101033,01/11/2023,01/17/2023,Standard Class,CU-1154,Customer 195,Consumer,United States,Atlanta,Georgia,71619,South,OFF-SU-11033,Office Supplies,Supplies,Acme Scissors,169.38,6,0.2,13.26
1035,US-2024-101034,06/08/2024,06/15/2024,Same Day,CU-1208,Customer 176,Consumer,United States,Columbus,Ohio,55382,Central,OFF-LA-11034,Office Supplies,Labels,Smead Labels,49.55,5,0.3,1.89
1036,US-2024-101035,11/18/2024,11/19/2024,First Class,CU-1260,Customer 59,Consumer,United States,Philadelphia,Pennsylvania,26846,East,TEC-MA-11035,Technology,Machines,Lexmark Printer,3257.65,5,0.1,454.7
1037,US-2023-101036,03/31/2023,04/07/2023,Standard Class,CU-1004,Customer 7,Home Office,United States,Chicago,Illinois,54713,East,FUR-BO-11036,Furniture,Bookcases,O'Sullivan Bookcase,1710.96,6,0.0,363.98
1038,US-2023-101037,07/24/2023,07/30/2023,Standard Class,CU-1095,Customer 47,Home Office,United States,Houston,Texas,22004,East,FUR-FU-11037,Furniture,Furnishings,Advantus Frame,137.96,2,0.2,12.11
1039,US-2024-101038,10/02/2024,10/07/2024,Second Class,CU-1243,Customer 102,Home Office,United States,Columbus,Ohio,74920,West,OFF-BI-11038,Office Supplies,Binders,Avery Binder,47.36,1,0.3,1.32
1040,US-2023-101039,01/07/2023,01/08/2023,Second Class,CU-1101,Customer 135,Consumer,United States,Detroit,Michigan,81040,West,OFF-PA-11039,Office Supplies,Paper,Boise Paper,628.2,10,0.0,178.04
1041,US-2023-101040,06/16/2023,06/20/2023,First Class,CU-1211,Customer 260,Home Office,United States,Chicago,Illinois,47408,West,TEC-PH-11040,Technology,Phones,Apple iPhone,1091.4,4,0.0,417.91
1042,US-2023-101041,10/16/2023,10/23/2023,Second Class,CU-1033,Customer 32,Consumer,United States,Seattle,Washington,74739,Central,OFF-PA-11041,Office Supplies,Paper,HP Paper,89.96,4,0.2,6.81
1043,US-2023-101042,01/13/2023,01/19/2023,Standard Class,CU-1163,Customer 186,Home Office,United States,Philadelphia,Pennsylvania,99270,East,TEC-PH-11042,Technology,Phones,Cisco Phone,1179.14,2,0.3,61.03
1044,US-2024-101043,01/15/2024,01/19/2024,First Class,CU-1250,Customer 161,Home Office,United States,Philadelphia,Pennsylvania,34941,West,TEC-AC-11043,Technology,Accessories,Belkin Cable,4777.62,6,0.15,717.29
1045,US-2023-101044,11/29/2023,12/06/2023,Same Day,CU-1237,Customer 238,Corporate,United States,Philadelphia,Pennsylvania,30012,West,TEC-MA-11044,Technology,Machines,Cubify Printer,371.82,6,0.15,61.38
1046,US-2024-101045,10/09/2024,10/11/2024,Same Day,CU-1187,Customer 8,Corporate,United States,Miami,Florida,96739,West,TEC-CO-11045,Technology,Copiers,Konica Copier,123.54,1,0.0,45.48
1047,US-2023-101046,10/05/2023,10/08/2023,Second Class,CU-1011,Customer 255,Corporate,United States,Houston,Texas,30750,Central,FUR-CH-11046,Furniture,Chairs,Global Task Chair,297.64,2,0.0,80.62
1048,US-2024-101047,03/19/2024,03/23/2024,Second Class,CU-1249,Customer 31,Corporate,United States,Philadelphia,Pennsylvania,23895,East,TEC-AC-11047,Technology,Accessories,Logitech Mouse,1039.84,4,0.15,192.32
1049,US-2023-101048,08/10/2023,08/14/2023,Same Day,CU-1006,Customer 158,Home Office,United States,Philadelphia,Pennsylvania,30788,Central,OFF-SU-11048,Office Supplies,Supplies,Fiskars Scissors,130.02,3,0.0,39.28
1050,US-2023-101049,05/13/2023,05/18/2023,First Class,CU-1174,Customer 192,Home Office,United States,Atlanta,Georgia,26794,Central,TEC-AC-11049,Technology,Accessories,Belkin Cable,7990.2,10,0.15,1483.2
1051,US-2023-101050,08/03/2023,08/06/2023,Second Class,CU-1160,Customer 244,Corporate,United States,Chicago,Illinois,82744,Central,TEC-CO-11050,Technology,Copiers,Canon Copier,839.16,1,0.15,127.39
1052,US-2023-101051,08/23/2023,08/29/2023,Second Class,CU-1127,Customer 251,Home Office,United States,Atlanta,Georgia,71571,East,TEC-AC-11051,Technology,Accessories,Belkin Cable,240.92,4,0.0,99.15
1053,US-2024-101052,05/17/2024,05/21/2024,First Class,CU-1034,Customer 231,Corporate,United States,Detroit,Michigan,35320,Central,OFF-ST-11052,Office Supplies,Storage,Iris Storage Box,37.26,3,0.2,4.05
1054,US-2023-101053,12/02/2023,12/05/2023,Same Day,CU-1287,Customer 75,Corporate,United States,Los Angeles,California,51947,South,TEC-MA-11053,Technology,Machines,Lexmark Printer,202.57,1,0.15,27.25
1055,US-2023-101054,07/19/2023,07/24/2023,First Class,CU-1127,Customer 193,Corporate,United States,Los Angeles,California,11430,Central,OFF-BI-11054,Office Supplies,Binders,Avery Binder,123.7,10,0.2,10.84
1056,US-2023-101055,03/22/2023,03/25/2023,Same Day,CU-1075,Customer 229,Home Office,United States,Miami,Florida,60072,West,OFF-BI-11055,Office Supplies,Binders,Avery Binder,170.7,5,0.0,31.08
1057,US-2024-101056,09/13/2024,09/17/2024,First Class,CU-1083,Customer 66,Corporate,United States,Chicago,Illinois,12222,East,TEC-CO-11056,Technology,Copiers,Konica Copier,990.42,2,0.1,202.83
1058,US-2024-101057,07/17/2024,07/18/2024,Same Day,CU-1165,Customer 203,Consumer,United States,Miami,Florida,52809,East,FUR-TA-11057,Furniture,Tables,Bevis Table,1256.22,6,0.0,316.87
1059,US-2023-101058,02/27/2023,03/05/2023,Second Class,CU-1254,Customer 33,Consumer,United States,Detroit,Michigan,28338,West,TEC-AC-11058,Technology,Accessories,Kensington Keyboard,3110.3,10,0.2,246.13
1060,US-2023-101059,03/25/2023,03/29/2023,First Class,CU-1035,Customer 253,Corporate,United States,Columbus,Ohio,81448,East,FUR-CH-11059,Furniture,Chairs,Global Task Chair,308.3,2,0.1,91.0
1061,US-2024-101060,04/04/2024,04/06/2024,Standard Class,CU-1133,Customer 117,Consumer,United States,Chicago,Illinois,17407,East,TEC-CO-11060,Technology,Copiers,Konica Copier,812.64,3,0.2,131.16
1062,US-2023-101061,06/06/2023,06/13/2023,Second Class,CU-1256,Customer 164,Corporate,United States,Chicago,Illinois,60793,South,FUR-CH-11061,Furniture,Chairs,Novimex Chair,587.45,1,0.0,134.32
1063,US-2024-101062,07/17/2024,07/18/2024,Standard Class,CU-1102,Customer 19,Consumer,United States,Miami,Florida,40081,South,FUR-TA-11062,Furniture,Tables,Bevis Table,342.26,1,0.3,17.12
1064,US-2024-101063,02/11/2024,02/13/2024,Second Class,CU-1274,Customer 4,Home Office,United States,Houston,Texas,91630,Central,FUR-TA-11063,Furniture,Tables,Bretford Conference Table,1589.7,10,0.1,340.36
1065,US-2023-101064,12/09/2023,12/11/2023,First Class,CU-1133,Customer 202,Consumer,United States,Seattle,Washington,95257,Central,OFF-EN-11064,Office Supplies,Envelopes,Poly Envelopes,68.94,3,0.0,24.8
1066,US-2023-101065,07/29/2023,07/31/2023,Standard Class,CU-1021,Customer 199,Consumer,United States,Miami,Florida,36946,West,OFF-LA-11065,Office Supplies,Labels,Hon Labels,347.1,10,0.3,16.84
1067,US-2024-101066,04/19/2024,04/20/2024,Second Class,CU-1290,Customer 130,Consumer,United States,Columbus,Ohio,76990,East,TEC-AC-11066,Technology,Accessories,Belkin Cable,441.32,4,0.2,71.0
1068,US-2023-101067,12/02/2023,12/06/2023,Same Day,CU-1084,Customer 252,Corporate,United States,Miami,Florida,83509,Central,OFF-LA-11067,Office Supplies,Labels,Avery Labels,83.61,3,0.1,13.47
1069,US-2024-101068,09/26/2024,09/27/2024,Standard Class,CU-1140,Customer 1,Corporate,United States,Los Angeles,California,68334,South,TEC-MA-11068,Technology,Machines,Cubify Printer,5267.1,10,0.0,2063.02
1070,US-2024-101069,03/09/2024,03/15/2024,First Class,CU-1038,Customer 144,Corporate,United States,Chicago,Illinois,95672,East,TEC-MA-11069,Technology,Machines,Cubify Printer,480.09,1,0.1,78.1
1071,US-2023-101070,05/04/2023,05/10/2023,Standard Class,CU-1243,Customer 90,Consumer,United States,Chicago,Illinois,24756,East,OFF-LA-11070,Office Supplies,Labels,Avery Labels,63.2,5,0.0,15.13
1072,US-2023-101071,01/24/2023,01/30/2023,Same Day,CU-1032,Customer 79,Consumer,United States,Seattle,Washington,18540,South,TEC-MA-11071,Technology,Machines,Lexmark Printer,1973.5,10,0.3,87.84
1073,US-2024-101072,02/27/2024,02/29/2024,Standard Class,CU-1295,Customer 23,Home Office,United States,Philadelphia,Pennsylvania,18258,Central,TEC-CO-11072,Technology,Copiers,Canon Copier,38.96,1,0.15,6.25
1074,US-2024-101073,11/18/2024,11/21/2024,Second Class,CU-1120,Customer 230,Consumer,United States,Los Angeles,California,95220,East,TEC-AC-11073,Technology,Accessories,Belkin Cable,4529.04,8,0.0,1682.43
1075,US-2023-101074,10/21/2023,10/24/2023,Standard Class,CU-1188,Customer 234,Corporate,United States,Los Angeles,California,81380,West,TEC-CO-11074,Technology,Copiers,Konica Copier,4827.36,4,0.3,264.04
1076,US-2023-101075,06/28/2023,07/03/2023,Same Day,CU-1190,Customer 240,Corporate,United States,Miami,Florida,48331,West,OFF-EN-11075,Office Supplies,Envelopes,Kraft Envelopes,66.54,6,0.3,3.15
1077,US-2023-101076,05/21/2023,05/24/2023,First Class,CU-1238,Customer 231,Home Office,United States,Seattle,Washington,99173,West,TEC-CO-11076,Technology,Copiers,Konica Copier,4236.36,6,0.15,474.91
1078,US-2024-101077,08/10/2024,08/12/2024,Second Class,CU-1202,Customer 42,Corporate,United States,Houston,Texas,24664,East,FUR-TA-11077,Furniture,Tables,Lesro Table,7110.9,10,0.1,1561.11
1079,US-2023-101078,08/21/2023,08/27/2023,First Class,CU-1250,Customer 60,Corporate,United States,Houston,Texas,58932,South,TEC-PH-11078,Technology,Phones,Apple iPhone,1135.25,5,0.2,164.37
1080,US-2023-101079,08/20/2023,08/26/2023,Same Day,CU-1079,Customer 97,Home Office,United States,New York City,New York,10078,East,TEC-CO-11079,Technology,Copiers,Canon Copier,3067.2,10,0.1,785.88
1081,US-2023-101080,08/03/2023,08/08/2023,Standard Class,CU-1097,Customer 13,Consumer,United States,Seattle,Washington,14076,Central,OFF-AR-11080,Office Supplies,Art,Newell Highlighters,151.2,5,0.0,54.46
1082,US-2024-101081,03/08/2024,03/11/2024,Same Day,CU-1005,Customer 154,Corporate,United States,New York City,New York,60822,Central,FUR-CH-11081,Furniture,Chairs,Global Task Chair,586.58,2,0.0,139.07
1083,US-2024-101082,08/30/2024,08/31/2024,Same Day,CU-1016,Customer 256,Corporate,United States,Atlanta,Georgia,56071,East,FUR-TA-11082,Furniture,Tables,Bevis Table,2621.0,10,0.2,449.64
1084,US-2024-101083,09/27/2024,09/30/2024,Same Day,CU-1013,Customer 195,Consumer,United States,Atlanta,Georgia,73890,East,OFF-SU-11083,Office Supplies,Supplies,Fiskars Scissors,163.44,9,0.0,45.53
1085,US-2024-101084,04/10/2024,04/14/2024,First Class,CU-1123,Customer 241,Consumer,United States,New York City,New York,52319,Central,OFF-PA-11084,Office Supplies,Paper,Boise Paper,78.14,2,0.0,18.37
1086,US-2024-101085,08/30/2024,09/06/2024,Standard Class,CU-1259,Customer 228,Consumer,United States,Houston,Texas,75807,West,TEC-CO-11085,Technology,Copiers,Canon Copier,2467.2,10,0.15,279.52
1087,US-2024-101086,10/31/2024,11/06/2024,Standard Class,CU-1129,Customer 300,Consumer,United States,Detroit,Michigan,77729,South,OFF-PA-11086,Office Supplies,Paper,Boise Paper,330.4,10,0.15,70.11
1088,US-2024-101087,03/12/2024,03/13/2024,Second Class,CU-1039,Customer 102,Corporate,United States,Columbus,Ohio,73733,West,FUR-FU-11087,Furniture,Furnishings,Advantus Frame,610.95,3,0.0,150.37
1089,US-2023-101088,12/15/2023,12/22/2023,Same Day,CU-1117,Customer 228,Home Office,United States,Chicago,Illinois,25216,East,FUR-FU-11088,Furniture,Furnishings,Tenex Lamp,232.47,7,0.0,57.9
1090,US-2024-101089,01/11/2024,01/18/2024,Same Day,CU-1010,Customer 269,Home Office,United States,Philadelphia,Pennsylvania,58272,East,FUR-CH-11089,Furniture,Chairs,Global Task Chair,4855.3,10,0.2,376.22
1091,US-2023-101090,03/10/2023,03/11/2023,Standard Class,CU-1134,Customer 184,Corporate,United States,Miami,Florida,62602,West,OFF-SU-11090,Office Supplies,Supplies,Acme Scissors,75.75,5,0.15,13.48
1092,US-2024-101091,04/01/2024,04/07/2024,First Class,CU-1285,Customer 135,Corporate,United States,Chicago,Illinois,18758,West,FUR-BO-11091,Furniture,Bookcases,Sauder Bookcase,1554.48,3,0.0,489.28
1093,US-2023-101092,11/04/2023,11/06/2023,Same Day,CU-1005,Customer 191,Consumer,United States,Houston,Texas,76872,East,TEC-CO-11092,Technology,Copiers,Canon Copier,6183.99,9,0.0,1434.07
1094,US-2024-101093,05/06/2024,05/13/2024,Second Class,CU-1096,Customer 244,Corporate,United States,Chicago,Illinois,72748,West,FUR-TA-11093,Furniture,Tables,Bretford Conference Table,1232.35,5,0.0,312.14
1095,US-2023-101094,05/30/2023,06/05/2023,Second Class,CU-1261,Customer 75,Consumer,United States,New York City,New York,72611,East,FUR-CH-11094,Furniture,Chairs,Novimex Chair,2738.25,9,0.3,128.55
1096,US-2023-101095,09/26/2023,09/30/2023,Standard Class,CU-1221,Customer 22,Corporate,United States,Chicago,Illinois,61724,East,TEC-MA-11095,Technology,Machines,Cubify Printer,3704.54,7,0.3,139.51
1097,US-2023-101096,05/11/2023,05/15/2023,Same Day,CU-1080,Customer 124,Home Office,United States,Chicago,Illinois,78322,Central,FUR-TA-11096,Furniture,Tables,Bevis Table,1424.64,8,0.2,231.96
1098,US-2023-101097,03/28/2023,04/03/2023,Second Class,CU-1020,Customer 190,Corporate,United States,Detroit,Michigan,61546,Central,OFF-ST-11097,Office Supplies,Storage,Iris Storage Box,221.8,10,0.0,61.49
1099,US-2024-101098,04/26/2024,05/01/2024,Same Day,CU-1197,Customer 287,Home Office,United States,Seattle,Washington,89325,West,OFF-EN-11098,Office Supplies,Envelopes,Poly Envelopes,345.15,9,0.2,37.74
1100,US-2024-101099,10/08/2024,10/09/2024,First Class,CU-1137,Customer 139,Corporate,United States,Atlanta,Georgia,87913,West,OFF-EN-11099,Office Supplies,Envelopes,Kraft Envelopes,197.12,8,0.1,43.02
1101,US-2023-101100,07/16/2023,07/23/2023,First Class,CU-1265,Customer 211,Corporate,United States,Seattle,Washington,44591,South,OFF-EN-11100,Office Supplies,Envelopes,Kraft Envelopes,182.1,10,0.0,47.42
1102,US-2024-101101,07/09/2024,07/14/2024,First Class,CU-1104,Customer 237,Home Office,United States,Columbus,Ohio,78172,West,TEC-MA-11101,Technology,Machines,HP Printer,512.85,3,0.3,18.12
1103,US-2023-101102,07/07/2023,07/13/2023,Same Day,CU-1191,Customer 126,Corporate,United States,Columbus,Ohio,73483,Central,FUR-TA-11102,Furniture,Tables,Lesro Table,1124.68,4,0.2,177.64
1104,US-2023-101103,05/08/2023,05/12/2023,Same Day,CU-1001,Customer 35,Consumer,United States,Seattle,Washington,43398,South,TEC-CO-11103,Technology,Copiers,Konica Copier,588.87,3,0.1,136.06
1105,US-2024-101104,03/13/2024,03/19/2024,Same Day,CU-1055,Customer 244,Corporate,United States,Los Angeles,California,60709,Central,OFF-PA-11104,Office Supplies,Paper,Boise Paper,456.9,10,0.15,58.43
1106,US-2023-101105,02/12/2023,02/19/2023,Standard Class,CU-1142,Customer 56,Home Office,United States,Los Angeles,California,80152,Central,FUR-CH-11105,Furniture,Chairs,Global Task Chair,806.2,2,0.1,208.02
1107,US-2023-101106,03/03/2023,03/04/2023,Standard Class,CU-1172,Customer 142,Corporate,United States,Atlanta,Georgia,66335,West,FUR-BO-11106,Furniture,Bookcases,Hon Bookcase,1210.36,4,0.0,476.12
1108,US-2023-101107,01/24/2023,01/29/2023,First Class,CU-1112,Customer 88,Corporate,United States,Houston,Texas,36626,East,FUR-CH-11107,Furniture,Chairs,Harbour Creations Chair,3137.58,9,0.1,853.84
1109,US-2023-101108,08/15/2023,08/17/2023,Same Day,CU-1084,Customer 89,Consumer,United States,Miami,Florida,46630,East,FUR-BO-11108,Furniture,Bookcases,Bush Bookcase,2425.84,8,0.0,481.39
1110,US-2024-101109,04/01/2024,04/03/2024,Second Class,CU-1051,Customer 42,Corporate,United States,Miami,Florida,68213,South,FUR-CH-11109,Furniture,Chairs,Harbour Creations Chair,2562.21,7,0.2,423.77
1111,US-2024-101110,11/20/2024,11/24/2024,Same Day,CU-1268,Customer 176,Corporate,United States,Chicago,Illinois,12715,South,FUR-FU-11110,Furniture,Furnishings,Deflecto Frame,355.3,1,0.2,55.19
1112,US-2024-101111,09/07/2024,09/14/2024,Same Day,CU-1086,Customer 207,Consumer,United States,New York City,New York,38564,Central,TEC-CO-11111,Technology,Copiers,Konica Copier,4325.6,10,0.0,1152.23
1113,US-2024-101112,01/24/2024,01/29/2024,Same Day,CU-1012,Customer 289,Consumer,United States,Chicago,Illinois,94603,East,OFF-FA-11112,Office Supplies,Fasteners,Bostitch Stapler,207.92,4,0.3,7.31
1114,US-2024-101113,05/17/2024,05/21/2024,Same Day,CU-1217,Customer 46,Corporate,United States,Los Angeles,California,43413,Central,OFF-LA-11113,Office Supplies,Labels,Hon Labels,219.7,10,0.1,41.29
1115,US-2024-101114,08/22/2024,08/28/2024,Second Class,CU-1018,Customer 196,Corporate,United States,Chicago,Illinois,16288,West,FUR-TA-11114,Furniture,Tables,Chromcraft Table,548.8,5,0.15,67.03
1116,US-2023-101115,03/23/2023,03/28/2023,First Class,CU-1231,Customer 77,Corporate,United States,Seattle,Washington,28564,South,FUR-CH-11115,Furniture,Chairs,Hon Executive Chair,1048.4,10,0.3,46.5
1117,US-2023-101116,08/26/2023,09/02/2023,Standard Class,CU-1026,Customer 294,Home Office,United States,New York City,New York,33061,Central,OFF-AR-11116,Office Supplies,Art,Newell Highlighters,136.5,7,0.1,21.04
1118,US-2024-101117,09/09/2024,09/15/2024,Standard Class,CU-1034,Customer 52,Corporate,United States,Chicago,Illinois,33426,East,TEC-CO-11117,Technology,Copiers,Konica Copier,133.5,3,0.0,23.92
1119,US-2023-101118,01/09/2023,01/12/2023,Second Class,CU-1139,Customer 263,Consumer,United States,Chicago,Illinois,75655,East,OFF-EN-11118,Office Supplies,Envelopes,Kraft Envelopes,88.08,3,0.2,15.23
1120,US-2023-101119,09/05/2023,09/12/2023,First Class,CU-1293,Customer 143,Corporate,United States,Houston,Texas,42216,South,OFF-AR-11119,Office Supplies,Art,Newell Highlighters,40.06,1,0.15,4.88
1121,US-2023-101120,03/10/2023,03/14/2023,Second Class,CU-1000,Customer 148,Corporate,United States,Los Angeles,California,79323,South,FUR-BO-11120,Furniture,Bookcases,O'Sullivan Bookcase,1197.66,3,0.3,55.34
1122,US-2023-101121,12/29/2023,01/05/2024,Same Day,CU-1128,Customer 269,Corporate,United States,Detroit,Michigan,31875,South,TEC-CO-11121,Technology,Copiers,Konica Copier,600.39,9,0.15,140.91
1123,US-2023-101122,04/29/2023,05/04/2023,Same Day,CU-1195,Customer 193,Corporate,United States,Seattle,Washington,58971,East,FUR-BO-11122,Furniture,Bookcases,O'Sullivan Bookcase,215.8,2,0.2,38.72
1124,US-2024-101123,04/05/2024,04/12/2024,Second Class,CU-1154,Customer 203,Consumer,United States,Houston,Texas,28653,East,OFF-SU-11123,Office Supplies,Supplies,Acme Scissors,44.75,1,0.0,12.61
1125,US-2024-101124,01/16/2024,01/18/2024,Same Day,CU-1066,Customer 213,Consumer,United States,Philadelphia,Pennsylvania,42160,West,FUR-FU-11124,Furniture,Furnishings,Advantus Frame,1428.72,8,0.15,236.15
1126,US-2024-101125,10/31/2024,11/07/2024,Same Day,CU-1039,Customer 151,Corporate,United States,Miami,Florida,77182,South,TEC-PH-11125,Technology,Phones,Nokia Phone,3154.74,6,0.0,823.03
1127,US-2023-101126,06/19/2023,06/20/2023,Standard Class,CU-1074,Customer 288,Corporate,United States,Detroit,Michigan,17849,East,FUR-FU-11126,Furniture,Furnishings,Eldon Desk Lamp,393.06,6,0.1,62.44
1128,US-2023-101127,12/09/2023,12/16/2023,Same Day,CU-1177,Customer 168,Corporate,United States,Miami,Florida,58230,East,TEC-MA-11127,Technology,Machines,HP Printer,7402.77,9,0.1,956.62
1129,US-2024-101128,11/13/2024,11/20/2024,Standard Class,CU-1078,Customer 194,Corporate,United States,Los Angeles,California,96588,South,TEC-PH-11128,Technology,Phones,Cisco Phone,773.84,8,0.15,160.11
1130,US-2023-101129,10/10/2023,10/14/2023,Second Class,CU-1021,Customer 23,Corporate,United States,Miami,Florida,11587,West,TEC-AC-11129,Technology,Accessories,Logitech Mouse,1149.27,3,0.0,227.36
1131,US-2023-101130,09/19/2023,09/21/2023,Standard Class,CU-1033,Customer 84,Consumer,United States,Atlanta,Georgia,44800,South,FUR-FU-11130,Furniture,Furnishings,Tenex Lamp,1708.21,7,0.0,477.6
1132,US-2024-101131,11/16/2024,11/20/2024,First Class,CU-1190,Customer 241,Corporate,United States,New York City,New York,85634,Central,FUR-CH-11131,Furniture,Chairs,Novimex Chair,415.92,3,0.3,17.58
1133,US-2024-101132,06/16/2024,06/22/2024,First Class,CU-1125,Customer 116,Consumer,United States,Atlanta,Georgia,66868,South,TEC-AC-11132,Technology,Accessories,Belkin Cable,1416.24,3,0.3,69.21
1134,US-2024-101133,08/28/2024,08/31/2024,First Class,CU-1054,Customer 76,Home Office,United States,Los Angeles,California,39311,West,OFF-EN-11133,Office Supplies,Envelopes,Poly Envelopes,288.96,8,0.3,17.25
1135,US-2024-101134,02/27/2024,03/04/2024,Same Day,CU-1214,Customer 291,Corporate,United States,Columbus,Ohio,49201,East,FUR-FU-11134,Furniture,Furnishings,Tenex Lamp,556.58,2,0.3,24.48
1136,US-2024-101135,03/22/2024,03/26/2024,Same Day,CU-1078,Customer 213,Corporate,United States,Los Angeles,California,14010,Central,FUR-CH-11135,Furniture,Chairs,Novimex Chair,273.04,2,0.1,78.38
1137,US-2024-101136,02/10/2024,02/15/2024,Second Class,CU-1207,Customer 221,Consumer,United States,Philadelphia,Pennsylvania,47547,West,OFF-ST-11136,Office Supplies,Storage,Iris Storage Box,55.28,4,0.15,12.33
1138,US-2023-101137,03/26/2023,03/27/2023,Standard Class,CU-1042,Customer 5,Consumer,United States,Miami,Florida,80827,South,TEC-MA-11137,Technology,Machines,Lexmark Printer,715.29,3,0.2,78.22
1139,US-2023-101138,02/03/2023,02/05/2023,First Class,CU-1187,Customer 183,Home Office,United States,Houston,Texas,84972,East,OFF-ST-11138,Office Supplies,Storage,SAFCO Storage Bin,36.66,3,0.0,6.43
1140,US-2023-101139,03/26/2023,03/27/2023,Standard Class,CU-1098,Customer 88,Corporate,United States,Atlanta,Georgia,74272,East,FUR-CH-11139,Furniture,Chairs,Harbour Creations Chair,2679.9,6,0.0,494.55
1141,US-2023-101140,05/22/2023,05/23/2023,Same Day,CU-1133,Customer 81,Home Office,United States,Seattle,Washington,77487,East,OFF-PA-11140,Office Supplies,Paper,Boise Paper,172.53,9,0.0,65.35
1142,US-2024-101141,04/29/2024,05/06/2024,Same Day,CU-1183,Customer 261,Corporate,United States,Houston,Texas,48489,South,OFF-BI-11141,Office Supplies,Binders,Acco Binder,28.13,1,0.15,6.17
1143,US-2023-101142,06/08/2023,06/09/2023,Standard Class,CU-1030,Customer 61,Consumer,United States,Houston,Texas,24113,South,OFF-BI-11142,Office Supplies,Binders,Acco Binder,267.72,6,0.0,62.64
1144,US-2023-101143,09/02/2023,09/08/2023,Same Day,CU-1222,Customer 210,Consumer,United States,Atlanta,Georgia,94451,Central,FUR-CH-11143,Furniture,Chairs,Hon Executive Chair,486.95,5,0.1,119.47
1145,US-2023-101144,12/20/2023,12/21/2023,Standard Class,CU-1016,Customer 130,Corporate,United States,Chicago,Illinois,34453,South,TEC-MA-11144,Technology,Machines,Lexmark Printer,92.6,1,0.1,14.11
1146,US-2024-101145,11/05/2024,11/08/2024,Second Class,CU-1003,Customer 85,Corporate,United States,Miami,Florida,64499,East,OFF-FA-11145,Office Supplies,Fasteners,Bostitch Stapler,98.0,8,0.0,36.74
1147,US-2024-101146,05/22/2024,05/25/2024,Second Class,CU-1092,Customer 214,Consumer,United States,Atlanta,Georgia,11209,Central,OFF-EN-11146,Office Supplies,Envelopes,Kraft Envelopes,30.44,1,0.0,7.12
1148,US-2024-101147,05/28/2024,05/30/2024,Second Class,CU-1075,Customer 171,Home Office,United States,Philadelphia,Pennsylvania,96332,Central,TEC-AC-11147,Technology,Accessories,Belkin Cable,2315.16,6,0.1,290.5
1149,US-2024-101148,08/28/2024,09/02/2024,First Class,CU-1275,Customer 234,Consumer,United States,Philadelphia,Pennsylvania,47288,Central,TEC-CO-11148,Technology,Copiers,Canon Copier,3112.62,7,0.3,165.0
1150,US-2024-101149,08/08/2024,08/10/2024,First Class,CU-1114,Customer 231,Corporate,United States,Atlanta,Georgia,49358,East,FUR-FU-11149,Furniture,Furnishings,Eldon Desk Lamp,1536.96,8,0.15,353.6
1151,US-2023-101150,08/16/2023,08/23/2023,Same Day,CU-1122,Customer 204,Consumer,United States,Los Angeles,California,66362,East,FUR-TA-11150,Furniture,Tables,Bevis Table,52.9,5,0.0,16.14
1152,US-2024-101151,09/06/2024,09/12/2024,Standard Class,CU-1254,Customer 298,Consumer,United States,Seattle,Washington,80004,Central,FUR-TA-11151,Furniture,Tables,Bevis Table,187.41,1,0.2,31.15
1153,US-2024-101152,11/02/2024,11/04/2024,Standard Class,CU-1219,Customer 41,Corporate,United States,Detroit,Michigan,94783,West,FUR-CH-11152,Furniture,Chairs,Novimex Chair,3655.62,9,0.3,133.43
1154,US-2024-101153,11/04/2024,11/07/2024,First Class,CU-1212,Customer 83,Corporate,United States,Houston,Texas,36750,West,OFF-LA-11153,Office Supplies,Labels,Avery Labels,172.17,3,0.3,8.71
1155,US-2023-101154,03/20/2023,03/22/2023,Standard Class,CU-1001,Customer 123,Consumer,United States,New York City,New York,45396,West,OFF-ST-11154,Office Supplies,Storage,Iris Storage Box,133.8,5,0.2,19.75
1156,US-2024-101155,04/21/2024,04/26/2024,Standard Class,CU-1246,Customer 143,Consumer,United States,Detroit,Michigan,56695,East,FUR-FU-11155,Furniture,Furnishings,Advantus Frame,483.64,2,0.2,75.17
1157,US-2024-101156,09/27/2024,10/04/2024,Standard Class,CU-1032,Customer 84,Consumer,United States,Los Angeles,California,54839,West,OFF-AR-11156,Office Supplies,Art,BIC Markers,155.68,4,0.2,27.12
1158,US-2024-101157,03/18/2024,03/19/2024,Same Day,CU-1108,Customer 86,Consumer,United States,Miami,Florida,91405,South,TEC-MA-11157,Technology,Machines,Lexmark Printer,4504.86,6,0.0,1163.8
1159,US-2023-101158,11/26/2023,12/02/2023,First Class,CU-1101,Customer 22,Consumer,United States,Miami,Florida,69363,West,TEC-PH-11158,Technology,Phones,Samsung Galaxy,2667.76,8,0.2,416.01
1160,US-2023-101159,11/19/2023,11/26/2023,Same Day,CU-1043,Customer 69,Consumer,United States,Los Angeles,California,87941,East,FUR-TA-11159,Furniture,Tables,Bretford Conference Table,1927.14,6,0.3,71.03
1161,US-2023-101160,05/03/2023,05/08/2023,Standard Class,CU-1162,Customer 126,Corporate,United States,Columbus,Ohio,80396,South,TEC-MA-11160,Technology,Machines,Lexmark Printer,1683.44,8,0.2,302.34
1162,US-2023-101161,09/22/2023,09/29/2023,Same Day,CU-1078,Customer 144,Corporate,United States,Houston,Texas,64005,East,OFF-LA-11161,Office Supplies,Labels,Avery Labels,8.03,1,0.1,1.94
1163,US-2023-101162,01/24/2023,01/25/2023,First Class,CU-1167,Customer 95,Home Office,United States,Miami,Florida,22199,West,TEC-AC-11162,Technology,Accessories,Logitech Mouse,1835.76,8,0.1,466.76
1164,US-2023-101163,11/22/2023,11/23/2023,Second Class,CU-1295,Customer 109,Home Office,United States,Columbus,Ohio,20333,West,TEC-PH-11163,Technology,Phones,Nokia Phone,1733.16,2,0.0,717.16
1165,US-2024-101164,07/16/2024,07/21/2024,First Class,CU-1282,Customer 153,Consumer,United States,New York City,New York,62907,East,FUR-TA-11164,Furniture,Tables,Chromcraft Table,2931.66,9,0.2,500.91
1166,US-2023-101165,03/12/2023,03/13/2023,Standard Class,CU-1054,Customer 245,Consumer,United States,Houston,Texas,71502,Central,OFF-FA-11165,Office Supplies,Fasteners,Staples Fasteners,52.8,6,0.1,13.45
1167,US-2023-101166,03/25/2023,03/28/2023,Second Class,CU-1094,Customer 292,Home Office,United States,Chicago,Illinois,23614,East,OFF-ST-11166,Office Supplies,Storage,Iris Storage Box,121.08,3,0.2,21.03
1168,US-2023-101167,09/02/2023,09/06/2023,Standard Class,CU-1267,Customer 140,Home Office,United States,Detroit,Michigan,34582,South,OFF-BI-11167,Office Supplies,Binders,Avery Binder,28.38,3,0.3,1.66
1169,US-2023-101168,07/17/2023,07/24/2023,First Class,CU-1176,Customer 70,Corporate,United States,Miami,Florida,87433,South,TEC-MA-11168,Technology,Machines,Cubify Printer,3081.89,7,0.0,1002.38
1170,US-2024-101169,03/06/2024,03/09/2024,Same Day,CU-1000,Customer 59,Corporate,United States,New York City,New York,87429,West,TEC-AC-11169,Technology,Accessories,Kensington Keyboard,601.84,4,0.2,99.24
1171,US-2023-101170,05/03/2023,05/09/2023,Second Class,CU-1067,Customer 21,Consumer,United States,Atlanta,Georgia,42767,East,TEC-AC-11170,Technology,Accessories,Belkin Cable,332.67,3,0.2,31.39
1172,US-2024-101171,08/11/2024,08/12/2024,Second Class,CU-1056,Customer 8,Corporate,United States,New York City,New York,24018,Central,TEC-PH-11171,Technology,Phones,Cisco Phone,2888.37,3,0.0,701.16
1173,US-2024-101172,01/13/2024,01/16/2024,Same Day,CU-1193,Customer 266,Home Office,United States,New York City,New York,46053,South,FUR-FU-11172,Furniture,Furnishings,Tenex Lamp,479.04,3,0.3,22.84
1174,US-2024-101173,11/12/2024,11/19/2024,Second Class,CU-1250,Customer 251,Corporate,United States,Chicago,Illinois,67337,East,TEC-MA-11173,Technology,Machines,HP Printer,1543.77,3,0.0,417.37
1175,US-2024-101174,04/14/2024,04/19/2024,First Class,CU-1104,Customer 212,Consumer,United States,Los Angeles,California,47645,West,OFF-LA-11174,Office Supplies,Labels,Hon Labels,206.4,8,0.0,39.23
1176,US-2023-101175,03/08/2023,03/13/2023,Same Day,CU-1178,Customer 156,Home Office,United States,Detroit,Michigan,39401,South,OFF-PA-11175,Office Supplies,Paper,Xerox Paper,71.26,7,0.0,20.73
1177,US-2024-101176,03/24/2024,03/26/2024,Standard Class,CU-1120,Customer 249,Corporate,United States,Chicago,Illinois,38688,West,FUR-TA-11176,Furniture,Tables,Bevis Table,1215.06,7,0.1,186.0
1178,US-2024-101177,11/05/2024,11/10/2024,First Class,CU-1206,Customer 11,Consumer,United States,Seattle,Washington,84338,East,FUR-TA-11177,Furniture,Tables,Chromcraft Table,769.86,9,0.1,189.18
1179,US-2024-101178,08/11/2024,08/18/2024,Second Class,CU-1254,Customer 271,Consumer,United States,Atlanta,Georgia,29542,East,FUR-TA-11178,Furniture,Tables,Chromcraft Table,3562.24,4,0.3,205.18
1180,US-2023-101179,11/10/2023,11/16/2023,Same Day,CU-1128,Customer 140,Home Office,United States,New York City,New York,36144,South,OFF-FA-11179,Office Supplies,Fasteners,Bostitch Stapler,43.48,1,0.15,5.53
1181,US-2023-101180,11/29/2023,11/30/2023,First Class,CU-1182,Customer 242,Consumer,United States,Chicago,Illinois,79794,Central,TEC-AC-11180,Technology,Accessories,Logitech Mouse,2374.19,7,0.15,445.03
1182,US-2024-101181,08/01/2024,08/03/2024,Second Class,CU-1210,Customer 23,Consumer,United States,New York City,New York,71221,South,OFF-BI-11181,Office Supplies,Binders,Wilson Jones Binder,334.44,9,0.0,115.04
1183,US-2023-101182,08/08/2023,08/10/2023,First Class,CU-1049,Customer 19,Corporate,United States,Chicago,Illinois,11533,South,TEC-PH-11182,Technology,Phones,Apple iPhone,4988.34,9,0.15,1000.56
1184,US-2024-101183,09/18/2024,09/19/2024,Standard Class,CU-1128,Customer 275,Home Office,United States,Chicago,Illinois,92458,West,FUR-TA-11183,Furniture,Tables,Bevis Table,1388.2,4,0.0,358.85
1185,US-2024-101184,05/16/2024,05/23/2024,Second Class,CU-1210,Customer 170,Consumer,United States,Los Angeles,California,21627,West,FUR-FU-11184,Furniture,Furnishings,Advantus Frame,3031.83,9,0.0,1018.81
1186,US-2024-101185,04/08/2024,04/13/2024,Second Class,CU-1013,Customer 50,Home Office,United States,Columbus,Ohio,84934,East,TEC-AC-11185,Technology,Accessories,Logitech Mouse,3574.76,7,0.3,133.03
1187,US-2023-101186,07/03/2023,07/05/2023,Second Class,CU-1101,Customer 68,Corporate,United States,Los Angeles,California,70405,East,TEC-AC-11186,Technology,Accessories,Logitech Mouse,1080.99,3,0.0,251.2
1188,US-2024-101187,01/11/2024,01/17/2024,First Class,CU-1221,Customer 79,Home Office,United States,Chicago,Illinois,18292,West,TEC-CO-11187,Technology,Copiers,Canon Copier,9145.8,10,0.0,1671.08
1189,US-2024-101188,12/01/2024,12/08/2024,Same Day,CU-1055,Customer 44,Consumer,United States,Houston,Texas,37759,East,OFF-FA-11188,Office Supplies,Fasteners,Staples Fasteners,84.99,3,0.1,11.15
1190,US-2023-101189,09/30/2023,10/06/2023,First Class,CU-1231,Customer 81,Home Office,United States,Houston,Texas,79841,West,FUR-FU-11189,Furniture,Furnishings,Eldon Desk Lamp,1516.55,7,0.0,525.37
1191,US-2024-101190,09/12/2024,09/14/2024,Standard Class,CU-1100,Customer 208,Corporate,United States,Seattle,Washington,59220,South,OFF-FA-11190,Office Supplies,Fasteners,Staples Fasteners,285.1,10,0.15,39.65
1192,US-2023-101191,04/26/2023,05/01/2023,Same Day,CU-1202,Customer 298,Home Office,United States,Detroit,Michigan,27723,East,FUR-BO-11191,Furniture,Bookcases,O'Sullivan Bookcase,250.23,1,0.0,88.97
1193,US-2024-101192,06/04/2024,06/11/2024,Standard Class,CU-1123,Customer 276,Home Office,United States,Los Angeles,California,20953,Central,TEC-MA-11192,Technology,Machines,HP Printer,269.2,4,0.0,62.97
1194,US-2023-101193,02/15/2023,02/19/2023,Same Day,CU-1105,Customer 72,Consumer,United States,Houston,Texas,93394,East,TEC-PH-11193,Technology,Phones,Nokia Phone,809.55,5,0.1,178.96
1195,US-2023-101194,03/24/2023,03/30/2023,First Class,CU-1235,Customer 85,Home Office,United States,Detroit,Michigan,46216,Central,TEC-MA-11194,Technology,Machines,HP Printer,2459.04,8,0.0,684.65
1196,US-2023-101195,03/27/2023,03/30/2023,Second Class,CU-1299,Customer 42,Consumer,United States,Los Angeles,California,34958,South,FUR-BO-11195,Furniture,Bookcases,Sauder Bookcase,39.76,1,0.3,1.96
1197,US-2023-101196,01/27/2023,02/02/2023,Second Class,CU-1180,Customer 161,Corporate,United States,Atlanta,Georgia,98103,East,FUR-FU-11196,Furniture,Furnishings,Advantus Frame,211.72,1,0.3,10.84
1198,US-2024-101197,09/06/2024,09/12/2024,Same Day,CU-1147,Customer 252,Home Office,United States,Houston,Texas,20040,West,TEC-AC-11197,Technology,Accessories,Kensington Keyboard,1982.6,5,0.0,388.26
1199,US-2024-101198,03/21/2024,03/25/2024,Standard Class,CU-1022,Customer 26,Consumer,United States,Detroit,Michigan,96774,Central,FUR-TA-11198,Furniture,Tables,Bretford Conference Table,383.82,6,0.15,63.58
1200,US-2023-101199,10/09/2023,10/14/2023,Second Class,CU-1207,Customer 194,Home Office,United States,Detroit,Michigan,26114,West,FUR-FU-11199,Furniture,Furnishings,Advantus Frame,743.16,6,0.0,195.87
1201,US-2024-101200,11/08/2024,11/09/2024,First Class,CU-1158,Customer 88,Home Office,United States,Columbus,Ohio,59194,East,OFF-AR-11200,Office Supplies,Art,BIC Markers,530.46,9,0.0,221.58
1202,US-2024-101201,09/08/2024,09/15/2024,Same Day,CU-1181,Customer 9,Home Office,United States,Miami,Florida,93393,West,TEC-PH-11201,Technology,Phones,Cisco Phone,499.06,1,0.15,64.43
1203,US-2023-101202,09/16/2023,09/23/2023,Standard Class,CU-1284,Customer 271,Home Office,United States,Miami,Florida,10651,Central,FUR-BO-11202,Furniture,Bookcases,Sauder Bookcase,1497.6,5,0.0,602.63
1204,US-2023-101203,09/12/2023,09/17/2023,Second Class,CU-1193,Customer 97,Home Office,United States,Philadelphia,Pennsylvania,94900,East,TEC-AC-11203,Technology,Accessories,Belkin Cable,2168.67,3,0.2,378.62
1205,US-2024-101204,09/25/2024,10/01/2024,First Class,CU-1087,Customer 268,Home Office,United States,Miami,Florida,94565,Central,OFF-PA-11204,Office Supplies,Paper,Xerox Paper,37.08,3,0.3,1.01
1206,US-2024-101205,01/13/2024,01/19/2024,Same Day,CU-1109,Customer 54,Corporate,United States,Houston,Texas,43010,East,OFF-PA-11205,Office Supplies,Paper,Xerox Paper,7.7,1,0.0,3.01
1207,US-2024-101206,01/18/2024,01/25/2024,First Class,CU-1021,Customer 96,Corporate,United States,Columbus,Ohio,40025,Central,OFF-LA-11206,Office Supplies,Labels,Hon Labels,247.05,5,0.3,9.55
1208,US-2024-101207,04/26/2024,04/30/2024,First Class,CU-1210,Customer 144,Corporate,United States,New York City,New York,77237,East,OFF-AR-11207,Office Supplies,Art,BIC Markers,94.24,4,0.3,2.43
1209,US-2023-101208,07/02/2023,07/09/2023,First Class,CU-1169,Customer 69,Corporate,United States,Detroit,Michigan,89966,East,FUR-BO-11208,Furniture,Bookcases,Bush Bookcase,402.12,4,0.2,59.61
1210,US-2023-101209,09/02/2023,09/04/2023,Second Class,CU-1106,Customer 182,Consumer,United States,Seattle,Washington,78971,Central,TEC-AC-11209,Technology,Accessories,Logitech Mouse,333.5,5,0.3,15.8
1211,US-2023-101210,04/15/2023,04/16/2023,Standard Class,CU-1232,Customer 270,Corporate,United States,Houston,Texas,26223,East,TEC-AC-11210,Technology,Accessories,Belkin Cable,766.68,2,0.15,154.86
1212,US-2024-101211,05/19/2024,05/21/2024,Second Class,CU-1207,Customer 166,Consumer,United States,Chicago,Illinois,15139,South,TEC-MA-11211,Technology,Machines,Cubify Printer,2866.3,10,0.0,944.63
1213,US-2024-101212,02/03/2024,02/04/2024,Same Day,CU-1256,Customer 209,Home Office,United States,Columbus,Ohio,78743,East,FUR-BO-11212,Furniture,Bookcases,Sauder Bookcase,1558.1,10,0.2,198.11
1214,US-2024-101213,02/29/2024,03/01/2024,Second Class,CU-1268,Customer 7,Consumer,United States,Columbus,Ohio,59452,Central,FUR-CH-11213,Furniture,Chairs,Global Task Chair,16.44,1,0.0,5.24
1215,US-2023-101214,01/04/2023,01/09/2023,Second Class,CU-1200,Customer 189,Home Office,United States,Miami,Florida,55323,West,OFF-SU-11214,Office Supplies,Supplies,Fiskars Scissors,340.0,5,0.2,29.77
1216,US-2024-101215,10/16/2024,10/23/2024,First Class,CU-1055,Customer 277,Corporate,United States,Detroit,Michigan,39601,West,FUR-BO-11215,Furniture,Bookcases,Bush Bookcase,526.7,10,0.0,196.5
1217,US-2023-101216,07/19/2023,07/21/2023,Second Class,CU-1110,Customer 259,Consumer,United States,Miami,Florida,19633,West,OFF-SU-11216,Office Supplies,Supplies,Fiskars Scissors,20.18,1,0.2,1.81
1218,US-2023-101217,02/07/2023,02/13/2023,First Class,CU-1066,Customer 267,Home Office,United States,Seattle,Washington,63378,East,OFF-PA-11217,Office Supplies,Paper,HP Paper,105.42,6,0.15,11.67
1219,US-2024-101218,03/21/2024,03/28/2024,Standard Class,CU-1265,Customer 50,Consumer,United States,Miami,Florida,26880,South,OFF-LA-11218,Office Supplies,Labels,Hon Labels,152.88,4,0.15,35.31
1220,US-2024-101219,02/04/2024,02/08/2024,Standard Class,CU-1013,Customer 198,Consumer,United States,Columbus,Ohio,99772,South,FUR-BO-11219,Furniture,Bookcases,O'Sullivan Bookcase,42.22,1,0.2,7.09
1221,US-2023-101220,12/15/2023,12/18/2023,Standard Class,CU-1220,Customer 261,Home Office,United States,Seattle,Washington,34039,South,FUR-TA-11220,Furniture,Tables,Lesro Table,584.34,2,0.0,212.15
1222,US-2024-101221,09/28/2024,09/30/2024,First Class,CU-1148,Customer 21,Consumer,United States,Houston,Texas,41732,Central,TEC-PH-11221,Technology,Phones,Cisco Phone,3078.0,8,0.15,636.61
1223,US-2024-101222,11/14/2024,11/19/2024,Second Class,CU-1208,Customer 24,Consumer,United States,Philadelphia,Pennsylvania,40637,Central,TEC-PH-11222,Technology,Phones,Cisco Phone,759.84,4,0.1,134.66
1224,US-2024-101223,09/12/2024,09/19/2024,Standard Class,CU-1259,Customer 189,Home Office,United States,Los Angeles,California,86132,East,TEC-PH-11223,Technology,Phones,Apple iPhone,911.66,2,0.3,34.62
1225,US-2023-101224,09/19/2023,09/24/2023,Second Class,CU-1206,Customer 294,Home Office,United States,Philadelphia,Pennsylvania,92046,South,OFF-PA-11224,Office Supplies,Paper,Boise Paper,76.11,3,0.0,26.65
1226,US-2024-101225,11/23/2024,11/29/2024,Same Day,CU-1045,Customer 268,Corporate,United States,Atlanta,Georgia,29029,Central,TEC-CO-11225,Technology,Copiers,Konica Copier,9449.64,9,0.3,436.22
1227,US-2023-101226,01/22/2023,01/29/2023,First Class,CU-1291,Customer 100,Consumer,United States,Seattle,Washington,34952,East,TEC-CO-11226,Technology,Copiers,Canon Copier,859.29,3,0.1,192.42
1228,US-2023-101227,02/26/2023,03/02/2023,Standard Class,CU-1285,Customer 243,Consumer,United States,Detroit,Michigan,62165,East,FUR-CH-11227,Furniture,Chairs,Harbour Creations Chair,266.91,3,0.15,41.8
1229,US-2024-101228,07/29/2024,08/04/2024,Second Class,CU-1266,Customer 113,Corporate,United States,Seattle,Washington,97837,Central,OFF-FA-11228,Office Supplies,Fasteners,Staples Fasteners,282.48,8,0.0,101.29
1230,US-2023-101229,10/19/2023,10/26/2023,Standard Class,CU-1176,Customer 209,Home Office,United States,Los Angeles,California,25440,West,TEC-MA-11229,Technology,Machines,HP Printer,776.58,3,0.3,43.8
1231,US-2024-101230,02/20/2024,02/25/2024,First Class,CU-1278,Customer 76,Corporate,United States,Houston,Texas,96627,Central,TEC-CO-11230,Technology,Copiers,Konica Copier,333.15,1,0.2,53.13
1232,US-2023-101231,01/16/2023,01/21/2023,Same Day,CU-1218,Customer 51,Home Office,United States,Chicago,Illinois,99872,West,FUR-FU-11231,Furniture,Furnishings,Deflecto Frame,388.14,6,0.15,73.07
1233,US-2024-101232,02/13/2024,02/18/2024,Second Class,CU-1123,Customer 160,Home Office,United States,Seattle,Washington,45638,East,FUR-TA-11232,Furniture,Tables,Chromcraft Table,643.82,2,0.1,175.49
1234,US-2024-101233,03/20/2024,03/25/2024,Same Day,CU-1199,Customer 33,Consumer,United States,Detroit,Michigan,25307,South,FUR-CH-11233,Furniture,Chairs,Novimex Chair,565.24,4,0.0,99.82
1235,US-2023-101234,12/09/2023,12/16/2023,Standard Class,CU-1024,Customer 34,Corporate,United States,Atlanta,Georgia,79181,East,TEC-MA-11234,Technology,Machines,Cubify Printer,813.6,2,0.3,25.85
1236,US-2023-101235,02/25/2023,03/01/2023,Same Day,CU-1090,Customer 268,Consumer,United States,Columbus,Ohio,86344,South,TEC-AC-11235,Technology,Accessories,Logitech Mouse,6112.6,5,0.3,282.58
1237,US-2023-101236,10/04/2023,10/05/2023,Same Day,CU-1225,Customer 227,Home Office,United States,Seattle,Washington,46896,South,TEC-CO-11236,Technology,Copiers,Canon Copier,273.53,1,0.3,10.36
1238,US-2024-101237,11/18/2024,11/20/2024,Second Class,CU-1176,Customer 10,Home Office,United States,Miami,Florida,22067,South,FUR-BO-11237,Furniture,Bookcases,Hon Bookcase,1058.94,3,0.3,41.42
1239,US-2023-101238,03/10/2023,03/17/2023,First Class,CU-1011,Customer 204,Home Office,United States,Atlanta,Georgia,98425,Central,TEC-CO-11238,Technology,Copiers,Konica Copier,288.7,1,0.0,90.52
1240,US-2023-101239,11/18/2023,11/21/2023,Second Class,CU-1103,Customer 177,Corporate,United States,Houston,Texas,24249,South,FUR-CH-11239,Furniture,Chairs,Global Task Chair,480.52,4,0.15,63.67
1241,US-2024-101240,11/25/2024,11/26/2024,Standard Class,CU-1083,Customer 1,Corporate,United States,Houston,Texas,24761,West,TEC-PH-11240,Technology,Phones,Cisco Phone,804.12,1,0.0,308.09
1242,US-2023-101241,12/20/2023,12/24/2023,Standard Class,CU-1097,Customer 112,Corporate,United States,Atlanta,Georgia,19743,Central,OFF-BI-11241,Office Supplies,Binders,Acco Binder,10.44,3,0.15,1.77
1243,US-2023-101242,11/27/2023,11/28/2023,Second Class,CU-1202,Customer 151,Home Office,United States,Atlanta,Georgia,15636,East,OFF-PA-11242,Office Supplies,Paper,Boise Paper,50.03,1,0.3,2.93
1244,US-2023-101243,04/15/2023,04/19/2023,Same Day,CU-1273,Customer 56,Consumer,United States,Seattle,Washington,70713,South,OFF-PA-11243,Office Supplies,Paper,HP Paper,2.97,1,0.0,0.85
1245,US-2024-101244,05/18/2024,05/25/2024,Second Class,CU-1052,Customer 100,Corporate,United States,New York City,New York,78082,South,TEC-MA-11244,Technology,Machines,Cubify Printer,1242.0,2,0.0,471.12
1246,US-2023-101245,08/26/2023,09/02/2023,Second Class,CU-1058,Customer 264,Consumer,United States,Miami,Florida,81239,Central,FUR-TA-11245,Furniture,Tables,Bevis Table,2106.5,10,0.15,279.62
1247,US-2024-101246,05/19/2024,05/26/2024,Same Day,CU-1206,Customer 61,Corporate,United States,Los Angeles,California,72694,East,OFF-LA-11246,Office Supplies,Labels,Hon Labels,42.8,4,0.2,6.58
1248,US-2023-101247,01/16/2023,01/19/2023,Standard Class,CU-1192,Customer 277,Consumer,United States,Houston,Texas,21056,West,OFF-SU-11247,Office Supplies,Supplies,Acme Scissors,125.44,7,0.2,19.68
1249,US-2024-101248,11/26/2024,12/03/2024,First Class,CU-1007,Customer 172,Home Office,United States,Miami,Florida,68626,East,FUR-CH-11248,Furniture,Chairs,Harbour Creations Chair,2039.22,6,0.3,62.34
1250,US-2024-101249,10/28/2024,11/04/2024,Second Class,CU-1037,Customer 293,Consumer,United States,Detroit,Michigan,52911,South,TEC-AC-11249,Technology,Accessories,Kensington Keyboard,11483.7,10,0.0,4070.51
1251,US-2023-101250,08/29/2023,09/02/2023,First Class,CU-1279,Customer 9,Consumer,United States,Seattle,Washington,26629,East,OFF-LA-11250,Office Supplies,Labels,Smead Labels,53.0,10,0.2,8.27
1252,US-2024-101251,09/04/2024,09/10/2024,First Class,CU-1259,Customer 150,Home Office,United States,Miami,Florida,27037,Central,OFF-LA-11251,Office Supplies,Labels,Smead Labels,45.28,4,0.3,2.47
1253,US-2024-101252,10/24/2024,10/25/2024,First Class,CU-1177,Customer 232,Home Office,United States,New York City,New York,81524,South,TEC-AC-11252,Technology,Accessories,Belkin Cable,943.2,10,0.2,125.56
1254,US-2024-101253,02/16/2024,02/20/2024,Same Day,CU-1244,Customer 101,Home Office,United States,Detroit,Michigan,96078,West,FUR-FU-11253,Furniture,Furnishings,Eldon Desk Lamp,1075.68,6,0.0,250.25
1255,US-2024-101254,10/04/2024,10/10/2024,Same Day,CU-1253,Customer 273,Corporate,United States,New York City,New York,60393,West,FUR-FU-11254,Furniture,Furnishings,Advantus Frame,2766.82,7,0.0,1137.34
1256,US-2023-101255,07/20/2023,07/24/2023,Standard Class,CU-1272,Customer 163,Home Office,United States,Atlanta,Georgia,78732,East,TEC-CO-11255,Technology,Copiers,Konica Copier,244.5,3,0.0,61.96
1257,US-2023-101256,01/31/2023,02/06/2023,First Class,CU-1199,Customer 196,Home Office,United States,Seattle,Washington,91204,Central,OFF-AR-11256,Office Supplies,Art,Sharpie Markers,99.08,4,0.1,13.28
1258,US-2024-101257,07/08/2024,07/10/2024,First Class,CU-1191,Customer 138,Corporate,United States,Seattle,Washington,33927,South,TEC-CO-11257,Technology,Copiers,Canon Copier,618.77,1,0.3,18.17
1259,US-2023-101258,10/29/2023,10/31/2023,Second Class,CU-1068,Customer 273,Home Office,United States,Atlanta,Georgia,85504,Central,OFF-FA-11258,Office Supplies,Fasteners,Staples Fasteners,53.13,3,0.1,14.33
1260,US-2024-101259,02/19/2024,02/21/2024,First Class,CU-1040,Customer 168,Consumer,United States,Columbus,Ohio,79866,Central,OFF-BI-11259,Office Supplies,Binders,Avery Binder,261.45,9,0.2,45.26
1261,US-2023-101260,06/25/2023,06/29/2023,Second Class,CU-1113,Customer 176,Home Office,United States,Atlanta,Georgia,89683,Central,TEC-CO-11260,Technology,Copiers,Canon Copier,4590.3,6,0.15,566.79
1262,US-2023-101261,01/27/2023,02/02/2023,Same Day,CU-1265,Customer 135,Corporate,United States,Columbus,Ohio,83227,Central,FUR-CH-11261,Furniture,Chairs,Hon Executive Chair,709.92,9,0.3,27.47
1263,US-2023-101262,11/10/2023,11/16/2023,Standard Class,CU-1262,Customer 296,Consumer,United States,Chicago,Illinois,24836,South,FUR-TA-11262,Furniture,Tables,Bevis Table,164.75,5,0.1,27.06
1264,US-2024-101263,08/18/2024,08/20/2024,First Class,CU-1019,Customer 45,Corporate,United States,Columbus,Ohio,37549,South,TEC-CO-11263,Technology,Copiers,Canon Copier,422.87,1,0.0,128.04
1265,US-2023-101264,07/27/2023,07/28/2023,Second Class,CU-1088,Customer 188,Home Office,United States,Columbus,Ohio,38110,South,OFF-ST-11264,Office Supplies,Storage,Iris Storage Box,161.8,5,0.15,18.62
1266,US-2023-101265,01/17/2023,01/22/2023,First Class,CU-1076,Customer 56,Corporate,United States,Los Angeles,California,21421,East,OFF-ST-11265,Office Supplies,Storage,Fellowes Storage Box,116.9,7,0.15,25.63
1267,US-2024-101266,08/28/2024,09/02/2024,Same Day,CU-1287,Customer 31,Home Office,United States,New York City,New York,27253,South,OFF-AR-11266,Office Supplies,Art,BIC Markers,98.49,7,0.2,12.86
1268,US-2024-101267,07/25/2024,08/01/2024,First Class,CU-1205,Customer 84,Consumer,United States,Detroit,Michigan,53370,South,FUR-TA-11267,Furniture,Tables,Chromcraft Table,641.67,3,0.0,245.09
1269,US-2024-101268,07/05/2024,07/09/2024,First Class,CU-1152,Customer 86,Consumer,United States,Philadelphia,Pennsylvania,74580,Central,OFF-LA-11268,Office Supplies,Labels,Hon Labels,93.0,10,0.2,11.03
1270,US-2024-101269,03/08/2024,03/11/2024,First Class,CU-1147,Customer 92,Home Office,United States,Atlanta,Georgia,26894,Central,TEC-AC-11269,Technology,Accessories,Belkin Cable,621.15,5,0.2,87.82
1271,US-2023-101270,02/10/2023,02/11/2023,Second Class,CU-1157,Customer 191,Home Office,United States,Los Angeles,California,40090,West,TEC-PH-11270,Technology,Phones,Apple iPhone,3789.24,7,0.1,490.5
1272,US-2023-101271,08/02/2023,08/03/2023,First Class,CU-1174,Customer 247,Consumer,United States,New York City,New York,78391,West,FUR-CH-11271,Furniture,Chairs,Global Task Chair,145.0,2,0.1,40.16
1273,US-2024-101272,06/21/2024,06/26/2024,Same Day,CU-1197,Customer 252,Consumer,United States,Detroit,Michigan,75481,West,TEC-CO-11272,Technology,Copiers,Canon Copier,113.6,2,0.1,20.23
1274,US-2023-101273,05/13/2023,05/16/2023,Second Class,CU-1188,Customer 148,Consumer,United States,Los Angeles,California,19121,West,OFF-SU-11273,Office Supplies,Supplies,Fiskars Scissors,70.2,5,0.3,2.77
1275,US-2023-101274,05/27/2023,06/03/2023,Standard Class,CU-1156,Customer 48,Consumer,United States,Atlanta,Georgia,59434,East,FUR-BO-11274,Furniture,Bookcases,O'Sullivan Bookcase,568.08,4,0.0,116.99
1276,US-2024-101275,04/19/2024,04/22/2024,Standard Class,CU-1272,Customer 85,Corporate,United States,Detroit,Michigan,62956,East,FUR-CH-11275,Furniture,Chairs,Novimex Chair,1460.75,5,0.15,178.83
1277,US-2023-101276,09/24/2023,09/30/2023,First Class,CU-1287,Customer 137,Corporate,United States,Columbus,Ohio,27782,South,TEC-CO-11276,Technology,Copiers,Canon Copier,604.89,3,0.1,126.43
1278,US-2024-101277,01/27/2024,02/02/2024,Second Class,CU-1052,Customer 201,Consumer,United States,Philadelphia,Pennsylvania,82007,West,FUR-BO-11277,Furniture,Bookcases,Bush Bookcase,1597.44,3,0.2,134.94
1279,US-2023-101278,07/23/2023,07/27/2023,Second Class,CU-1289,Customer 299,Consumer,United States,Chicago,Illinois,13836,Central,TEC-CO-11278,Technology,Copiers,Canon Copier,2846.8,8,0.0,542.35
1280,US-2024-101279,02/26/2024,02/28/2024,Standard Class,CU-1218,Customer 168,Home Office,United States,Chicago,Illinois,86700,East,FUR-CH-11279,Furniture,Chairs,Global Task Chair,1032.3,10,0.2,176.02
1281,US-2023-101280,11/29/2023,12/05/2023,First Class,CU-1125,Customer 296,Home Office,United States,Houston,Texas,36632,Central,TEC-AC-11280,Technology,Accessories,Logitech Mouse,4081.05,9,0.2,367.73
1282,US-2024-101281,05/19/2024,05/21/2024,Second Class,CU-1201,Customer 149,Consumer,United States,Philadelphia,Pennsylvania,12563,Central,TEC-AC-11281,Technology,Accessories,Kensington Keyboard,5893.93,7,0.0,1737.71
1283,US-2023-101282,07/04/2023,07/08/2023,Same Day,CU-1001,Customer 96,Home Office,United States,New York City,New York,32849,South,OFF-PA-11282,Office Supplies,Paper,Boise Paper,318.64,8,0.2,47.84
1284,US-2024-101283,04/24/2024,05/01/2024,Same Day,CU-1057,Customer 110,Corporate,United States,Atlanta,Georgia,52844,West,FUR-CH-11283,Furniture,Chairs,Hon Executive Chair,286.38,6,0.0,96.9
1285,US-2023-101284,05/18/2023,05/25/2023,First Class,CU-1203,Customer 28,Home Office,United States,New York City,New York,34699,West,TEC-MA-11284,Technology,Machines,Cubify Printer,731.1,3,0.0,273.44
1286,US-2024-101285,06/15/2024,06/20/2024,Same Day,CU-1178,Customer 108,Home Office,United States,Philadelphia,Pennsylvania,58784,Central,FUR-BO-11285,Furniture,Bookcases,Bush Bookcase,2262.33,9,0.15,418.35
1287,US-2023-101286,11/06/2023,11/08/2023,Same Day,CU-1041,Customer 294,Home Office,United States,Seattle,Washington,52039,East,FUR-CH-11286,Furniture,Chairs,Novimex Chair,322.38,1,0.0,72.37
1288,US-2023-101287,04/06/2023,04/07/2023,Second Class,CU-1295,Customer 86,Home Office,United States,Atlanta,Georgia,86923,Central,OFF-ST-11287,Office Supplies,Storage,Iris Storage Box,64.86,3,0.0,25.21
1289,US-2023-101288,07/17/2023,07/18/2023,Second Class,CU-1002,Customer 296,Corporate,United States,Detroit,Michigan,71616,East,TEC-PH-11288,Technology,Phones,Apple iPhone,1286.0,5,0.0,375.64
1290,US-2024-101289,10/10/2024,10/12/2024,Second Class,CU-1059,Customer 107,Consumer,United States,Los Angeles,California,25476,South,FUR-FU-11289,Furniture,Furnishings,Eldon Desk Lamp,6530.6,10,0.0,1375.15
1291,US-2023-101290,04/29/2023,04/30/2023,Same Day,CU-1206,Customer 54,Consumer,United States,New York City,New York,33685,East,OFF-SU-11290,Office Supplies,Supplies,Acme Scissors,40.24,1,0.0,13.01
1292,US-2024-101291,03/24/2024,03/26/2024,Second Class,CU-1109,Customer 19,Corporate,United States,Detroit,Michigan,84957,West,FUR-BO-11291,Furniture,Bookcases,Hon Bookcase,852.12,3,0.3,31.53
1293,US-2024-101292,04/11/2024,04/17/2024,First Class,CU-1266,Customer 54,Consumer,United States,Houston,Texas,46968,West,OFF-FA-11292,Office Supplies,Fasteners,Bostitch Stapler,62.68,4,0.2,4.79
1294,US-2023-101293,05/24/2023,05/27/2023,Standard Class,CU-1295,Customer 168,Consumer,United States,Detroit,Michigan,29677,Central,FUR-BO-11293,Furniture,Bookcases,Bush Bookcase,76.45,1,0.2,11.22
1295,US-2023-101294,12/25/2023,12/31/2023,Same Day,CU-1033,Customer 1,Consumer,United States,Columbus,Ohio,97418,Central,OFF-AR-11294,Office Supplies,Art,Newell Highlighters,345.1,10,0.0,119.63
1296,US-2023-101295,05/26/2023,05/29/2023,Second Class,CU-1217,Customer 184,Home Office,United States,New York City,New York,52813,Central,FUR-FU-11295,Furniture,Furnishings,Eldon Desk Lamp,722.02,2,0.0,297.74
1297,US-2023-101296,06/09/2023,06/10/2023,Second Class,CU-1246,Customer 28,Corporate,United States,New York City,New York,26136,Central,OFF-PA-11296,Office Supplies,Paper,Xerox Paper,99.56,4,0.0,23.75
1298,US-2023-101297,06/20/2023,06/25/2023,Standard Class,CU-1226,Customer 44,Corporate,United States,Los Angeles,California,65862,East,TEC-MA-11297,Technology,Machines,Lexmark Printer,2150.12,4,0.2,272.98
1299,US-2023-101298,12/17/2023,12/20/2023,First Class,CU-1081,Customer 4,Consumer,United States,New York City,New York,47415,East,OFF-BI-11298,Office Supplies,Binders,Avery Binder,123.09,3,0.1,26.83
1300,US-2024-101299,05/23/2024,05/28/2024,Same Day,CU-1188,Customer 217,Corporate,United States,Miami,Florida,91645,East,FUR-BO-11299,Furniture,Bookcases,Sauder Bookcase,377.59,1,0.2,42.72
1301,US-2023-101300,09/10/2023,09/13/2023,Same Day,CU-1054,Customer 71,Corporate,United States,Houston,Texas,70521,South,OFF-SU-11300,Office Supplies,Supplies,Fiskars Scissors,33.72,6,0.1,6.72
1302,US-2023-101301,05/06/2023,05/07/2023,Second Class,CU-1013,Customer 212,Home Office,United States,Detroit,Michigan,40127,East,FUR-BO-11301,Furniture,Bookcases,Sauder Bookcase,1402.83,9,0.0,509.85
1303,US-2023-101302,02/13/2023,02/18/2023,Standard Class,CU-1264,Customer 50,Home Office,United States,Detroit,Michigan,97843,Central,OFF-FA-11302,Office Supplies,Fasteners,Bostitch Stapler,72.0,2,0.15,8.83
1304,US-2023-101303,12/17/2023,12/23/2023,Standard Class,CU-1237,Customer 44,Consumer,United States,New York City,New York,76632,East,OFF-ST-11303,Office Supplies,Storage,Fellowes Storage Box,259.8,10,0.0,100.74
1305,US-2023-101304,12/07/2023,12/08/2023,Standard Class,CU-1147,Customer 185,Home Office,United States,Chicago,Illinois,46116,South,OFF-SU-11304,Office Supplies,Supplies,Acme Scissors,164.48,4,0.0,47.4
1306,US-2023-101305,01/18/2023,01/23/2023,Same Day,CU-1093,Customer 179,Home Office,United States,Los Angeles,California,79222,Central,OFF-BI-11305,Office Supplies,Binders,Wilson Jones Binder,102.21,3,0.0,35.52
1307,US-2023-101306,05/04/2023,05/09/2023,Standard Class,CU-1170,Customer 102,Home Office,United States,Chicago,Illinois,36262,South,OFF-FA-11306,Office Supplies,Fasteners,Bostitch Stapler,21.9,10,0.1,4.64
1308,US-2023-101307,03/22/2023,03/25/2023,Standard Class,CU-1268,Customer 124,Consumer,United States,Houston,Texas,72259,East,FUR-FU-11307,Furniture,Furnishings,Advantus Frame,3081.96,7,0.15,496.67
1309,US-2023-101308,12/05/2023,12/11/2023,Standard Class,CU-1034,Customer 60,Consumer,United States,Seattle,Washington,68580,South,FUR-BO-11308,Furniture,Bookcases,Bush Bookcase,981.54,7,0.15,156.63
1310,US-2024-101309,08/22/2024,08/24/2024,Standard Class,CU-1288,Customer 139,Home Office,United States,Seattle,Washington,10396,Central,TEC-CO-11309,Technology,Copiers,Canon Copier,782.55,5,0.0,140.71
1311,US-2024-101310,05/28/2024,05/29/2024,First Class,CU-1254,Customer 203,Home Office,United States,Atlanta,Georgia,79361,South,FUR-BO-11310,Furniture,Bookcases,Bush Bookcase,1291.38,3,0.0,306.84
1312,US-2023-101311,05/04/2023,05/11/2023,Same Day,CU-1195,Customer 285,Home Office,United States,Philadelphia,Pennsylvania,48353,East,TEC-MA-11311,Technology,Machines,HP Printer,1038.74,2,0.0,299.67
1313,US-2024-101312,05/11/2024,05/15/2024,First Class,CU-1127,Customer 120,Consumer,United States,Los Angeles,California,52247,South,OFF-FA-11312,Office Supplies,Fasteners,Staples Fasteners,169.74,3,0.0,49.87
1314,US-2024-101313,04/01/2024,04/08/2024,Standard Class,CU-1034,Customer 136,Consumer,United States,Atlanta,Georgia,66464,West,FUR-CH-11313,Furniture,Chairs,Harbour Creations Chair,2534.0,10,0.2,432.7
1315,US-2023-101314,06/25/2023,06/26/2023,Standard Class,CU-1210,Customer 29,Consumer,United States,Detroit,Michigan,96606,East,FUR-CH-11314,Furniture,Chairs,Novimex Chair,154.24,1,0.2,19.03
1316,US-2024-101315,08/08/2024,08/13/2024,Same Day,CU-1075,Customer 58,Consumer,United States,Atlanta,Georgia,68255,East,TEC-AC-11315,Technology,Accessories,Logitech Mouse,3345.66,9,0.0,778.29
1317,US-2024-101316,07/13/2024,07/17/2024,First Class,CU-1155,Customer 274,Consumer,United States,New York City,New York,31065,East,TEC-AC-11316,Technology,Accessories,Belkin Cable,1187.37,9,0.0,444.97
1318,US-2024-101317,03/24/2024,03/25/2024,Second Class,CU-1031,Customer 14,Corporate,United States,Columbus,Ohio,80791,East,OFF-EN-11317,Office Supplies,Envelopes,Kraft Envelopes,68.9,10,0.15,16.27
1319,US-2023-101318,07/13/2023,07/17/2023,Standard Class,CU-1153,Customer 207,Consumer,United States,Houston,Texas,94928,East,OFF-SU-11318,Office Supplies,Supplies,Fiskars Scissors,117.52,8,0.3,3.32
1320,US-2024-101319,05/31/2024,06/02/2024,Same Day,CU-1200,Customer 297,Home Office,United States,Detroit,Michigan,72539,East,FUR-FU-11319,Furniture,Furnishings,Advantus Frame,1700.37,3,0.2,247.22
1321,US-2023-101320,04/01/2023,04/08/2023,Same Day,CU-1057,Customer 182,Corporate,United States,Seattle,Washington,15769,South,OFF-LA-11320,Office Supplies,Labels,Smead Labels,95.94,6,0.0,33.56
1322,US-2024-101321,07/25/2024,07/27/2024,First Class,CU-1193,Customer 182,Consumer,United States,Detroit,Michigan,70324,South,TEC-MA-11321,Technology,Machines,Cubify Printer,466.24,8,0.1,113.29
1323,US-2024-101322,09/16/2024,09/20/2024,Same Day,CU-1279,Customer 128,Home Office,United States,Seattle,Washington,44711,South,FUR-TA-11322,Furniture,Tables,Bretford Conference Table,1841.7,10,0.15,365.18
1324,US-2023-101323,01/12/2023,01/14/2023,First Class,CU-1052,Customer 198,Consumer,United States,Philadelphia,Pennsylvania,30946,Central,FUR-TA-11323,Furniture,Tables,Bevis Table,1186.11,9,0.1,179.75
1325,US-2023-101324,01/01/2023,01/06/2023,Second Class,CU-1136,Customer 274,Corporate,United States,Houston,Texas,79822,West,TEC-MA-11324,Technology,Machines,HP Printer,4991.63,7,0.1,1097.95
1326,US-2024-101325,06/23/2024,06/27/2024,Standard Class,CU-1217,Customer 12,Home Office,United States,Houston,Texas,18311,East,TEC-PH-11325,Technology,Phones,Cisco Phone,2593.95,3,0.1,503.64
1327,US-2024-101326,01/02/2024,01/08/2024,Second Class,CU-1104,Customer 209,Consumer,United States,Chicago,Illinois,40493,West,OFF-ST-11326,Office Supplies,Storage,Fellowes Storage Box,35.64,2,0.2,6.03
1328,US-2023-101327,09/18/2023,09/21/2023,Standard Class,CU-1205,Customer 171,Home Office,United States,Los Angeles,California,12874,West,OFF-FA-11327,Office Supplies,Fasteners,Staples Fasteners,182.34,6,0.0,75.73
1329,US-2023-101328,04/10/2023,04/14/2023,First Class,CU-1016,Customer 99,Home Office,United States,Atlanta,Georgia,47899,Central,OFF-PA-11328,Office Supplies,Paper,HP Paper,258.16,8,0.0,61.76
1330,US-2023-101329,03/08/2023,03/15/2023,Second Class,CU-1132,Customer 276,Home Office,United States,Philadelphia,Pennsylvania,81646,East,FUR-FU-11329,Furniture,Furnishings,Deflecto Frame,401.16,2,0.15,82.55
1331,US-2023-101330,03/23/2023,03/27/2023,First Class,CU-1211,Customer 265,Consumer,United States,Seattle,Washington,39684,Central,TEC-PH-11330,Technology,Phones,Cisco Phone,2218.48,8,0.2,200.27
1332,US-2024-101331,11/10/2024,11/15/2024,Second Class,CU-1297,Customer 203,Home Office,United States,Atlanta,Georgia,91073,South,TEC-MA-11331,Technology,Machines,Lexmark Printer,1029.77,7,0.1,227.1
1333,US-2023-101332,11/18/2023,11/25/2023,Standard Class,CU-1056,Customer 64,Home Office,United States,Seattle,Washington,27664,West,OFF-FA-11332,Office Supplies,Fasteners,Bostitch Stapler,7.16,2,0.1,1.32
1334,US-2023-101333,12/26/2023,12/27/2023,Standard Class,CU-1242,Customer 41,Corporate,United States,Los Angeles,California,99491,East,FUR-FU-11333,Furniture,Furnishings,Advantus Frame,365.8,4,0.3,21.04
1335,US-2023-101334,04/13/2023,04/18/2023,First Class,CU-1167,Customer 191,Home Office,United States,Houston,Texas,17315,South,FUR-FU-11334,Furniture,Furnishings,Tenex Lamp,1366.12,7,0.1,230.19
1336,US-2023-101335,11/05/2023,11/12/2023,Second Class,CU-1152,Customer 272,Home Office,United States,Atlanta,Georgia,42796,West,OFF-LA-11335,Office Supplies,Labels,Avery Labels,6.12,1,0.2,0.88
1337,US-2024-101336,09/20/2024,09/24/2024,Same Day,CU-1254,Customer 211,Consumer,United States,Detroit,Michigan,52844,South,FUR-TA-11336,Furniture,Tables,Bevis Table,1705.2,7,0.3,94.27
1338,US-2024-101337,05/16/2024,05/23/2024,Same Day,CU-1174,Customer 276,Consumer,United States,Columbus,Ohio,84869,South,OFF-AR-11337,Office Supplies,Art,Newell Highlighters,131.85,5,0.1,26.26
1339,US-2024-101338,03/11/2024,03/13/2024,Second Class,CU-1189,Customer 133,Corporate,United States,Los Angeles,California,59972,West,OFF-EN-11338,Office Supplies,Envelopes,Kraft Envelopes,63.36,4,0.2,10.11
1340,US-2024-101339,02/11/2024,02/17/2024,First Class,CU-1177,Customer 118,Consumer,United States,New York City,New York,11200,South,TEC-MA-11339,Technology,Machines,Lexmark Printer,1608.0,6,0.3,56.48
1341,US-2024-101340,03/14/2024,03/18/2024,Same Day,CU-1159,Customer 206,Consumer,United States,Philadelphia,Pennsylvania,51419,East,FUR-CH-11340,Furniture,Chairs,Hon Executive Chair,183.33,3,0.0,45.29
1342,US-2023-101341,04/05/2023,04/08/2023,First Class,CU-1273,Customer 265,Home Office,United States,New York City,New York,60888,East,OFF-LA-11341,Office Supplies,Labels,Avery Labels,89.52,2,0.0,21.83
1343,US-2024-101342,05/07/2024,05/13/2024,Same Day,CU-1286,Customer 66,Consumer,United States,Miami,Florida,20372,West,FUR-BO-11342,Furniture,Bookcases,Sauder Bookcase,2948.96,8,0.2,381.03
1344,US-2023-101343,09/27/2023,10/04/2023,Second Class,CU-1217,Customer 39,Consumer,United States,Miami,Florida,24536,West,TEC-AC-11343,Technology,Accessories,Kensington Keyboard,116.07,1,0.1,23.57
1345,US-2023-101344,12/17/2023,12/19/2023,Same Day,CU-1177,Customer 198,Home Office,United States,Philadelphia,Pennsylvania,16303,South,FUR-CH-11344,Furniture,Chairs,Harbour Creations Chair,298.48,4,0.3,15.4
1346,US-2023-101345,06/29/2023,07/02/2023,Second Class,CU-1063,Customer 286,Home Office,United States,Detroit,Michigan,40482,Central,TEC-AC-11345,Technology,Accessories,Belkin Cable,444.36,3,0.1,132.02
1347,US-2023-101346,09/18/2023,09/21/2023,First Class,CU-1146,Customer 240,Corporate,United States,Miami,Florida,29089,West,OFF-EN-11346,Office Supplies,Envelopes,Poly Envelopes,37.27,1,0.0,12.69
1348,US-2023-101347,10/20/2023,10/27/2023,Same Day,CU-1043,Customer 231,Corporate,United States,Philadelphia,Pennsylvania,62185,West,FUR-BO-11347,Furniture,Bookcases,O'Sullivan Bookcase,1073.08,4,0.0,433.51
1349,US-2024-101348,07/05/2024,07/09/2024,Second Class,CU-1037,Customer 244,Corporate,United States,Detroit,Michigan,11653,East,FUR-TA-11348,Furniture,Tables,Lesro Table,3417.36,8,0.0,623.75
1350,US-2023-101349,02/03/2023,02/07/2023,Second Class,CU-1166,Customer 280,Home Office,United States,Chicago,Illinois,28982,Central,FUR-FU-11349,Furniture,Furnishings,Tenex Lamp,459.81,1,0.1,83.95
1351,US-2024-101350,06/11/2024,06/12/2024,Same Day,CU-1225,Customer 243,Home Office,United States,New York City,New York,47565,East,TEC-MA-11350,Technology,Machines,Lexmark Printer,294.76,4,0.1,37.45
1352,US-2023-101351,09/25/2023,09/28/2023,Same Day,CU-1027,Customer 273,Consumer,United States,Columbus,Ohio,80134,Central,OFF-EN-11351,Office Supplies,Envelopes,Kraft Envelopes,181.7,5,0.1,30.8
1353,US-2023-101352,04/20/2023,04/21/2023,First Class,CU-1123,Customer 64,Consumer,United States,Detroit,Michigan,80337,South,TEC-PH-11352,Technology,Phones,Cisco Phone,7160.7,10,0.2,700.54
1354,US-2024-101353,08/23/2024,08/28/2024,Second Class,CU-1031,Customer 157,Corporate,United States,Miami,Florida,73077,West,TEC-AC-11353,Technology,Accessories,Belkin Cable,1780.1,7,0.2,239.65
1355,US-2023-101354,08/27/2023,08/28/2023,Standard Class,CU-1276,Customer 196,Home Office,United States,Miami,Florida,43113,West,OFF-ST-11354,Office Supplies,Storage,Iris Storage Box,196.4,8,0.3,5.86
1356,US-2023-101355,06/16/2023,06/21/2023,Second Class,CU-1121,Customer 291,Consumer,United States,Philadelphia,Pennsylvania,29785,East,OFF-AR-11355,Office Supplies,Art,Newell Highlighters,195.93,9,0.3,6.45
1357,US-2023-101356,08/04/2023,08/06/2023,Standard Class,CU-1295,Customer 286,Consumer,United States,Atlanta,Georgia,31991,West,TEC-CO-11356,Technology,Copiers,Canon Copier,2103.71,7,0.0,854.54
1358,US-2023-101357,01/17/2023,01/18/2023,Same Day,CU-1236,Customer 223,Corporate,United States,Los Angeles,California,25022,East,FUR-BO-11357,Furniture,Bookcases,Sauder Bookcase,372.09,1,0.0,86.08
1359,US-2023-101358,07/13/2023,07/16/2023,Same Day,CU-1047,Customer 148,Consumer,United States,Seattle,Washington,40832,Central,FUR-FU-11358,Furniture,Furnishings,Deflecto Frame,1274.84,2,0.0,394.18
1360,US-2023-101359,10/10/2023,10/14/2023,Second Class,CU-1099,Customer 162,Corporate,United States,Philadelphia,Pennsylvania,63564,Central,OFF-BI-11359,Office Supplies,Binders,GBC Binder,624.3,10,0.2,96.32
1361,US-2024-101360,04/13/2024,04/20/2024,Same Day,CU-1093,Customer 2,Corporate,United States,Los Angeles,California,46562,Central,TEC-PH-11360,Technology,Phones,Apple iPhone,219.6,1,0.0,77.88
1362,US-2024-101361,03/22/2024,03/26/2024,Same Day,CU-1216,Customer 138,Consumer,United States,Los Angeles,California,19676,East,TEC-CO-11361,Technology,Copiers,Konica Copier,812.2,2,0.1,104.3
1363,US-2023-101362,10/16/2023,10/17/2023,Same Day,CU-1277,Customer 166,Consumer,United States,Chicago,Illinois,62274,Central,TEC-CO-11362,Technology,Copiers,Konica Copier,845.8,5,0.0,294.93
1364,US-2023-101363,07/19/2023,07/23/2023,Same Day,CU-1280,Customer 104,Corporate,United States,Detroit,Michigan,82608,West,TEC-CO-11363,Technology,Copiers,Canon Copier,1664.46,9,0.2,127.46
1365,US-2024-101364,06/24/2024,06/26/2024,Same Day,CU-1285,Customer 285,Home Office,United States,Los Angeles,California,93267,East,OFF-FA-11364,Office Supplies,Fasteners,Staples Fasteners,166.04,7,0.2,20.46
1366,US-2024-101365,03/15/2024,03/17/2024,First Class,CU-1232,Customer 40,Home Office,United States,Atlanta,Georgia,69568,South,OFF-SU-11365,Office Supplies,Supplies,Acme Scissors,81.24,6,0.0,21.6
1367,US-2024-101366,04/10/2024,04/17/2024,Second Class,CU-1194,Customer 8,Corporate,United States,Columbus,Ohio,20310,East,FUR-CH-11366,Furniture,Chairs,Global Task Chair,128.05,1,0.0,26.57
1368,US-2023-101367,11/18/2023,11/19/2023,Same Day,CU-1249,Customer 234,Corporate,United States,Detroit,Michigan,21824,West,TEC-AC-11367,Technology,Accessories,Logitech Mouse,798.1,2,0.15,120.17
1369,US-2024-101368,07/08/2024,07/14/2024,Second Class,CU-1143,Customer 48,Home Office,United States,New York City,New York,87623,South,OFF-PA-11368,Office Supplies,Paper,HP Paper,359.8,10,0.0,132.08
1370,US-2023-101369,12/09/2023,12/14/2023,Standard Class,CU-1230,Customer 28,Home Office,United States,Philadelphia,Pennsylvania,44646,Central,FUR-FU-11369,Furniture,Furnishings,Advantus Frame,882.48,3,0.0,184.9
1371,US-2024-101370,05/12/2024,05/19/2024,Standard Class,CU-1163,Customer 223,Home Office,United States,Columbus,Ohio,26569,East,OFF-AR-11370,Office Supplies,Art,Newell Highlighters,319.95,9,0.1,78.12
1372,US-2023-101371,01/19/2023,01/25/2023,Standard Class,CU-1032,Customer 205,Consumer,United States,Atlanta,Georgia,54849,South,TEC-MA-11371,Technology,Machines,Cubify Printer,630.06,6,0.15,136.26
1373,US-2024-101372,04/26/2024,04/28/2024,Second Class,CU-1286,Customer 168,Home Office,United States,Seattle,Washington,46699,East,OFF-LA-11372,Office Supplies,Labels,Hon Labels,38.82,3,0.0,14.66
1374,US-2023-101373,07/07/2023,07/09/2023,First Class,CU-1231,Customer 124,Consumer,United States,Detroit,Michigan,27858,South,FUR-BO-11373,Furniture,Bookcases,Hon Bookcase,1930.68,9,0.3,112.15
1375,US-2024-101374,07/29/2024,08/04/2024,Standard Class,CU-1046,Customer 60,Home Office,United States,Columbus,Ohio,58732,East,FUR-FU-11374,Furniture,Furnishings,Advantus Frame,433.88,1,0.15,47.39
1376,US-2024-101375,03/13/2024,03/14/2024,Standard Class,CU-1185,Customer 117,Corporate,United States,Houston,Texas,16978,West,TEC-MA-11375,Technology,Machines,Lexmark Printer,2784.0,2,0.3,78.0
1377,US-2023-101376,11/18/2023,11/24/2023,Standard Class,CU-1002,Customer 248,Corporate,United States,Atlanta,Georgia,95674,East,FUR-BO-11376,Furniture,Bookcases,Sauder Bookcase,2090.48,8,0.0,780.52
1378,US-2024-101377,08/04/2024,08/09/2024,Same Day,CU-1211,Customer 285,Home Office,United States,Houston,Texas,37962,South,TEC-AC-11377,Technology,Accessories,Belkin Cable,3339.06,6,0.3,117.72
1379,US-2024-101378,02/28/2024,03/06/2024,Standard Class,CU-1263,Customer 73,Corporate,United States,New York City,New York,36500,Central,OFF-AR-11378,Office Supplies,Art,Sharpie Markers,35.05,5,0.1,10.25
1380,US-2023-101379,06/07/2023,06/10/2023,Same Day,CU-1113,Customer 94,Consumer,United States,Los Angeles,California,71377,Central,TEC-PH-11379,Technology,Phones,Samsung Galaxy,1092.32,2,0.0,260.15
1381,US-2023-101380,12/12/2023,12/19/2023,Second Class,CU-1215,Customer 272,Consumer,United States,Chicago,Illinois,63166,Central,FUR-TA-11380,Furniture,Tables,Bevis Table,3618.3,5,0.2,561.61
1382,US-2023-101381,08/13/2023,08/19/2023,First Class,CU-1153,Customer 278,Home Office,United States,Detroit,Michigan,35589,Central,TEC-CO-11381,Technology,Copiers,Canon Copier,1203.86,7,0.15,153.04
1383,US-2024-101382,02/20/2024,02/22/2024,Standard Class,CU-1169,Customer 172,Consumer,United States,Seattle,Washington,68394,South,FUR-TA-11382,Furniture,Tables,Lesro Table,921.48,7,0.3,54.29
1384,US-2023-101383,03/23/2023,03/26/2023,Same Day,CU-1081,Customer 106,Home Office,United States,Columbus,Ohio,33956,East,OFF-LA-11383,Office Supplies,Labels,Hon Labels,273.66,6,0.15,51.11
1385,US-2023-101384,01/29/2023,02/04/2023,Standard Class,CU-1119,Customer 52,Consumer,United States,Seattle,Washington,23122,South,TEC-PH-11384,Technology,Phones,Nokia Phone,2039.58,6,0.0,378.17
1386,US-2023-101385,10/30/2023,11/05/2023,Same Day,CU-1199,Customer 28,Home Office,United States,Columbus,Ohio,33219,West,TEC-CO-11385,Technology,Copiers,Canon Copier,427.6,10,0.3,10.98
1387,US-2023-101386,10/02/2023,10/08/2023,Standard Class,CU-1090,Customer 1,Consumer,United States,Columbus,Ohio,97406,West,TEC-PH-11386,Technology,Phones,Cisco Phone,2215.3,10,0.1,633.33
1388,US-2023-101387,01/11/2023,01/13/2023,Same Day,CU-1025,Customer 41,Corporate,United States,Los Angeles,California,24548,Central,FUR-FU-11387,Furniture,Furnishings,Advantus Frame,5389.2,10,0.1,1495.97
1389,US-2023-101388,12/14/2023,12/15/2023,Same Day,CU-1144,Customer 23,Corporate,United States,Atlanta,Georgia,23093,South,FUR-CH-11388,Furniture,Chairs,Harbour Creations Chair,1664.8,10,0.1,336.33
1390,US-2024-101389,08/27/2024,09/02/2024,First Class,CU-1014,Customer 119,Home Office,United States,Columbus,Ohio,18619,East,TEC-MA-11389,Technology,Machines,Cubify Printer,2129.52,8,0.2,282.86
1391,US-2023-101390,07/28/2023,08/03/2023,Standard Class,CU-1001,Customer 143,Corporate,United States,Los Angeles,California,26522,East,FUR-FU-11390,Furniture,Furnishings,Advantus Frame,3636.8,10,0.0,1500.58
1392,US-2023-101391,03/07/2023,03/08/2023,First Class,CU-1048,Customer 114,Home Office,United States,Seattle,Washington,54146,West,FUR-FU-11391,Furniture,Furnishings,Eldon Desk Lamp,2413.53,9,0.2,358.09
1393,US-2023-101392,05/31/2023,06/01/2023,First Class,CU-1198,Customer 37,Consumer,United States,Columbus,Ohio,17775,South,TEC-AC-11392,Technology,Accessories,Kensington Keyboard,1019.6,4,0.1,249.86
1394,US-2023-101393,03/02/2023,03/03/2023,Same Day,CU-1224,Customer 245,Corporate,United States,Detroit,Michigan,15778,West,OFF-LA-11393,Office Supplies,Labels,Smead Labels,14.92,1,0.15,2.69
1395,US-2024-101394,11/09/2024,11/11/2024,First Class,CU-1157,Customer 298,Home Office,United States,Chicago,Illinois,59147,West,OFF-PA-11394,Office Supplies,Paper,Boise Paper,409.89,3,0.3,23.01
1396,US-2023-101395,12/09/2023,12/12/2023,Standard Class,CU-1111,Customer 83,Home Office,United States,Houston,Texas,55605,East,FUR-BO-11395,Furniture,Bookcases,Hon Bookcase,3845.28,8,0.15,587.47
1397,US-2023-101396,07/08/2023,07/11/2023,Standard Class,CU-1235,Customer 276,Corporate,United States,Miami,Florida,34087,East,FUR-FU-11396,Furniture,Furnishings,Tenex Lamp,2073.19,7,0.1,351.7
1398,US-2023-101397,08/15/2023,08/18/2023,First Class,CU-1048,Customer 36,Consumer,United States,Chicago,Illinois,14187,East,TEC-MA-11397,Technology,Machines,HP Printer,4955.4,10,0.3,259.01
1399,US-2024-101398,07/23/2024,07/27/2024,First Class,CU-1124,Customer 8,Consumer,United States,Detroit,Michigan,25289,East,TEC-CO-11398,Technology,Copiers,Canon Copier,1811.88,6,0.0,319.57
1400,US-2023-101399,10/16/2023,10/22/2023,First Class,CU-1233,Customer 172,Home Office,United States,Los Angeles,California,82939,South,OFF-FA-11399,Office Supplies,Fasteners,Bostitch Stapler,127.6,4,0.0,41.6
1401,US-2023-101400,11/16/2023,11/18/2023,Same Day,CU-1023,Customer 119,Consumer,United States,Miami,Florida,64929,West,OFF-AR-11400,Office Supplies,Art,Newell Highlighters,62.43,3,0.2,9.51
1402,US-2023-101401,09/19/2023,09/23/2023,Same Day,CU-1012,Customer 65,Consumer,United States,New York City,New York,68316,East,FUR-CH-11401,Furniture,Chairs,Novimex Chair,593.58,6,0.1,128.28
1403,US-2023-101402,07/05/2023,07/07/2023,Same Day,CU-1086,Customer 51,Home Office,United States,Los Angeles,California,89691,West,FUR-TA-11402,Furniture,Tables,Lesro Table,1093.76,4,0.3,56.13
1404,US-2024-101403,01/10/2024,01/15/2024,Standard Class,CU-1222,Customer 55,Consumer,United States,Los Angeles,California,75946,South,FUR-TA-11403,Furniture,Tables,Bretford Conference Table,1455.48,9,0.2,248.21
1405,US-2023-101404,11/17/2023,11/22/2023,Same Day,CU-1240,Customer 86,Home Office,United States,Atlanta,Georgia,22346,South,FUR-TA-11404,Furniture,Tables,Chromcraft Table,2553.66,9,0.2,213.39
1406,US-2023-101405,08/10/2023,08/11/2023,Same Day,CU-1079,Customer 261,Home Office,United States,Atlanta,Georgia,72861,West,TEC-PH-11405,Technology,Phones,Apple iPhone,3095.1,6,0.0,904.68
1407,US-2023-101406,05/22/2023,05/24/2023,Same Day,CU-1083,Customer 1,Consumer,United States,Detroit,Michigan,33282,West,TEC-AC-11406,Technology,Accessories,Kensington Keyboard,2355.95,5,0.0,791.72
1408,US-2023-101407,05/19/2023,05/25/2023,Second Class,CU-1030,Customer 130,Consumer,United States,Chicago,Illinois,46362,Central,TEC-AC-11407,Technology,Accessories,Belkin Cable,440.37,3,0.3,25.29
1409,US-2023-101408,04/23/2023,04/24/2023,Same Day,CU-1184,Customer 296,Home Office,United States,Detroit,Michigan,35727,East,OFF-PA-11408,Office Supplies,Paper,Boise Paper,71.04,4,0.3,2.1
1410,US-2023-101409,02/21/2023,02/24/2023,Second Class,CU-1112,Customer 68,Consumer,United States,Chicago,Illinois,67528,South,TEC-MA-11409,Technology,Machines,HP Printer,262.8,1,0.0,48.32
1411,US-2023-101410,02/12/2023,02/19/2023,Second Class,CU-1257,Customer 48,Corporate,United States,Chicago,Illinois,53970,East,OFF-AR-11410,Office Supplies,Art,Sharpie Markers,98.12,2,0.0,26.14
1412,US-2023-101411,12/19/2023,12/25/2023,Second Class,CU-1225,Customer 234,Corporate,United States,Los Angeles,California,56643,South,OFF-PA-11411,Office Supplies,Paper,HP Paper,189.36,4,0.0,64.79
1413,US-2024-101412,09/04/2024,09/05/2024,Same Day,CU-1037,Customer 241,Corporate,United States,Houston,Texas,59560,East,TEC-PH-11412,Technology,Phones,Samsung Galaxy,544.92,3,0.0,186.65
1414,US-2023-101413,10/10/2023,10/11/2023,Same Day,CU-1200,Customer 84,Consumer,United States,Detroit,Michigan,84381,East,FUR-CH-11413,Furniture,Chairs,Hon Executive Chair,64.09,1,0.1,10.79
1415,US-2024-101414,02/20/2024,02/25/2024,First Class,CU-1213,Customer 202,Corporate,United States,Columbus,Ohio,15318,South,FUR-BO-11414,Furniture,Bookcases,Hon Bookcase,7172.48,8,0.0,2135.72
1416,US-2024-101415,01/06/2024,01/09/2024,Standard Class,CU-1155,Customer 298,Corporate,United States,Miami,Florida,43388,Central,FUR-FU-11415,Furniture,Furnishings,Tenex Lamp,572.6,2,0.2,73.74
1417,US-2024-101416,09/11/2024,09/18/2024,Second Class,CU-1115,Customer 291,Corporate,United States,Seattle,Washington,55061,East,TEC-PH-11416,Technology,Phones,Cisco Phone,624.05,7,0.15,148.0
1418,US-2024-101417,01/30/2024,02/01/2024,Same Day,CU-1060,Customer 46,Corporate,United States,Houston,Texas,29248,Central,OFF-FA-11417,Office Supplies,Fasteners,Staples Fasteners,124.64,8,0.0,25.77
1419,US-2023-101418,09/30/2023,10/06/2023,Second Class,CU-1051,Customer 264,Home Office,United States,Columbus,Ohio,93392,East,FUR-FU-11418,Furniture,Furnishings,Tenex Lamp,2522.7,6,0.3,112.05
1420,US-2023-101419,11/15/2023,11/22/2023,Standard Class,CU-1292,Customer 195,Corporate,United States,Chicago,Illinois,38914,West,TEC-CO-11419,Technology,Copiers,Canon Copier,12156.0,10,0.15,1466.65
1421,US-2024-101420,04/16/2024,04/18/2024,First Class,CU-1029,Customer 187,Home Office,United States,Seattle,Washington,40913,West,TEC-AC-11420,Technology,Accessories,Logitech Mouse,3262.08,3,0.3,191.81
1422,US-2024-101421,01/10/2024,01/17/2024,Same Day,CU-1207,Customer 15,Corporate,United States,New York City,New York,45006,Central,FUR-TA-11421,Furniture,Tables,Lesro Table,277.74,1,0.3,9.29
1423,US-2024-101422,08/23/2024,08/29/2024,First Class,CU-1171,Customer 103,Corporate,United States,Miami,Florida,41447,South,OFF-FA-11422,Office Supplies,Fasteners,Bostitch Stapler,200.56,8,0.1,53.01
1424,US-2024-101423,05/29/2024,06/02/2024,Standard Class,CU-1220,Customer 107,Corporate,United States,Atlanta,Georgia,26577,East,OFF-SU-11423,Office Supplies,Supplies,Fiskars Scissors,70.42,7,0.15,16.22
1425,US-2024-101424,08/09/2024,08/12/2024,First Class,CU-1260,Customer 45,Corporate,United States,Los Angeles,California,34296,South,FUR-TA-11424,Furniture,Tables,Chromcraft Table,1334.82,6,0.0,408.71
1426,US-2024-101425,04/02/2024,04/04/2024,Standard Class,CU-1122,Customer 7,Corporate,United States,Seattle,Washington,46199,West,TEC-MA-11425,Technology,Machines,Lexmark Printer,908.88,6,0.2,104.55
1427,US-2023-101426,02/23/2023,03/01/2023,First Class,CU-1278,Customer 299,Consumer,United States,Seattle,Washington,42481,West,FUR-TA-11426,Furniture,Tables,Bretford Conference Table,745.85,5,0.0,200.84
1428,US-2024-101427,04/08/2024,04/13/2024,Same Day,CU-1112,Customer 235,Consumer,United States,Los Angeles,California,23664,East,OFF-ST-11427,Office Supplies,Storage,Iris Storage Box,273.48,6,0.1,44.4
1429,US-2023-101428,05/04/2023,05/05/2023,First Class,CU-1281,Customer 229,Consumer,United States,Houston,Texas,83004,Central,FUR-BO-11428,Furniture,Bookcases,Hon Bookcase,1554.48,9,0.1,444.51
1430,US-2024-101429,03/19/2024,03/24/2024,Same Day,CU-1132,Customer 137,Home Office,United States,Houston,Texas,95260,South,OFF-AR-11429,Office Supplies,Art,Newell Highlighters,117.78,6,0.3,4.1
1431,US-2024-101430,06/25/2024,06/29/2024,First Class,CU-1075,Customer 114,Corporate,United States,Los Angeles,California,70660,South,FUR-BO-11430,Furniture,Bookcases,Hon Bookcase,801.36,4,0.3,47.1
1432,US-2023-101431,01/04/2023,01/05/2023,First Class,CU-1031,Customer 24,Home Office,United States,Philadelphia,Pennsylvania,56807,West,FUR-FU-11431,Furniture,Furnishings,Deflecto Frame,5892.06,6,0.15,744.53
1433,US-2023-101432,02/07/2023,02/08/2023,Second Class,CU-1247,Customer 92,Home Office,United States,Los Angeles,California,26780,East,OFF-ST-11432,Office Supplies,Storage,Fellowes Storage Box,54.36,6,0.1,12.97
1434,US-2023-101433,05/03/2023,05/07/2023,Standard Class,CU-1154,Customer 117,Home Office,United States,Chicago,Illinois,26176,West,OFF-AR-11433,Office Supplies,Art,BIC Markers,246.72,8,0.3,13.48
1435,US-2024-101434,01/23/2024,01/28/2024,First Class,CU-1179,Customer 79,Home Office,United States,Chicago,Illinois,61218,West,OFF-ST-11434,Office Supplies,Storage,Iris Storage Box,230.58,3,0.0,51.56
1436,US-2023-101435,09/10/2023,09/13/2023,Second Class,CU-1191,Customer 181,Home Office,United States,Philadelphia,Pennsylvania,99507,West,TEC-PH-11435,Technology,Phones,Samsung Galaxy,3198.0,10,0.3,150.6
1437,US-2023-101436,08/21/2023,08/27/2023,Second Class,CU-1267,Customer 90,Consumer,United States,Philadelphia,Pennsylvania,47660,Central,FUR-CH-11436,Furniture,Chairs,Global Task Chair,1424.22,3,0.3,70.16
1438,US-2023-101437,03/31/2023,04/05/2023,First Class,CU-1017,Customer 241,Corporate,United States,Miami,Florida,22011,East,OFF-BI-11437,Office Supplies,Binders,Acco Binder,28.68,4,0.0,6.61
1439,US-2023-101438,05/04/2023,05/11/2023,Second Class,CU-1102,Customer 196,Consumer,United States,Philadelphia,Pennsylvania,22932,East,TEC-CO-11438,Technology,Copiers,Canon Copier,2552.58,9,0.0,690.03
1440,US-2023-101439,08/16/2023,08/21/2023,Second Class,CU-1045,Customer 253,Home Office,United States,Detroit,Michigan,92610,South,OFF-ST-11439,Office Supplies,Storage,Fellowes Storage Box,87.43,7,0.0,22.89
1441,US-2024-101440,03/29/2024,04/05/2024,First Class,CU-1067,Customer 75,Consumer,United States,Columbus,Ohio,38402,West,TEC-AC-11440,Technology,Accessories,Belkin Cable,1586.0,5,0.15,264.84
1442,US-2023-101441,12/21/2023,12/26/2023,Second Class,CU-1094,Customer 92,Home Office,United States,Houston,Texas,56365,South,FUR-CH-11441,Furniture,Chairs,Hon Executive Chair,403.0,2,0.2,42.58
1443,US-2024-101442,02/03/2024,02/05/2024,Same Day,CU-1125,Customer 35,Home Office,United States,Los Angeles,California,25039,East,FUR-FU-11442,Furniture,Furnishings,Tenex Lamp,2178.4,10,0.1,352.76
1444,US-2024-101443,05/12/2024,05/18/2024,First Class,CU-1117,Customer 287,Corporate,United States,Los Angeles,California,25994,Central,OFF-FA-11443,Office Supplies,Fasteners,Bostitch Stapler,226.45,5,0.0,85.55
1445,US-2024-101444,06/04/2024,06/11/2024,First Class,CU-1204,Customer 118,Home Office,United States,Los Angeles,California,72066,Central,FUR-BO-11444,Furniture,Bookcases,Sauder Bookcase,61.68,4,0.15,7.67
1446,US-2023-101445,09/15/2023,09/20/2023,Standard Class,CU-1089,Customer 35,Corporate,United States,Columbus,Ohio,21334,South,OFF-ST-11445,Office Supplies,Storage,Iris Storage Box,75.0,5,0.15,7.97
1447,US-2023-101446,12/04/2023,12/08/2023,First Class,CU-1008,Customer 292,Home Office,United States,Columbus,Ohio,21970,South,TEC-AC-11446,Technology,Accessories,Logitech Mouse,781.84,2,0.2,121.56
1448,US-2023-101447,07/09/2023,07/10/2023,Same Day,CU-1000,Customer 71,Consumer,United States,Columbus,Ohio,43242,West,TEC-MA-11447,Technology,Machines,HP Printer,273.96,6,0.15,48.38
1449,US-2023-101448,04/09/2023,04/11/2023,Standard Class,CU-1076,Customer 158,Consumer,United States,Philadelphia,Pennsylvania,36448,West,OFF-AR-11448,Office Supplies,Art,Sharpie Markers,39.02,1,0.0,12.78
1450,US-2024-101449,02/20/2024,02/21/2024,Same Day,CU-1110,Customer 38,Consumer,United States,Philadelphia,Pennsylvania,65884,South,TEC-CO-11449,Technology,Copiers,Konica Copier,1573.76,8,0.2,211.65
1451,US-2024-101450,11/22/2024,11/29/2024,Standard Class,CU-1235,Customer 174,Home Office,United States,Miami,Florida,85599,South,OFF-BI-11450,Office Supplies,Binders,GBC Binder,215.9,10,0.0,44.76
1452,US-2023-101451,11/13/2023,11/15/2023,Standard Class,CU-1046,Customer 196,Corporate,United States,Atlanta,Georgia,50470,West,TEC-CO-11451,Technology,Copiers,Konica Copier,2491.0,4,0.3,143.88
1453,US-2023-101452,05/04/2023,05/09/2023,Standard Class,CU-1180,Customer 13,Corporate,United States,Houston,Texas,73738,South,FUR-TA-11452,Furniture,Tables,Lesro Table,1956.88,4,0.0,411.84
1454,US-2023-101453,01/02/2023,01/04/2023,Same Day,CU-1287,Customer 238,Corporate,United States,Los Angeles,California,50130,Central,OFF-PA-11453,Office Supplies,Paper,Boise Paper,318.88,8,0.1,66.64
1455,US-2024-101454,04/05/2024,04/08/2024,Standard Class,CU-1214,Customer 104,Corporate,United States,Atlanta,Georgia,55555,South,TEC-CO-11454,Technology,Copiers,Konica Copier,821.94,7,0.1,185.08
1456,US-2023-101455,12/28/2023,12/31/2023,Second Class,CU-1240,Customer 102,Consumer,United States,Chicago,Illinois,87183,South,TEC-PH-11455,Technology,Phones,Nokia Phone,3078.48,6,0.0,556.12
1457,US-2024-101456,10/27/2024,10/30/2024,Second Class,CU-1291,Customer 195,Consumer,United States,Atlanta,Georgia,52086,West,OFF-FA-11456,Office Supplies,Fasteners,Staples Fasteners,322.4,8,0.15,35.81
1458,US-2023-101457,06/15/2023,06/20/2023,Second Class,CU-1236,Customer 212,Home Office,United States,New York City,New York,37049,South,FUR-TA-11457,Furniture,Tables,Bevis Table,291.18,1,0.0,77.21
1459,US-2024-101458,09/27/2024,10/04/2024,First Class,CU-1201,Customer 179,Corporate,United States,Detroit,Michigan,64256,South,OFF-BI-11458,Office Supplies,Binders,GBC Binder,390.72,6,0.2,41.2
1460,US-2023-101459,09/21/2023,09/28/2023,Standard Class,CU-1156,Customer 63,Corporate,United States,Seattle,Washington,84630,West,FUR-TA-11459,Furniture,Tables,Chromcraft Table,1110.8,5,0.1,283.73
1461,US-2023-101460,08/20/2023,08/25/2023,First Class,CU-1209,Customer 136,Consumer,United States,Seattle,Washington,78920,West,TEC-MA-11460,Technology,Machines,HP Printer,4231.2,5,0.1,957.12
1462,US-2024-101461,09/11/2024,09/17/2024,Same Day,CU-1111,Customer 295,Home Office,United States,Houston,Texas,79884,Central,FUR-CH-11461,Furniture,Chairs,Hon Executive Chair,5267.7,10,0.1,1119.85
1463,US-2024-101462,04/01/2024,04/03/2024,Standard Class,CU-1088,Customer 59,Corporate,United States,Atlanta,Georgia,15682,South,FUR-CH-11462,Furniture,Chairs,Global Task Chair,684.94,2,0.0,287.29
1464,US-2024-101463,01/15/2024,01/18/2024,Same Day,CU-1299,Customer 68,Consumer,United States,Miami,Florida,14887,West,OFF-PA-11463,Office Supplies,Paper,Boise Paper,187.14,6,0.0,45.91
1465,US-2024-101464,01/26/2024,01/27/2024,Second Class,CU-1114,Customer 291,Consumer,United States,Seattle,Washington,13589,West,FUR-BO-11464,Furniture,Bookcases,Bush Bookcase,1461.85,5,0.2,176.08
1466,US-2023-101465,12/08/2023,12/15/2023,Same Day,CU-1182,Customer 271,Home Office,United States,Philadelphia,Pennsylvania,87975,South,TEC-AC-11465,Technology,Accessories,Logitech Mouse,2979.3,3,0.0,670.31
1467,US-2023-101466,03/22/2023,03/27/2023,Second Class,CU-1035,Customer 134,Home Office,United States,Miami,Florida,57250,Central,FUR-TA-11466,Furniture,Tables,Chromcraft Table,3468.08,8,0.0,1078.81
1468,US-2023-101467,08/17/2023,08/22/2023,First Class,CU-1024,Customer 105,Corporate,United States,New York City,New York,34060,West,FUR-TA-11467,Furniture,Tables,Chromcraft Table,575.26,7,0.15,75.35
1469,US-2023-101468,11/14/2023,11/18/2023,First Class,CU-1093,Customer 136,Corporate,United States,Chicago,Illinois,37251,East,OFF-AR-11468,Office Supplies,Art,Sharpie Markers,100.56,3,0.0,38.74
1470,US-2024-101469,11/21/2024,11/28/2024,Same Day,CU-1276,Customer 15,Consumer,United States,Detroit,Michigan,82373,Central,FUR-TA-11469,Furniture,Tables,Lesro Table,794.4,8,0.3,35.97
1471,US-2023-101470,06/06/2023,06/13/2023,Standard Class,CU-1249,Customer 225,Corporate,United States,Los Angeles,California,18442,South,TEC-MA-11470,Technology,Machines,HP Printer,958.6,5,0.15,196.95
1472,US-2023-101471,06/08/2023,06/10/2023,First Class,CU-1024,Customer 84,Consumer,United States,Los Angeles,California,83280,Central,OFF-BI-11471,Office Supplies,Binders,GBC Binder,92.45,5,0.0,35.24
1473,US-2023-101472,07/23/2023,07/25/2023,Second Class,CU-1266,Customer 79,Home Office,United States,Houston,Texas,40641,East,OFF-FA-11472,Office Supplies,Fasteners,Bostitch Stapler,19.38,3,0.15,3.98
1474,US-2023-101473,08/09/2023,08/11/2023,Standard Class,CU-1117,Customer 12,Consumer,United States,New York City,New York,35856,Central,FUR-BO-11473,Furniture,Bookcases,O'Sullivan Bookcase,561.0,6,0.15,101.15
1475,US-2024-101474,04/12/2024,04/15/2024,Standard Class,CU-1224,Customer 219,Consumer,United States,Miami,Florida,72703,Central,OFF-SU-11474,Office Supplies,Supplies,Fiskars Scissors,134.94,2,0.3,6.64
1476,US-2023-101475,02/27/2023,02/28/2023,Second Class,CU-1118,Customer 298,Home Office,United States,Chicago,Illinois,43857,South,OFF-BI-11475,Office Supplies,Binders,GBC Binder,42.9,3,0.1,10.18
1477,US-2023-101476,02/17/2023,02/19/2023,First Class,CU-1234,Customer 35,Home Office,United States,Houston,Texas,12147,East,FUR-CH-11476,Furniture,Chairs,Hon Executive Chair,1515.56,4,0.1,379.54
1478,US-2023-101477,03/01/2023,03/05/2023,Same Day,CU-1132,Customer 280,Corporate,United States,Columbus,Ohio,23315,South,OFF-AR-11477,Office Supplies,Art,Newell Highlighters,85.44,3,0.1,11.46
1479,US-2023-101478,07/07/2023,07/10/2023,Standard Class,CU-1197,Customer 185,Home Office,United States,Atlanta,Georgia,80991,West,TEC-CO-11478,Technology,Copiers,Konica Copier,2487.8,5,0.15,285.65
1480,US-2023-101479,03/07/2023,03/09/2023,Second Class,CU-1162,Customer 21,Home Office,United States,Detroit,Michigan,54989,South,TEC-CO-11479,Technology,Copiers,Canon Copier,4100.32,8,0.3,123.8
1481,US-2023-101480,09/11/2023,09/15/2023,Second Class,CU-1096,Customer 232,Home Office,United States,Houston,Texas,20001,West,OFF-PA-11480,Office Supplies,Paper,Boise Paper,53.85,5,0.2,8.14
1482,US-2024-101481,06/09/2024,06/10/2024,Second Class,CU-1177,Customer 284,Corporate,United States,Philadelphia,Pennsylvania,90503,East,FUR-CH-11481,Furniture,Chairs,Hon Executive Chair,754.74,2,0.0,154.13
1483,US-2024-101482,10/06/2024,10/08/2024,Second Class,CU-1180,Customer 54,Home Office,United States,Los Angeles,California,91189,Central,TEC-PH-11482,Technology,Phones,Cisco Phone,105.63,1,0.15,14.87
1484,US-2024-101483,05/20/2024,05/21/2024,Second Class,CU-1089,Customer 73,Corporate,United States,New York City,New York,60831,Central,TEC-AC-11483,Technology,Accessories,Logitech Mouse,1838.5,10,0.1,466.36
1485,US-2023-101484,06/03/2023,06/05/2023,Standard Class,CU-1192,Customer 91,Corporate,United States,Seattle,Washington,99014,Central,FUR-CH-11484,Furniture,Chairs,Novimex Chair,951.24,3,0.0,171.47
1486,US-2024-101485,07/06/2024,07/13/2024,Second Class,CU-1103,Customer 149,Corporate,United States,Los Angeles,California,49589,South,TEC-AC-11485,Technology,Accessories,Belkin Cable,943.95,7,0.0,375.36
1487,US-2023-101486,01/13/2023,01/16/2023,Same Day,CU-1010,Customer 86,Consumer,United States,Columbus,Ohio,59045,South,FUR-TA-11486,Furniture,Tables,Bevis Table,225.0,9,0.2,30.58
1488,US-2024-101487,05/23/2024,05/26/2024,Second Class,CU-1203,Customer 219,Home Office,United States,Philadelphia,Pennsylvania,96236,West,TEC-AC-11487,Technology,Accessories,Logitech Mouse,4320.1,10,0.1,683.25
1489,US-2024-101488,04/30/2024,05/03/2024,Second Class,CU-1081,Customer 184,Home Office,United States,Philadelphia,Pennsylvania,30134,East,FUR-TA-11488,Furniture,Tables,Bevis Table,176.4,4,0.1,27.76
1490,US-2023-101489,05/18/2023,05/19/2023,First Class,CU-1293,Customer 81,Consumer,United States,Atlanta,Georgia,87663,Central,OFF-ST-11489,Office Supplies,Storage,Iris Storage Box,243.54,6,0.2,20.41
1491,US-2023-101490,11/22/2023,11/25/2023,Same Day,CU-1119,Customer 224,Consumer,United States,Atlanta,Georgia,70722,West,FUR-BO-11490,Furniture,Bookcases,Bush Bookcase,1143.03,7,0.0,211.8
1492,US-2023-101491,02/13/2023,02/17/2023,Same Day,CU-1038,Customer 172,Home Office,United States,Houston,Texas,43975,East,TEC-CO-11491,Technology,Copiers,Canon Copier,4275.5,10,0.3,151.28
1493,US-2024-101492,11/01/2024,11/06/2024,Standard Class,CU-1022,Customer 140,Home Office,United States,Chicago,Illinois,80049,West,TEC-AC-11492,Technology,Accessories,Logitech Mouse,1687.24,4,0.0,594.49
1494,US-2023-101493,06/27/2023,07/04/2023,Standard Class,CU-1190,Customer 152,Home Office,United States,New York City,New York,96867,East,TEC-MA-11493,Technology,Machines,Cubify Printer,1138.8,2,0.0,436.59
1495,US-2024-101494,05/26/2024,05/30/2024,First Class,CU-1004,Customer 54,Home Office,United States,Detroit,Michigan,24383,Central,TEC-AC-11494,Technology,Accessories,Belkin Cable,1553.4,3,0.15,273.53
1496,US-2023-101495,02/13/2023,02/20/2023,Same Day,CU-1090,Customer 292,Home Office,United States,Los Angeles,California,75251,South,OFF-LA-11495,Office Supplies,Labels,Hon Labels,50.15,5,0.1,12.85
1497,US-2024-101496,10/15/2024,10/19/2024,First Class,CU-1204,Customer 160,Home Office,United States,Miami,Florida,25565,South,TEC-CO-11496,Technology,Copiers,Canon Copier,1645.2,6,0.2,179.93
1498,US-2023-101497,05/25/2023,05/31/2023,Same Day,CU-1074,Customer 92,Consumer,United States,Atlanta,Georgia,35337,West,TEC-MA-11497,Technology,Machines,Cubify Printer,2135.9,5,0.3,66.88
1499,US-2024-101498,06/28/2024,06/30/2024,Standard Class,CU-1144,Customer 249,Home Office,United States,Seattle,Washington,84495,East,FUR-TA-11498,Furniture,Tables,Bretford Conference Table,535.2,1,0.1,82.18
1500,US-2024-101499,09/19/2024,09/22/2024,Standard Class,CU-1082,Customer 264,Home Office,United States,Atlanta,Georgia,36104,East,FUR-FU-11499,Furniture,Furnishings,Deflecto Frame,977.13,3,0.15,178.17
1501,US-2023-101500,06/22/2023,06/28/2023,Standard Class,CU-1031,Customer 3,Corporate,United States,Los Angeles,California,35782,West,TEC-PH-11500,Technology,Phones,Apple iPhone,3230.68,4,0.15,514.05
1502,US-2023-101501,01/04/2023,01/07/2023,Standard Class,CU-1167,Customer 92,Corporate,United States,New York City,New York,42017,West,TEC-AC-11501,Technology,Accessories,Logitech Mouse,3991.59,9,0.15,504.53
1503,US-2024-101502,09/22/2024,09/24/2024,Standard Class,CU-1030,Customer 231,Corporate,United States,Miami,Florida,79990,South,TEC-PH-11502,Technology,Phones,Nokia Phone,6316.38,9,0.3,193.69
1504,US-2023-101503,07/31/2023,08/07/2023,Same Day,CU-1104,Customer 110,Corporate,United States,Detroit,Michigan,63413,East,FUR-FU-11503,Furniture,Furnishings,Deflecto Frame,1004.84,4,0.0,219.5
1505,US-2023-101504,07/01/2023,07/05/2023,Same Day,CU-1053,Customer 127,Corporate,United States,Miami,Florida,82371,Central,TEC-AC-11504,Technology,Accessories,Belkin Cable,1365.08,2,0.3,80.16
1506,US-2023-101505,07/25/2023,07/27/2023,Second Class,CU-1050,Customer 277,Home Office,United States,Houston,Texas,39334,Central,FUR-BO-11505,Furniture,Bookcases,Sauder Bookcase,626.44,4,0.0,211.51
1507,US-2024-101506,02/20/2024,02/24/2024,Same Day,CU-1197,Customer 49,Home Office,United States,Los Angeles,California,15694,South,FUR-FU-11506,Furniture,Furnishings,Eldon Desk Lamp,5185.62,9,0.15,754.77
1508,US-2024-101507,06/19/2024,06/20/2024,First Class,CU-1126,Customer 39,Home Office,United States,Detroit,Michigan,26703,South,TEC-AC-11507,Technology,Accessories,Belkin Cable,1439.31,3,0.0,475.73
1509,US-2023-101508,12/27/2023,01/01/2024,Same Day,CU-1296,Customer 274,Home Office,United States,New York City,New York,42368,Central,TEC-CO-11508,Technology,Copiers,Konica Copier,173.7,2,0.15,39.7
1510,US-2024-101509,02/05/2024,02/09/2024,First Class,CU-1204,Customer 274,Corporate,United States,Houston,Texas,32389,Central,OFF-SU-11509,Office Supplies,Supplies,Acme Scissors,32.82,1,0.3,1.76
1511,US-2024-101510,06/03/2024,06/08/2024,Second Class,CU-1175,Customer 167,Consumer,United States,Atlanta,Georgia,88950,Central,TEC-PH-11510,Technology,Phones,Samsung Galaxy,3133.98,6,0.15,402.97
1512,US-2024-101511,08/16/2024,08/23/2024,Standard Class,CU-1227,Customer 138,Home Office,United States,Houston,Texas,72282,West,TEC-CO-11511,Technology,Copiers,Canon Copier,4944.96,8,0.3,175.18
1513,US-2024-101512,08/10/2024,08/15/2024,Same Day,CU-1248,Customer 12,Home Office,United States,Philadelphia,Pennsylvania,10504,South,TEC-CO-11512,Technology,Copiers,Konica Copier,11352.9,10,0.1,1544.14
1514,US-2023-101513,10/19/2023,10/23/2023,First Class,CU-1038,Customer 261,Consumer,United States,Atlanta,Georgia,89726,Central,OFF-SU-11513,Office Supplies,Supplies,Fiskars Scissors,147.87,9,0.1,36.22
1515,US-2024-101514,10/07/2024,10/10/2024,Second Class,CU-1204,Customer 298,Home Office,United States,Detroit,Michigan,79889,East,FUR-FU-11514,Furniture,Furnishings,Deflecto Frame,2850.56,4,0.1,774.8
1516,US-2023-101515,01/11/2023,01/18/2023,Second Class,CU-1263,Customer 202,Consumer,United States,Columbus,Ohio,52816,West,OFF-PA-11515,Office Supplies,Paper,Boise Paper,225.63,9,0.0,54.15
1517,US-2024-101516,02/11/2024,02/15/2024,First Class,CU-1283,Customer 32,Consumer,United States,Los Angeles,California,81350,West,FUR-BO-11516,Furniture,Bookcases,O'Sullivan Bookcase,770.14,7,0.0,316.13
1518,US-2024-101517,07/23/2024,07/28/2024,Second Class,CU-1021,Customer 169,Corporate,United States,Los Angeles,California,49992,West,OFF-PA-11517,Office Supplies,Paper,HP Paper,150.57,9,0.0,54.76
1519,US-2023-101518,01/15/2023,01/17/2023,Same Day,CU-1189,Customer 7,Consumer,United States,Chicago,Illinois,10082,West,TEC-CO-11518,Technology,Copiers,Konica Copier,1001.62,2,0.2,111.68
1520,US-2023-101519,12/31/2023,01/06/2024,Second Class,CU-1008,Customer 184,Corporate,United States,Atlanta,Georgia,48375,East,FUR-TA-11519,Furniture,Tables,Bevis Table,673.12,7,0.0,215.45
1521,US-2024-101520,03/18/2024,03/22/2024,Standard Class,CU-1257,Customer 246,Home Office,United States,Seattle,Washington,12556,East,TEC-AC-11520,Technology,Accessories,Belkin Cable,1016.28,4,0.15,240.88
1522,US-2023-101521,04/26/2023,05/02/2023,Second Class,CU-1218,Customer 191,Home Office,United States,Los Angeles,California,26105,East,TEC-CO-11521,Technology,Copiers,Canon Copier,3008.39,7,0.3,159.83
1523,US-2023-101522,02/14/2023,02/18/2023,Same Day,CU-1140,Customer 176,Corporate,United States,Atlanta,Georgia,83220,South,FUR-TA-11522,Furniture,Tables,Chromcraft Table,2866.2,5,0.1,424.25
1524,US-2023-101523,04/30/2023,05/03/2023,First Class,CU-1223,Customer 245,Consumer,United States,Houston,Texas,51343,South,OFF-AR-11523,Office Supplies,Art,BIC Markers,45.45,1,0.15,5.45
1525,US-2023-101524,08/09/2023,08/15/2023,First Class,CU-1225,Customer 16,Corporate,United States,Chicago,Illinois,75392,Central,FUR-CH-11524,Furniture,Chairs,Global Task Chair,430.86,2,0.2,32.67
1526,US-2024-101525,01/17/2024,01/22/2024,Second Class,CU-1223,Customer 168,Consumer,United States,Columbus,Ohio,22633,West,OFF-FA-11525,Office Supplies,Fasteners,Bostitch Stapler,336.96,9,0.1,82.5
1527,US-2023-101526,10/22/2023,10/25/2023,First Class,CU-1111,Customer 53,Consumer,United States,Houston,Texas,88110,East,TEC-MA-11526,Technology,Machines,Lexmark Printer,399.61,1,0.15,86.42
1528,US-2023-101527,03/11/2023,03/17/2023,Same Day,CU-1121,Customer 74,Home Office,United States,New York City,New York,70727,South,FUR-CH-11527,Furniture,Chairs,Novimex Chair,216.96,3,0.3,6.83
1529,US-2024-101528,09/24/2024,09/27/2024,First Class,CU-1164,Customer 284,Corporate,United States,Chicago,Illinois,32409,West,FUR-FU-11528,Furniture,Furnishings,Advantus Frame,5754.87,9,0.3,253.76
1530,US-2023-101529,04/14/2023,04/18/2023,Standard Class,CU-1257,Customer 168,Corporate,United States,Columbus,Ohio,58266,East,TEC-AC-11529,Technology,Accessories,Logitech Mouse,5560.68,6,0.0,1944.22
1531,US-2024-101530,01/07/2024,01/10/2024,Standard Class,CU-1132,Customer 230,Corporate,United States,Los Angeles,California,50272,Central,OFF-ST-11530,Office Supplies,Storage,Fellowes Storage Box,141.6,6,0.0,43.14
1532,US-2024-101531,03/24/2024,03/31/2024,First Class,CU-1057,Customer 237,Consumer,United States,Seattle,Washington,56714,Central,OFF-BI-11531,Office Supplies,Binders,Acco Binder,68.92,4,0.1,17.93
1533,US-2023-101532,07/28/2023,07/29/2023,First Class,CU-1118,Customer 251,Home Office,United States,Atlanta,Georgia,80033,East,TEC-CO-11532,Technology,Copiers,Canon Copier,591.7,5,0.1,161.71
1534,US-2023-101533,07/25/2023,07/27/2023,Second Class,CU-1218,Customer 20,Home Office,United States,New York City,New York,72185,West,FUR-CH-11533,Furniture,Chairs,Hon Executive Chair,2932.65,9,0.0,815.91
1535,US-2023-101534,01/10/2023,01/13/2023,Same Day,CU-1094,Customer 162,Home Office,United States,Chicago,Illinois,18204,Central,TEC-PH-11534,Technology,Phones,Nokia Phone,1571.19,3,0.15,276.63
1536,US-2023-101535,12/02/2023,12/08/2023,Second Class,CU-1247,Customer 263,Consumer,United States,Chicago,Illinois,23307,East,FUR-BO-11535,Furniture,Bookcases,Hon Bookcase,518.15,5,0.15,75.52
1537,US-2024-101536,05/23/2024,05/24/2024,Same Day,CU-1226,Customer 194,Consumer,United States,Miami,Florida,87658,South,OFF-FA-11536,Office Supplies,Fasteners,Bostitch Stapler,120.92,4,0.1,21.02
1538,US-2024-101537,08/24/2024,08/29/2024,First Class,CU-1192,Customer 221,Corporate,United States,Houston,Texas,54755,East,TEC-PH-11537,Technology,Phones,Nokia Phone,2372.72,4,0.0,888.2
1539,US-2023-101538,12/15/2023,12/19/2023,Second Class,CU-1295,Customer 9,Home Office,United States,Detroit,Michigan,40664,Central,TEC-PH-11538,Technology,Phones,Apple iPhone,433.96,2,0.0,132.53
1540,US-2023-101539,10/25/2023,10/28/2023,Second Class,CU-1150,Customer 200,Corporate,United States,Detroit,Michigan,77449,Central,FUR-BO-11539,Furniture,Bookcases,Sauder Bookcase,1603.89,9,0.2,189.27
1541,US-2024-101540,05/17/2024,05/20/2024,First Class,CU-1266,Customer 65,Home Office,United States,Columbus,Ohio,24570,East,TEC-CO-11540,Technology,Copiers,Konica Copier,2263.68,8,0.0,707.3
1542,US-2024-101541,09/15/2024,09/21/2024,Standard Class,CU-1070,Customer 154,Home Office,United States,Detroit,Michigan,80837,West,FUR-CH-11541,Furniture,Chairs,Hon Executive Chair,876.72,8,0.3,39.83
1543,US-2024-101542,06/25/2024,06/28/2024,First Class,CU-1168,Customer 51,Corporate,United States,Atlanta,Georgia,37015,South,TEC-CO-11542,Technology,Copiers,Canon Copier,2317.92,8,0.0,931.63
1544,US-2023-101543,08/11/2023,08/17/2023,Standard Class,CU-1107,Customer 271,Home Office,United States,Houston,Texas,54789,South,OFF-AR-11543,Office Supplies,Art,Sharpie Markers,37.8,7,0.2,3.25
1545,US-2024-101544,07/05/2024,07/06/2024,First Class,CU-1172,Customer 296,Consumer,United States,Philadelphia,Pennsylvania,12970,West,TEC-PH-11544,Technology,Phones,Apple iPhone,2714.7,10,0.0,880.62
1546,US-2024-101545,07/27/2024,08/03/2024,Same Day,CU-1216,Customer 300,Consumer,United States,Houston,Texas,38968,Central,FUR-FU-11545,Furniture,Furnishings,Deflecto Frame,1717.4,10,0.0,456.4
1547,US-2023-101546,07/19/2023,07/21/2023,Same Day,CU-1010,Customer 63,Consumer,United States,Columbus,Ohio,85454,West,FUR-TA-11546,Furniture,Tables,Bretford Conference Table,1588.16,8,0.3,40.36
1548,US-2024-101547,04/30/2024,05/03/2024,Second Class,CU-1161,Customer 179,Consumer,United States,Atlanta,Georgia,41896,South,TEC-PH-11547,Technology,Phones,Apple iPhone,1892.32,4,0.2,166.89
1549,US-2023-101548,02/13/2023,02/16/2023,First Class,CU-1031,Customer 70,Corporate,United States,New York City,New York,37810,South,FUR-BO-11548,Furniture,Bookcases,Bush Bookcase,614.16,9,0.0,236.22
1550,US-2024-101549,05/23/2024,05/25/2024,Same Day,CU-1205,Customer 72,Corporate,United States,Detroit,Michigan,20337,West,FUR-FU-11549,Furniture,Furnishings,Eldon Desk Lamp,488.16,6,0.3,25.79
1551,US-2023-101550,12/28/2023,12/30/2023,Standard Class,CU-1003,Customer 171,Home Office,United States,Chicago,Illinois,52173,South,TEC-AC-11550,Technology,Accessories,Belkin Cable,1714.3,10,0.15,307.84
1552,US-2024-101551,01/31/2024,02/07/2024,Same Day,CU-1122,Customer 300,Corporate,United States,Columbus,Ohio,84461,West,FUR-TA-11551,Furniture,Tables,Chromcraft Table,490.88,8,0.3,16.5
1553,US-2024-101552,11/26/2024,12/01/2024,Standard Class,CU-1068,Customer 261,Consumer,United States,Miami,Florida,71805,South,OFF-EN-11552,Office Supplies,Envelopes,Kraft Envelopes,76.76,2,0.15,10.79
1554,US-2024-101553,02/24/2024,02/25/2024,First Class,CU-1127,Customer 152,Consumer,United States,Miami,Florida,78319,East,FUR-FU-11553,Furniture,Furnishings,Eldon Desk Lamp,392.13,3,0.2,53.89
1555,US-2023-101554,02/05/2023,02/06/2023,Same Day,CU-1165,Customer 105,Corporate,United States,New York City,New York,80177,Central,OFF-PA-11554,Office Supplies,Paper,HP Paper,48.8,2,0.3,2.39
1556,US-2024-101555,07/13/2024,07/14/2024,Second Class,CU-1251,Customer 110,Consumer,United States,Detroit,Michigan,44610,West,OFF-PA-11555,Office Supplies,Paper,Xerox Paper,71.46,6,0.0,13.16
1557,US-2023-101556,04/15/2023,04/18/2023,First Class,CU-1138,Customer 233,Consumer,United States,Detroit,Michigan,79319,West,OFF-FA-11556,Office Supplies,Fasteners,Staples Fasteners,130.62,7,0.0,52.74
1558,US-2024-101557,03/04/2024,03/08/2024,Same Day,CU-1133,Customer 2,Home Office,United States,Los Angeles,California,32767,West,TEC-AC-11557,Technology,Accessories,Logitech Mouse,417.28,1,0.2,49.34
1559,US-2023-101558,12/26/2023,12/27/2023,Second Class,CU-1168,Customer 276,Home Office,United States,Columbus,Ohio,69464,West,TEC-AC-11558,Technology,Accessories,Belkin Cable,3888.45,9,0.15,805.44
1560,US-2024-101559,07/20/2024,07/25/2024,Standard Class,CU-1054,Customer 197,Corporate,United States,Miami,Florida,14602,West,OFF-ST-11559,Office Supplies,Storage,Iris Storage Box,50.8,5,0.0,9.15
1561,US-2024-101560,03/29/2024,04/04/2024,First Class,CU-1262,Customer 114,Home Office,United States,Philadelphia,Pennsylvania,40675,West,OFF-BI-11560,Office Supplies,Binders,GBC Binder,211.23,9,0.15,27.2
1562,US-2023-101561,08/27/2023,09/02/2023,Standard Class,CU-1006,Customer 58,Corporate,United States,New York City,New York,35297,South,OFF-PA-11561,Office Supplies,Paper,HP Paper,96.72,8,0.0,36.58
1563,US-2023-101562,02/10/2023,02/13/2023,Standard Class,CU-1087,Customer 120,Consumer,United States,Houston,Texas,90112,East,FUR-CH-11562,Furniture,Chairs,Global Task Chair,1330.35,7,0.0,346.46
1564,US-2023-101563,03/09/2023,03/10/2023,Standard Class,CU-1253,Customer 140,Consumer,United States,Seattle,Washington,84059,West,TEC-AC-11563,Technology,Accessories,Kensington Keyboard,1557.52,8,0.0,275.36
1565,US-2024-101564,09/28/2024,10/02/2024,First Class,CU-1050,Customer 74,Consumer,United States,Los Angeles,California,46313,South,FUR-TA-11564,Furniture,Tables,Chromcraft Table,2664.24,4,0.2,379.76
1566,US-2024-101565,02/21/2024,02/23/2024,Second Class,CU-1090,Customer 192,Consumer,United States,Atlanta,Georgia,75012,Central,FUR-FU-11565,Furniture,Furnishings,Tenex Lamp,2584.89,7,0.1,714.65
1567,US-2023-101566,06/26/2023,06/30/2023,Standard Class,CU-1055,Customer 274,Home Office,United States,Chicago,Illinois,16765,East,FUR-CH-11566,Furniture,Chairs,Harbour Creations Chair,278.56,1,0.1,75.4
1568,US-2023-101567,08/09/2023,08/10/2023,Same Day,CU-1006,Customer 77,Home Office,United States,Miami,Florida,62344,South,FUR-TA-11567,Furniture,Tables,Bevis Table,1498.41,9,0.15,170.65
1569,US-2023-101568,08/31/2023,09/04/2023,Same Day,CU-1069,Customer 36,Home Office,United States,Columbus,Ohio,57237,West,TEC-MA-11568,Technology,Machines,Cubify Printer,1807.92,3,0.0,330.47
1570,US-2023-101569,01/31/2023,02/01/2023,Standard Class,CU-1253,Customer 125,Consumer,United States,Columbus,Ohio,53717,East,OFF-LA-11569,Office Supplies,Labels,Avery Labels,144.0,6,0.15,23.99
1571,US-2024-101570,11/01/2024,11/05/2024,Second Class,CU-1082,Customer 48,Consumer,United States,Los Angeles,California,36764,South,FUR-FU-11570,Furniture,Furnishings,Tenex Lamp,6220.8,10,0.15,700.01
1572,US-2023-101571,07/10/2023,07/11/2023,Standard Class,CU-1129,Customer 162,Home Office,United States,Houston,Texas,46612,South,TEC-PH-11571,Technology,Phones,Cisco Phone,1288.58,2,0.3,49.8
1573,US-2024-101572,04/30/2024,05/07/2024,Standard Class,CU-1232,Customer 132,Corporate,United States,New York City,New York,42096,South,FUR-FU-11572,Furniture,Furnishings,Eldon Desk Lamp,1546.1,10,0.0,477.83
1574,US-2023-101573,07/08/2023,07/11/2023,Second Class,CU-1047,Customer 204,Consumer,United States,Houston,Texas,28883,Central,FUR-CH-11573,Furniture,Chairs,Global Task Chair,2880.05,5,0.1,791.86
1575,US-2024-101574,08/20/2024,08/23/2024,First Class,CU-1228,Customer 243,Consumer,United States,Los Angeles,California,59260,East,FUR-CH-11574,Furniture,Chairs,Harbour Creations Chair,334.34,2,0.0,136.68
1576,US-2024-101575,04/26/2024,04/30/2024,Standard Class,CU-1238,Customer 154,Home Office,United States,Houston,Texas,83032,East,FUR-CH-11575,Furniture,Chairs,Novimex Chair,4148.64,6,0.1,587.1
1577,US-2023-101576,12/26/2023,12/27/2023,Same Day,CU-1018,Customer 68,Consumer,United States,Detroit,Michigan,23933,East,TEC-MA-11576,Technology,Machines,Lexmark Printer,5724.42,6,0.3,215.06
1578,US-2024-101577,09/13/2024,09/20/2024,Same Day,CU-1130,Customer 246,Home Office,United States,Seattle,Washington,66093,South,OFF-ST-11577,Office Supplies,Storage,Fellowes Storage Box,218.19,7,0.2,36.54
1579,US-2024-101578,06/22/2024,06/25/2024,First Class,CU-1233,Customer 133,Consumer,United States,Detroit,Michigan,77000,West,FUR-CH-11578,Furniture,Chairs,Novimex Chair,328.44,7,0.0,130.53
1580,US-2024-101579,09/26/2024,10/03/2024,Second Class,CU-1043,Customer 224,Corporate,United States,Seattle,Washington,15716,East,OFF-ST-11579,Office Supplies,Storage,SAFCO Storage Bin,58.88,2,0.2,4.62
1581,US-2023-101580,11/30/2023,12/02/2023,First Class,CU-1276,Customer 138,Home Office,United States,Chicago,Illinois,67284,Central,OFF-BI-11580,Office Supplies,Binders,Wilson Jones Binder,92.0,10,0.3,4.31
1582,US-2024-101581,02/25/2024,02/28/2024,First Class,CU-1221,Customer 96,Consumer,United States,Detroit,Michigan,11275,West,OFF-LA-11581,Office Supplies,Labels,Smead Labels,44.94,3,0.0,10.33
1583,US-2023-101582,01/15/2023,01/18/2023,First Class,CU-1000,Customer 107,Consumer,United States,Houston,Texas,10259,East,FUR-CH-11582,Furniture,Chairs,Global Task Chair,1063.04,8,0.3,61.51
1584,US-2024-101583,04/09/2024,04/11/2024,Standard Class,CU-1002,Customer 2,Home Office,United States,Miami,Florida,78300,East,FUR-BO-11583,Furniture,Bookcases,Hon Bookcase,304.24,4,0.1,77.63
1585,US-2024-101584,01/29/2024,02/03/2024,Second Class,CU-1120,Customer 72,Home Office,United States,New York City,New York,74811,West,FUR-TA-11584,Furniture,Tables,Bretford Conference Table,1721.93,7,0.0,311.1
1586,US-2023-101585,11/04/2023,11/09/2023,Standard Class,CU-1280,Customer 218,Corporate,United States,Columbus,Ohio,43818,South,OFF-SU-11585,Office Supplies,Supplies,Acme Scissors,94.64,7,0.0,29.12
1587,US-2024-101586,06/11/2024,06/14/2024,Second Class,CU-1127,Customer 223,Consumer,United States,Atlanta,Georgia,22685,West,FUR-BO-11586,Furniture,Bookcases,Sauder Bookcase,173.3,1,0.2,27.84
1588,US-2024-101587,07/22/2024,07/28/2024,First Class,CU-1132,Customer 169,Home Office,United States,Atlanta,Georgia,28549,Central,OFF-ST-11587,Office Supplies,Storage,Fellowes Storage Box,144.54,9,0.0,36.57
1589,US-2023-101588,07/28/2023,07/31/2023,Second Class,CU-1142,Customer 212,Corporate,United States,Columbus,Ohio,13928,South,FUR-BO-11588,Furniture,Bookcases,O'Sullivan Bookcase,1482.9,5,0.3,37.7
1590,US-2024-101589,02/19/2024,02/23/2024,Same Day,CU-1075,Customer 28,Consumer,United States,Seattle,Washington,17675,West,OFF-FA-11589,Office Supplies,Fasteners,Bostitch Stapler,168.9,5,0.2,28.46
1591,US-2023-101590,05/22/2023,05/28/2023,Second Class,CU-1262,Customer 229,Home Office,United States,Houston,Texas,47877,East,OFF-LA-11590,Office Supplies,Labels,Avery Labels,175.5,9,0.0,60.33
1592,US-2024-101591,05/23/2024,05/26/2024,First Class,CU-1069,Customer 240,Consumer,United States,New York City,New York,56990,West,FUR-FU-11591,Furniture,Furnishings,Tenex Lamp,307.11,1,0.2,34.21
1593,US-2023-101592,01/09/2023,01/12/2023,Standard Class,CU-1081,Customer 49,Home Office,United States,Los Angeles,California,28283,Central,OFF-PA-11592,Office Supplies,Paper,Xerox Paper,228.6,4,0.1,68.41
1594,US-2023-101593,12/21/2023,12/26/2023,Standard Class,CU-1146,Customer 204,Consumer,United States,Columbus,Ohio,14155,East,FUR-BO-11593,Furniture,Bookcases,Hon Bookcase,40.86,2,0.3,1.27
1595,US-2023-101594,02/25/2023,02/26/2023,Second Class,CU-1287,Customer 125,Home Office,United States,Los Angeles,California,28785,South,OFF-AR-11594,Office Supplies,Art,Newell Highlighters,15.3,1,0.1,3.05
1596,US-2024-101595,08/04/2024,08/10/2024,Same Day,CU-1035,Customer 180,Consumer,United States,Houston,Texas,26396,East,FUR-BO-11595,Furniture,Bookcases,Sauder Bookcase,272.4,3,0.0,113.31
1597,US-2024-101596,03/21/2024,03/28/2024,First Class,CU-1114,Customer 133,Corporate,United States,Miami,Florida,60047,East,TEC-AC-11596,Technology,Accessories,Belkin Cable,1133.58,6,0.0,336.62
1598,US-2024-101597,01/28/2024,02/04/2024,Standard Class,CU-1054,Customer 46,Corporate,United States,Seattle,Washington,41011,East,OFF-AR-11597,Office Supplies,Art,Newell Highlighters,15.04,8,0.15,3.58
1599,US-2023-101598,08/29/2023,09/01/2023,Same Day,CU-1042,Customer 252,Corporate,United States,Seattle,Washington,80091,West,OFF-SU-11598,Office Supplies,Supplies,Acme Scissors,11.6,5,0.15,2.53
1600,US-2024-101599,02/08/2024,02/12/2024,Standard Class,CU-1260,Customer 201,Corporate,United States,Houston,Texas,60780,Central,FUR-TA-11599,Furniture,Tables,Bretford Conference Table,412.95,3,0.15,79.92
1601,US-2024-101600,03/28/2024,04/01/2024,Same Day,CU-1261,Customer 139,Home Office,United States,Atlanta,Georgia,48463,South,TEC-CO-11600,Technology,Copiers,Canon Copier,645.24,3,0.1,191.72
1602,US-2024-101601,01/06/2024,01/07/2024,Standard Class,CU-1211,Customer 56,Home Office,United States,Chicago,Illinois,49755,South,OFF-ST-11601,Office Supplies,Storage,SAFCO Storage Bin,188.01,3,0.2,15.29
1603,US-2023-101602,11/11/2023,11/12/2023,First Class,CU-1214,Customer 194,Home Office,United States,Chicago,Illinois,29970,East,OFF-AR-11602,Office Supplies,Art,Newell Highlighters,111.36,4,0.1,30.76
1604,US-2023-101603,06/17/2023,06/20/2023,First Class,CU-1294,Customer 89,Consumer,United States,Columbus,Ohio,62385,Central,FUR-BO-11603,Furniture,Bookcases,Bush Bookcase,2111.13,7,0.1,487.26
1605,US-2023-101604,07/20/2023,07/25/2023,Standard Class,CU-1271,Customer 76,Corporate,United States,Philadelphia,Pennsylvania,42647,East,OFF-ST-11604,Office Supplies,Storage,Fellowes Storage Box,408.3,2,0.3,20.36
1606,US-2023-101605,10/22/2023,10/27/2023,Second Class,CU-1033,Customer 271,Home Office,United States,Atlanta,Georgia,46336,South,TEC-CO-11605,Technology,Copiers,Canon Copier,5031.95,5,0.0,1296.5
1607,US-2023-101606,12/22/2023,12/29/2023,Standard Class,CU-1051,Customer 23,Consumer,United States,Los Angeles,California,21941,West,TEC-PH-11606,Technology,Phones,Cisco Phone,2252.04,7,0.1,622.87
1608,US-2023-101607,09/11/2023,09/18/2023,Standard Class,CU-1060,Customer 206,Consumer,United States,Houston,Texas,50757,South,OFF-PA-11607,Office Supplies,Paper,Xerox Paper,88.25,5,0.0,32.79
1609,US-2024-101608,01/30/2024,01/31/2024,Standard Class,CU-1103,Customer 84,Consumer,United States,Detroit,Michigan,36429,East,FUR-CH-11608,Furniture,Chairs,Novimex Chair,387.72,3,0.0,135.63
1610,US-2023-101609,01/14/2023,01/16/2023,First Class,CU-1243,Customer 60,Consumer,United States,Los Angeles,California,24016,South,TEC-CO-11609,Technology,Copiers,Canon Copier,851.72,2,0.0,317.57
1611,US-2024-101610,10/07/2024,10/14/2024,Same Day,CU-1079,Customer 182,Home Office,United States,New York City,New York,90850,East,TEC-PH-11610,Technology,Phones,Cisco Phone,2133.09,9,0.15,226.92
1612,US-2024-101611,06/20/2024,06/23/2024,First Class,CU-1004,Customer 62,Consumer,United States,Philadelphia,Pennsylvania,37005,South,TEC-AC-11611,Technology,Accessories,Logitech Mouse,1184.1,10,0.3,41.41
1613,US-2024-101612,04/28/2024,04/30/2024,Same Day,CU-1267,Customer 2,Corporate,United States,Los Angeles,California,28035,South,OFF-BI-11612,Office Supplies,Binders,Acco Binder,144.0,9,0.0,50.11
1614,US-2024-101613,03/12/2024,03/13/2024,Standard Class,CU-1240,Customer 80,Consumer,United States,New York City,New York,36581,South,TEC-PH-11613,Technology,Phones,Samsung Galaxy,3477.76,8,0.0,1414.22
1615,US-2023-101614,08/21/2023,08/22/2023,Same Day,CU-1214,Customer 287,Consumer,United States,Columbus,Ohio,10914,West,OFF-SU-11614,Office Supplies,Supplies,Fiskars Scissors,81.52,2,0.2,7.81
1616,US-2024-101615,05/27/2024,05/28/2024,Standard Class,CU-1086,Customer 132,Home Office,United States,Philadelphia,Pennsylvania,48425,West,OFF-LA-11615,Office Supplies,Labels,Smead Labels,725.4,9,0.1,190.25
1617,US-2024-101616,02/05/2024,02/10/2024,Standard Class,CU-1196,Customer 196,Home Office,United States,New York City,New York,56191,South,FUR-CH-11616,Furniture,Chairs,Novimex Chair,673.68,3,0.0,278.04
1618,US-2023-101617,03/09/2023,03/13/2023,Standard Class,CU-1125,Customer 296,Corporate,United States,Columbus,Ohio,28617,East,OFF-FA-11617,Office Supplies,Fasteners,Bostitch Stapler,59.43,1,0.15,12.61
1619,US-2024-101618,02/02/2024,02/03/2024,Standard Class,CU-1245,Customer 5,Consumer,United States,Houston,Texas,35903,Central,OFF-LA-11618,Office Supplies,Labels,Smead Labels,42.84,2,0.15,9.65
1620,US-2024-101619,09/26/2024,10/01/2024,Second Class,CU-1295,Customer 71,Corporate,United States,New York City,New York,81018,Central,FUR-TA-11619,Furniture,Tables,Lesro Table,990.75,5,0.0,343.98
1621,US-2024-101620,03/11/2024,03/16/2024,Standard Class,CU-1007,Customer 162,Consumer,United States,New York City,New York,16140,West,TEC-PH-11620,Technology,Phones,Samsung Galaxy,304.21,1,0.0,75.7
1622,US-2024-101621,02/02/2024,02/08/2024,First Class,CU-1206,Customer 126,Consumer,United States,Detroit,Michigan,97522,Central,FUR-TA-11621,Furniture,Tables,Bretford Conference Table,1714.58,7,0.15,344.21
1623,US-2023-101622,10/10/2023,10/14/2023,Same Day,CU-1132,Customer 80,Corporate,United States,New York City,New York,76265,South,FUR-TA-11622,Furniture,Tables,Bretford Conference Table,764.84,2,0.0,194.91
1624,US-2023-101623,05/21/2023,05/26/2023,Standard Class,CU-1229,Customer 253,Corporate,United States,New York City,New York,22908,West,FUR-TA-11623,Furniture,Tables,Bevis Table,572.52,4,0.2,63.2
1625,US-2023-101624,06/08/2023,06/12/2023,Standard Class,CU-1236,Customer 83,Consumer,United States,Seattle,Washington,60246,East,FUR-TA-11624,Furniture,Tables,Bevis Table,857.34,9,0.0,221.74
1626,US-2023-101625,10/14/2023,10/18/2023,Same Day,CU-1239,Customer 73,Consumer,United States,Columbus,Ohio,56937,East,FUR-TA-11625,Furniture,Tables,Chromcraft Table,2825.55,7,0.3,153.96
1627,US-2024-101626,04/19/2024,04/20/2024,First Class,CU-1196,Customer 135,Home Office,United States,Detroit,Michigan,73004,West,OFF-ST-11626,Office Supplies,Storage,Fellowes Storage Box,368.72,8,0.0,70.05
1628,US-2024-101627,06/26/2024,06/27/2024,Second Class,CU-1226,Customer 152,Consumer,United States,Chicago,Illinois,49546,Central,OFF-LA-11627,Office Supplies,Labels,Avery Labels,131.48,2,0.15,19.0
1629,US-2023-101628,12/07/2023,12/10/2023,Same Day,CU-1270,Customer 207,Consumer,United States,Houston,Texas,69096,West,TEC-CO-11628,Technology,Copiers,Canon Copier,1403.08,7,0.0,301.23
1630,US-2023-101629,01/11/2023,01/15/2023,Same Day,CU-1105,Customer 74,Corporate,United States,Houston,Texas,18860,West,TEC-AC-11629,Technology,Accessories,Logitech Mouse,2220.08,8,0.15,355.23
1631,US-2024-101630,09/10/2024,09/12/2024,Second Class,CU-1270,Customer 221,Home Office,United States,Columbus,Ohio,76053,South,OFF-BI-11630,Office Supplies,Binders,Wilson Jones Binder,397.52,8,0.15,78.24
1632,US-2024-101631,02/07/2024,02/12/2024,Second Class,CU-1090,Customer 30,Home Office,United States,Detroit,Michigan,53857,Central,TEC-PH-11631,Technology,Phones,Cisco Phone,226.81,1,0.1,48.87
1633,US-2023-101632,05/29/2023,06/02/2023,Second Class,CU-1295,Customer 215,Home Office,United States,Atlanta,Georgia,20984,Central,FUR-TA-11632,Furniture,Tables,Bretford Conference Table,1978.32,6,0.0,679.33
1634,US-2024-101633,02/26/2024,03/01/2024,Standard Class,CU-1242,Customer 257,Home Office,United States,Columbus,Ohio,70735,South,TEC-CO-11633,Technology,Copiers,Konica Copier,1432.65,5,0.0,361.02
1635,US-2024-101634,08/23/2024,08/29/2024,Standard Class,CU-1123,Customer 270,Corporate,United States,New York City,New York,29288,West,TEC-AC-11634,Technology,Accessories,Kensington Keyboard,2121.0,5,0.0,597.91
1636,US-2023-101635,03/03/2023,03/09/2023,Second Class,CU-1089,Customer 76,Corporate,United States,Houston,Texas,23538,East,OFF-BI-11635,Office Supplies,Binders,Wilson Jones Binder,26.13,3,0.15,5.28
1637,US-2023-101636,04/20/2023,04/24/2023,Second Class,CU-1029,Customer 151,Consumer,United States,Philadelphia,Pennsylvania,90843,Central,FUR-FU-11636,Furniture,Furnishings,Advantus Frame,1779.12,8,0.15,329.04
1638,US-2023-101637,02/03/2023,02/06/2023,Second Class,CU-1053,Customer 218,Home Office,United States,Chicago,Illinois,11030,West,FUR-TA-11637,Furniture,Tables,Chromcraft Table,4228.56,9,0.15,764.51
1639,US-2024-101638,07/16/2024,07/17/2024,Standard Class,CU-1136,Customer 95,Home Office,United States,Atlanta,Georgia,62103,Central,TEC-MA-11638,Technology,Machines,Cubify Printer,577.05,1,0.0,206.58
1640,US-2024-101639,04/06/2024,04/10/2024,Standard Class,CU-1110,Customer 42,Corporate,United States,New York City,New York,35430,South,OFF-ST-11639,Office Supplies,Storage,Fellowes Storage Box,75.32,7,0.2,5.85
1641,US-2023-101640,07/09/2023,07/13/2023,Same Day,CU-1093,Customer 130,Corporate,United States,Chicago,Illinois,59379,West,FUR-TA-11640,Furniture,Tables,Bretford Conference Table,636.67,1,0.1,144.57
1642,US-2023-101641,09/05/2023,09/10/2023,Standard Class,CU-1276,Customer 114,Home Office,United States,Miami,Florida,14261,South,FUR-FU-11641,Furniture,Furnishings,Tenex Lamp,4505.8,10,0.1,1180.25
1643,US-2024-101642,07/17/2024,07/20/2024,Standard Class,CU-1112,Customer 116,Consumer,United States,Atlanta,Georgia,70557,West,OFF-PA-11642,Office Supplies,Paper,Xerox Paper,27.33,3,0.1,6.36
1644,US-2024-101643,02/01/2024,02/03/2024,First Class,CU-1024,Customer 153,Home Office,United States,New York City,New York,66261,East,OFF-AR-11643,Office Supplies,Art,Sharpie Markers,32.18,2,0.0,12.69
1645,US-2024-101644,04/09/2024,04/16/2024,Second Class,CU-1283,Customer 156,Corporate,United States,Houston,Texas,36923,South,FUR-FU-11644,Furniture,Furnishings,Deflecto Frame,640.96,8,0.15,122.05
1646,US-2024-101645,03/21/2024,03/24/2024,Standard Class,CU-1214,Customer 254,Corporate,United States,Detroit,Michigan,64104,East,OFF-EN-11645,Office Supplies,Envelopes,Kraft Envelopes,259.76,8,0.3,6.5
1647,US-2024-101646,09/01/2024,09/02/2024,Second Class,CU-1095,Customer 40,Corporate,United States,Houston,Texas,49228,West,FUR-BO-11646,Furniture,Bookcases,Sauder Bookcase,258.36,2,0.2,45.42
1648,US-2024-101647,08/21/2024,08/23/2024,Second Class,CU-1080,Customer 179,Consumer,United States,Los Angeles,California,42409,West,TEC-PH-11647,Technology,Phones,Nokia Phone,216.25,5,0.2,29.22
1649,US-2024-101648,01/19/2024,01/25/2024,First Class,CU-1176,Customer 31,Consumer,United States,Houston,Texas,91027,West,FUR-BO-11648,Furniture,Bookcases,O'Sullivan Bookcase,789.8,4,0.1,108.02
1650,US-2024-101649,05/31/2024,06/07/2024,First Class,CU-1106,Customer 100,Consumer,United States,Atlanta,Georgia,35263,West,OFF-PA-11649,Office Supplies,Paper,HP Paper,47.13,1,0.0,18.12
1651,US-2024-101650,07/04/2024,07/05/2024,First Class,CU-1288,Customer 276,Home Office,United States,Los Angeles,California,40210,East,OFF-BI-11650,Office Supplies,Binders,Wilson Jones Binder,81.3,3,0.2,9.74
1652,US-2024-101651,03/30/2024,04/06/2024,First Class,CU-1201,Customer 161,Home Office,United States,Los Angeles,California,88793,West,FUR-TA-11651,Furniture,Tables,Chromcraft Table,617.84,2,0.0,241.28
1653,US-2024-101652,05/07/2024,05/11/2024,First Class,CU-1190,Customer 143,Consumer,United States,New York City,New York,18593,East,FUR-BO-11652,Furniture,Bookcases,O'Sullivan Bookcase,969.08,4,0.15,151.38
1654,US-2024-101653,04/03/2024,04/06/2024,Standard Class,CU-1300,Customer 68,Consumer,United States,Chicago,Illinois,61842,South,OFF-AR-11653,Office Supplies,Art,Sharpie Markers,210.2,5,0.3,5.94
1655,US-2023-101654,05/12/2023,05/16/2023,First Class,CU-1242,Customer 164,Consumer,United States,Miami,Florida,97527,South,FUR-CH-11654,Furniture,Chairs,Hon Executive Chair,2067.92,8,0.1,342.49
1656,US-2024-101655,03/11/2024,03/12/2024,Same Day,CU-1117,Customer 14,Consumer,United States,Atlanta,Georgia,84852,West,OFF-FA-11655,Office Supplies,Fasteners,Staples Fasteners,68.1,3,0.3,1.76
1657,US-2023-101656,04/19/2023,04/20/2023,First Class,CU-1117,Customer 170,Corporate,United States,Houston,Texas,11301,Central,TEC-AC-11656,Technology,Accessories,Kensington Keyboard,1074.09,3,0.1,145.74
1658,US-2023-101657,11/03/2023,11/05/2023,Standard Class,CU-1264,Customer 227,Corporate,United States,New York City,New York,87500,South,FUR-TA-11657,Furniture,Tables,Lesro Table,1684.08,3,0.0,534.8
1659,US-2023-101658,09/15/2023,09/22/2023,Second Class,CU-1078,Customer 48,Home Office,United States,Columbus,Ohio,81467,West,TEC-MA-11658,Technology,Machines,Lexmark Printer,4113.76,8,0.2,729.17
1660,US-2024-101659,08/27/2024,08/29/2024,Standard Class,CU-1154,Customer 278,Corporate,United States,New York City,New York,74571,East,TEC-AC-11659,Technology,Accessories,Belkin Cable,858.06,6,0.3,49.43
1661,US-2023-101660,06/24/2023,06/29/2023,Same Day,CU-1181,Customer 49,Corporate,United States,Chicago,Illinois,90938,East,OFF-SU-11660,Office Supplies,Supplies,Fiskars Scissors,265.3,10,0.0,108.93
1662,US-2023-101661,10/09/2023,10/10/2023,First Class,CU-1257,Customer 184,Home Office,United States,Miami,Florida,79113,West,FUR-TA-11661,Furniture,Tables,Bevis Table,2403.45,9,0.3,84.47
1663,US-2024-101662,02/19/2024,02/26/2024,Second Class,CU-1009,Customer 261,Corporate,United States,Houston,Texas,62153,South,TEC-MA-11662,Technology,Machines,Lexmark Printer,2063.81,7,0.3,108.93
1664,US-2024-101663,01/18/2024,01/19/2024,Same Day,CU-1086,Customer 285,Consumer,United States,Columbus,Ohio,32624,West,FUR-CH-11663,Furniture,Chairs,Harbour Creations Chair,136.1,5,0.0,52.57
1665,US-2023-101664,06/22/2023,06/29/2023,First Class,CU-1228,Customer 89,Home Office,United States,Miami,Florida,63895,West,OFF-LA-11664,Office Supplies,Labels,Avery Labels,105.93,9,0.0,27.69
1666,US-2023-101665,06/16/2023,06/18/2023,First Class,CU-1044,Customer 148,Home Office,United States,Houston,Texas,85156,West,TEC-AC-11665,Technology,Accessories,Logitech Mouse,237.54,1,0.0,91.1
1667,US-2023-101666,06/24/2023,07/01/2023,Same Day,CU-1020,Customer 69,Corporate,United States,Miami,Florida,62232,East,TEC-PH-11666,Technology,Phones,Apple iPhone,10968.8,10,0.3,525.73
1668,US-2023-101667,03/10/2023,03/14/2023,First Class,CU-1020,Customer 10,Home Office,United States,Houston,Texas,40356,East,OFF-EN-11667,Office Supplies,Envelopes,Kraft Envelopes,356.4,10,0.1,71.39
1669,US-2024-101668,09/26/2024,09/28/2024,Second Class,CU-1082,Customer 153,Corporate,United States,Detroit,Michigan,22274,East,FUR-BO-11668,Furniture,Bookcases,O'Sullivan Bookcase,180.44,4,0.1,46.65
1670,US-2024-101669,06/25/2024,06/27/2024,Same Day,CU-1248,Customer 20,Corporate,United States,Los Angeles,California,62425,Central,TEC-MA-11669,Technology,Machines,Lexmark Printer,309.74,1,0.3,8.25
1671,US-2023-101670,05/13/2023,05/17/2023,First Class,CU-1111,Customer 270,Home Office,United States,Miami,Florida,56397,East,OFF-ST-11670,Office Supplies,Storage,SAFCO Storage Bin,423.29,7,0.0,123.23
1672,US-2023-101671,04/03/2023,04/07/2023,Same Day,CU-1075,Customer 115,Home Office,United States,Miami,Florida,24591,West,FUR-TA-11671,Furniture,Tables,Lesro Table,1021.04,8,0.0,228.68
1673,US-2023-101672,09/23/2023,09/26/2023,Standard Class,CU-1222,Customer 154,Consumer,United States,Atlanta,Georgia,36220,East,FUR-FU-11672,Furniture,Furnishings,Eldon Desk Lamp,424.84,1,0.3,24.55
1674,US-2024-101673,04/15/2024,04/17/2024,Same Day,CU-1240,Customer 199,Home Office,United States,Chicago,Illinois,57449,South,OFF-EN-11673,Office Supplies,Envelopes,Poly Envelopes,28.05,5,0.0,11.2
1675,US-2024-101674,09/30/2024,10/01/2024,First Class,CU-1219,Customer 36,Corporate,United States,Houston,Texas,52964,Central,OFF-LA-11674,Office Supplies,Labels,Hon Labels,1.96,4,0.1,0.45
1676,US-2023-101675,07/13/2023,07/15/2023,First Class,CU-1093,Customer 22,Consumer,United States,Atlanta,Georgia,47621,West,FUR-FU-11675,Furniture,Furnishings,Eldon Desk Lamp,936.5,2,0.15,174.9
1677,US-2023-101676,08/13/2023,08/16/2023,First Class,CU-1219,Customer 172,Consumer,United States,Houston,Texas,75664,South,OFF-PA-11676,Office Supplies,Paper,HP Paper,85.3,5,0.0,30.99
1678,US-2024-101677,07/02/2024,07/05/2024,Second Class,CU-1193,Customer 71,Corporate,United States,Seattle,Washington,83323,East,TEC-AC-11677,Technology,Accessories,Kensington Keyboard,2427.4,10,0.0,523.22
1679,US-2023-101678,03/06/2023,03/12/2023,Standard Class,CU-1001,Customer 174,Consumer,United States,Seattle,Washington,75648,Central,OFF-SU-11678,Office Supplies,Supplies,Acme Scissors,115.48,4,0.2,13.92
1680,US-2023-101679,08/29/2023,09/01/2023,Standard Class,CU-1016,Customer 298,Consumer,United States,Seattle,Washington,72515,East,TEC-AC-11679,Technology,Accessories,Kensington Keyboard,2316.45,5,0.0,457.23
1681,US-2023-101680,04/07/2023,04/10/2023,Second Class,CU-1233,Customer 259,Home Office,United States,Miami,Florida,44330,Central,OFF-FA-11680,Office Supplies,Fasteners,Staples Fasteners,5.7,5,0.15,1.25
1682,US-2024-101681,04/07/2024,04/14/2024,First Class,CU-1212,Customer 132,Corporate,United States,Detroit,Michigan,71257,West,FUR-FU-11681,Furniture,Furnishings,Eldon Desk Lamp,833.98,7,0.3,31.8
1683,US-2024-101682,01/12/2024,01/18/2024,First Class,CU-1044,Customer 266,Corporate,United States,New York City,New York,77833,East,TEC-CO-11682,Technology,Copiers,Canon Copier,2441.6,7,0.2,420.16
1684,US-2023-101683,01/12/2023,01/19/2023,First Class,CU-1171,Customer 21,Home Office,United States,New York City,New York,69562,South,FUR-CH-11683,Furniture,Chairs,Novimex Chair,2312.72,8,0.3,71.33
1685,US-2023-101684,02/04/2023,02/07/2023,Standard Class,CU-1116,Customer 127,Corporate,United States,Miami,Florida,44997,South,FUR-TA-11684,Furniture,Tables,Lesro Table,530.34,6,0.15,108.93
1686,US-2024-101685,11/12/2024,11/14/2024,Standard Class,CU-1207,Customer 242,Home Office,United States,Philadelphia,Pennsylvania,25760,West,TEC-MA-11685,Technology,Machines,Cubify Printer,282.78,1,0.15,47.4
1687,US-2023-101686,03/25/2023,03/30/2023,Standard Class,CU-1262,Customer 232,Home Office,United States,Seattle,Washington,94809,South,FUR-CH-11686,Furniture,Chairs,Novimex Chair,891.03,7,0.15,202.77
1688,US-2024-101687,08/09/2024,08/13/2024,Second Class,CU-1155,Customer 87,Home Office,United States,Chicago,Illinois,77506,South,OFF-BI-11687,Office Supplies,Binders,Acco Binder,296.0,10,0.0,79.88
1689,US-2024-101688,11/17/2024,11/23/2024,First Class,CU-1292,Customer 71,Consumer,United States,Los Angeles,California,25459,South,OFF-LA-11688,Office Supplies,Labels,Smead Labels,328.98,6,0.3,11.94
1690,US-2023-101689,01/31/2023,02/04/2023,Same Day,CU-1105,Customer 96,Consumer,United States,Philadelphia,Pennsylvania,19139,South,FUR-TA-11689,Furniture,Tables,Bevis Table,317.3,2,0.2,52.59
1691,US-2024-101690,09/22/2024,09/23/2024,Second Class,CU-1251,Customer 62,Home Office,United States,Detroit,Michigan,30174,South,FUR-BO-11690,Furniture,Bookcases,Hon Bookcase,224.48,4,0.2,30.54
1692,US-2024-101691,06/30/2024,07/04/2024,First Class,CU-1134,Customer 88,Corporate,United States,Los Angeles,California,86980,Central,TEC-AC-11691,Technology,Accessories,Logitech Mouse,726.64,4,0.15,81.86
1693,US-2023-101692,03/31/2023,04/06/2023,Second Class,CU-1167,Customer 155,Home Office,United States,Chicago,Illinois,93851,East,FUR-BO-11692,Furniture,Bookcases,O'Sullivan Bookcase,6324.5,10,0.2,930.53
1694,US-2023-101693,01/28/2023,02/01/2023,Second Class,CU-1032,Customer 175,Home Office,United States,Philadelphia,Pennsylvania,67565,West,FUR-TA-11693,Furniture,Tables,Chromcraft Table,984.0,10,0.2,174.89
1695,US-2023-101694,08/26/2023,08/31/2023,First Class,CU-1125,Customer 28,Home Office,United States,Seattle,Washington,29228,East,FUR-TA-11694,Furniture,Tables,Chromcraft Table,683.2,10,0.2,62.89
1696,US-2024-101695,01/31/2024,02/06/2024,Same Day,CU-1138,Customer 114,Home Office,United States,Los Angeles,California,24928,Central,OFF-ST-11695,Office Supplies,Storage,Iris Storage Box,144.72,8,0.2,23.92
1697,US-2024-101696,11/04/2024,11/06/2024,Standard Class,CU-1168,Customer 1,Consumer,United States,Atlanta,Georgia,68820,East,TEC-PH-11696,Technology,Phones,Apple iPhone,2168.6,7,0.3,118.8
1698,US-2023-101697,02/13/2023,02/17/2023,Standard Class,CU-1104,Customer 16,Home Office,United States,Seattle,Washington,92457,East,FUR-FU-11697,Furniture,Furnishings,Eldon Desk Lamp,1340.6,10,0.0,370.01
1699,US-2024-101698,09/07/2024,09/11/2024,Second Class,CU-1151,Customer 154,Home Office,United States,Houston,Texas,52762,East,TEC-PH-11698,Technology,Phones,Cisco Phone,225.84,3,0.15,27.33
1700,US-2023-101699,12/14/2023,12/19/2023,Second Class,CU-1239,Customer 142,Consumer,United States,Atlanta,Georgia,19864,South,TEC-PH-11699,Technology,Phones,Cisco Phone,1270.35,3,0.2,162.99
1701,US-2024-101700,01/30/2024,02/06/2024,Standard Class,CU-1087,Customer 242,Corporate,United States,Atlanta,Georgia,61368,West,TEC-PH-11700,Technology,Phones,Cisco Phone,3949.4,10,0.3,114.26
1702,US-2023-101701,02/28/2023,03/06/2023,Second Class,CU-1215,Customer 100,Home Office,United States,Philadelphia,Pennsylvania,44676,Central,FUR-BO-11701,Furniture,Bookcases,O'Sullivan Bookcase,341.31,1,0.0,111.98
1703,US-2024-101702,10/19/2024,10/22/2024,First Class,CU-1267,Customer 249,Consumer,United States,Houston,Texas,20646,West,OFF-BI-11702,Office Supplies,Binders,Acco Binder,291.3,10,0.15,54.83
1704,US-2023-101703,08/09/2023,08/13/2023,Standard Class,CU-1299,Customer 47,Consumer,United States,Columbus,Ohio,39206,South,FUR-TA-11703,Furniture,Tables,Lesro Table,2991.05,5,0.0,1005.35
1705,US-2024-101704,04/07/2024,04/11/2024,Standard Class,CU-1127,Customer 193,Home Office,United States,Atlanta,Georgia,68832,East,OFF-BI-11704,Office Supplies,Binders,GBC Binder,129.66,3,0.2,22.11
1706,US-2023-101705,02/13/2023,02/16/2023,First Class,CU-1113,Customer 218,Corporate,United States,Seattle,Washington,75697,East,FUR-TA-11705,Furniture,Tables,Lesro Table,2176.51,7,0.1,322.71
1707,US-2024-101706,02/14/2024,02/21/2024,First Class,CU-1261,Customer 280,Consumer,United States,Chicago,Illinois,25578,Central,TEC-CO-11706,Technology,Copiers,Konica Copier,3746.6,5,0.3,95.8
1708,US-2024-101707,02/25/2024,02/27/2024,Second Class,CU-1065,Customer 119,Corporate,United States,Miami,Florida,15038,South,TEC-CO-11707,Technology,Copiers,Konica Copier,1483.6,4,0.2,168.82
1709,US-2024-101708,08/18/2024,08/21/2024,Same Day,CU-1089,Customer 70,Home Office,United States,Columbus,Ohio,16618,Central,OFF-SU-11708,Office Supplies,Supplies,Fiskars Scissors,107.85,5,0.2,8.92
1710,US-2023-101709,01/12/2023,01/16/2023,Same Day,CU-1203,Customer 38,Corporate,United States,Houston,Texas,84605,South,FUR-FU-11709,Furniture,Furnishings,Tenex Lamp,787.41,3,0.15,140.88
1711,US-2024-101710,11/04/2024,11/11/2024,Second Class,CU-1280,Customer 127,Consumer,United States,Atlanta,Georgia,52023,South,FUR-CH-11710,Furniture,Chairs,Harbour Creations Chair,178.22,7,0.2,31.8
1712,US-2023-101711,01/13/2023,01/16/2023,Standard Class,CU-1126,Customer 131,Home Office,United States,Miami,Florida,32631,East,OFF-SU-11711,Office Supplies,Supplies,Fiskars Scissors,223.04,8,0.2,21.11
1713,US-2024-101712,06/24/2024,06/30/2024,Second Class,CU-1043,Customer 80,Consumer,United States,Atlanta,Georgia,62750,East,TEC-AC-11712,Technology,Accessories,Belkin Cable,1238.12,4,0.0,315.98
1714,US-2024-101713,02/13/2024,02/15/2024,Standard Class,CU-1156,Customer 117,Consumer,United States,Philadelphia,Pennsylvania,47256,East,FUR-BO-11713,Furniture,Bookcases,Sauder Bookcase,1418.25,5,0.1,189.61
1715,US-2024-101714,05/22/2024,05/25/2024,Second Class,CU-1278,Customer 241,Consumer,United States,Atlanta,Georgia,14347,South,FUR-TA-11714,Furniture,Tables,Bretford Conference Table,425.71,1,0.0,128.38
1716,US-2023-101715,10/31/2023,11/01/2023,First Class,CU-1077,Customer 29,Home Office,United States,Houston,Texas,33940,West,TEC-AC-11715,Technology,Accessories,Belkin Cable,3554.95,7,0.1,543.76
1717,US-2024-101716,09/15/2024,09/22/2024,Standard Class,CU-1133,Customer 287,Home Office,United States,Miami,Florida,62517,West,OFF-BI-11716,Office Supplies,Binders,GBC Binder,136.6,10,0.15,32.66
1718,US-2023-101717,03/29/2023,04/02/2023,First Class,CU-1125,Customer 2,Corporate,United States,Los Angeles,California,90699,South,TEC-PH-11717,Technology,Phones,Nokia Phone,4246.41,7,0.2,377.21
1719,US-2023-101718,06/06/2023,06/13/2023,First Class,CU-1003,Customer 159,Consumer,United States,Philadelphia,Pennsylvania,50285,South,OFF-ST-11718,Office Supplies,Storage,SAFCO Storage Bin,507.36,7,0.2,55.8
1720,US-2024-101719,11/03/2024,11/05/2024,Same Day,CU-1161,Customer 208,Consumer,United States,New York City,New York,11668,East,OFF-ST-11719,Office Supplies,Storage,SAFCO Storage Bin,155.97,3,0.1,25.65
1721,US-2023-101720,12/25/2023,12/26/2023,Second Class,CU-1214,Customer 45,Home Office,United States,Philadelphia,Pennsylvania,96932,West,OFF-SU-11720,Office Supplies,Supplies,Fiskars Scissors,29.56,4,0.3,0.91
1722,US-2023-101721,03/14/2023,03/19/2023,Second Class,CU-1264,Customer 248,Consumer,United States,Atlanta,Georgia,37520,South,FUR-CH-11721,Furniture,Chairs,Harbour Creations Chair,3150.3,10,0.3,170.92
1723,US-2023-101722,10/09/2023,10/16/2023,Same Day,CU-1146,Customer 282,Home Office,United States,Seattle,Washington,10011,Central,FUR-CH-11722,Furniture,Chairs,Harbour Creations Chair,214.41,3,0.1,58.76
1724,US-2023-101723,05/12/2023,05/19/2023,Second Class,CU-1161,Customer 34,Consumer,United States,Miami,Florida,71660,South,OFF-FA-11723,Office Supplies,Fasteners,Staples Fasteners,159.28,8,0.3,9.33
1725,US-2024-101724,01/01/2024,01/02/2024,Same Day,CU-1122,Customer 86,Home Office,United States,Detroit,Michigan,87737,Central,OFF-ST-11724,Office Supplies,Storage,SAFCO Storage Bin,66.62,2,0.15,12.54
1726,US-2024-101725,09/11/2024,09/18/2024,Standard Class,CU-1285,Customer 182,Home Office,United States,Los Angeles,California,10190,Central,FUR-TA-11725,Furniture,Tables,Chromcraft Table,1761.27,7,0.0,727.48
1727,US-2023-101726,09/24/2023,09/27/2023,Same Day,CU-1187,Customer 128,Home Office,United States,Philadelphia,Pennsylvania,97347,East,OFF-ST-11726,Office Supplies,Storage,SAFCO Storage Bin,102.6,2,0.1,28.9
1728,US-2023-101727,01/12/2023,01/17/2023,Second Class,CU-1006,Customer 160,Corporate,United States,Seattle,Washington,50862,East,OFF-LA-11727,Office Supplies,Labels,Smead Labels,581.68,8,0.15,58.39
1729,US-2023-101728,06/03/2023,06/05/2023,Standard Class,CU-1276,Customer 13,Home Office,United States,Detroit,Michigan,37394,South,TEC-AC-11728,Technology,Accessories,Logitech Mouse,1907.72,4,0.2,327.99
1730,US-2024-101729,07/21/2024,07/25/2024,First Class,CU-1010,Customer 228,Home Office,United States,Detroit,Michigan,80842,East,OFF-AR-11729,Office Supplies,Art,Sharpie Markers,18.69,1,0.0,5.62
1731,US-2024-101730,01/27/2024,01/30/2024,Same Day,CU-1105,Customer 105,Home Office,United States,New York City,New York,41028,Central,FUR-FU-11730,Furniture,Furnishings,Advantus Frame,81.45,3,0.2,12.08
1732,US-2024-101731,04/24/2024,04/27/2024,First Class,CU-1010,Customer 258,Home Office,United States,Atlanta,Georgia,17002,South,TEC-CO-11731,Technology,Copiers,Canon Copier,3210.88,4,0.0,1295.5
1733,US-2024-101732,09/02/2024,09/04/2024,Standard Class,CU-1060,Customer 48,Home Office,United States,Los Angeles,California,92470,Central,OFF-LA-11732,Office Supplies,Labels,Smead Labels,233.1,10,0.2,29.3
1734,US-2024-101733,02/04/2024,02/08/2024,Standard Class,CU-1049,Customer 172,Home Office,United States,Houston,Texas,46133,Central,FUR-BO-11733,Furniture,Bookcases,Sauder Bookcase,809.32,4,0.3,44.48
1735,US-2023-101734,04/25/2023,04/30/2023,Same Day,CU-1016,Customer 152,Corporate,United States,New York City,New York,99619,West,TEC-PH-11734,Technology,Phones,Nokia Phone,1032.36,3,0.15,138.06
1736,US-2024-101735,05/02/2024,05/06/2024,First Class,CU-1186,Customer 143,Corporate,United States,Los Angeles,California,72947,East,FUR-BO-11735,Furniture,Bookcases,Bush Bookcase,1153.24,4,0.2,196.08
1737,US-2023-101736,10/24/2023,10/28/2023,Standard Class,CU-1293,Customer 174,Home Office,United States,New York City,New York,41965,Central,TEC-MA-11736,Technology,Machines,HP Printer,1884.56,4,0.0,534.7
1738,US-2023-101737,09/12/2023,09/15/2023,Same Day,CU-1001,Customer 187,Consumer,United States,Houston,Texas,11783,West,OFF-SU-11737,Office Supplies,Supplies,Fiskars Scissors,141.19,7,0.0,54.9
1739,US-2024-101738,05/12/2024,05/19/2024,Same Day,CU-1003,Customer 111,Corporate,United States,Columbus,Ohio,77755,South,TEC-CO-11738,Technology,Copiers,Canon Copier,2775.6,9,0.1,354.94
1740,US-2023-101739,09/02/2023,09/06/2023,Standard Class,CU-1189,Customer 23,Consumer,United States,Miami,Florida,79586,East,FUR-TA-11739,Furniture,Tables,Bretford Conference Table,877.87,7,0.0,162.56
1741,US-2023-101740,01/12/2023,01/19/2023,Second Class,CU-1300,Customer 23,Home Office,United States,New York City,New York,25501,West,TEC-CO-11740,Technology,Copiers,Konica Copier,181.97,1,0.2,24.06
1742,US-2023-101741,09/26/2023,09/29/2023,Second Class,CU-1102,Customer 236,Corporate,United States,Atlanta,Georgia,84504,South,FUR-CH-11741,Furniture,Chairs,Hon Executive Chair,339.72,3,0.1,50.51
1743,US-2024-101742,02/06/2024,02/07/2024,Standard Class,CU-1273,Customer 221,Consumer,United States,Houston,Texas,27438,South,TEC-AC-11742,Technology,Accessories,Logitech Mouse,611.14,2,0.2,87.5
1744,US-2023-101743,05/21/2023,05/22/2023,First Class,CU-1146,Customer 286,Home Office,United States,Atlanta,Georgia,46898,Central,OFF-SU-11743,Office Supplies,Supplies,Fiskars Scissors,68.1,6,0.1,18.18
1745,US-2023-101744,05/04/2023,05/10/2023,Same Day,CU-1178,Customer 180,Home Office,United States,Detroit,Michigan,37703,Central,OFF-BI-11744,Office Supplies,Binders,GBC Binder,0.78,2,0.2,0.06
1746,US-2024-101745,01/15/2024,01/17/2024,Standard Class,CU-1252,Customer 254,Consumer,United States,Atlanta,Georgia,51274,South,OFF-EN-11745,Office Supplies,Envelopes,Poly Envelopes,128.94,7,0.0,49.95
1747,US-2023-101746,11/14/2023,11/19/2023,Same Day,CU-1015,Customer 230,Consumer,United States,Houston,Texas,48840,South,OFF-LA-11746,Office Supplies,Labels,Avery Labels,55.16,7,0.0,20.61
1748,US-2023-101747,03/06/2023,03/09/2023,First Class,CU-1013,Customer 37,Corporate,United States,Columbus,Ohio,36089,East,TEC-MA-11747,Technology,Machines,Lexmark Printer,2536.73,7,0.0,525.39
1749,US-2023-101748,11/20/2023,11/24/2023,Standard Class,CU-1177,Customer 270,Corporate,United States,New York City,New York,84983,East,FUR-FU-11748,Furniture,Furnishings,Tenex Lamp,249.98,2,0.15,42.39
1750,US-2024-101749,08/27/2024,08/30/2024,First Class,CU-1226,Customer 291,Corporate,United States,Chicago,Illinois,17420,South,OFF-AR-11749,Office Supplies,Art,Newell Highlighters,174.55,5,0.1,24.11
1751,US-2024-101750,08/20/2024,08/21/2024,First Class,CU-1235,Customer 64,Home Office,United States,Philadelphia,Pennsylvania,20479,South,OFF-EN-11750,Office Supplies,Envelopes,Kraft Envelopes,17.3,2,0.3,0.92
1752,US-2024-101751,02/02/2024,02/03/2024,Second Class,CU-1099,Customer 166,Home Office,United States,Columbus,Ohio,89596,South,OFF-PA-11751,Office Supplies,Paper,Boise Paper,28.77,7,0.2,2.81
1753,US-2023-101752,02/20/2023,02/27/2023,Second Class,CU-1124,Customer 245,Corporate,United States,Philadelphia,Pennsylvania,21626,Central,OFF-SU-11752,Office Supplies,Supplies,Fiskars Scissors,208.62,9,0.0,55.64
1754,US-2024-101753,01/04/2024,01/08/2024,Same Day,CU-1123,Customer 112,Consumer,United States,Atlanta,Georgia,28829,South,FUR-BO-11753,Furniture,Bookcases,Sauder Bookcase,1481.6,10,0.0,318.79
1755,US-2023-101754,07/10/2023,07/17/2023,Second Class,CU-1164,Customer 123,Consumer,United States,Los Angeles,California,61745,South,FUR-CH-11754,Furniture,Chairs,Global Task Chair,598.7,10,0.15,84.1
1756,US-2024-101755,09/28/2024,10/04/2024,Second Class,CU-1114,Customer 274,Corporate,United States,Chicago,Illinois,95420,West,OFF-AR-11755,Office Supplies,Art,BIC Markers,129.72,3,0.15,21.57
1757,US-2023-101756,01/01/2023,01/02/2023,Same Day,CU-1096,Customer 117,Consumer,United States,Seattle,Washington,77667,Central,FUR-CH-11756,Furniture,Chairs,Global Task Chair,254.52,3,0.0,80.41
1758,US-2024-101757,08/28/2024,09/02/2024,Second Class,CU-1004,Customer 248,Corporate,United States,Atlanta,Georgia,52084,East,OFF-AR-11757,Office Supplies,Art,Newell Highlighters,65.4,5,0.15,12.58
1759,US-2024-101758,03/29/2024,04/01/2024,Same Day,CU-1291,Customer 36,Consumer,United States,Los Angeles,California,82235,West,OFF-PA-11758,Office Supplies,Paper,Boise Paper,294.24,6,0.0,116.13
1760,US-2024-101759,11/20/2024,11/22/2024,Second Class,CU-1221,Customer 78,Consumer,United States,Chicago,Illinois,74587,South,FUR-BO-11759,Furniture,Bookcases,Sauder Bookcase,2121.77,7,0.1,630.84
1761,US-2023-101760,02/04/2023,02/08/2023,Same Day,CU-1152,Customer 245,Consumer,United States,Detroit,Michigan,68058,East,OFF-SU-11760,Office Supplies,Supplies,Acme Scissors,36.56,4,0.0,10.11
1762,US-2024-101761,09/21/2024,09/24/2024,Second Class,CU-1257,Customer 156,Consumer,United States,Columbus,Ohio,92598,Central,FUR-TA-11761,Furniture,Tables,Bretford Conference Table,637.52,4,0.15,134.94
1763,US-2023-101762,10/04/2023,10/05/2023,Same Day,CU-1242,Customer 188,Home Office,United States,Philadelphia,Pennsylvania,31889,South,FUR-BO-11762,Furniture,Bookcases,Hon Bookcase,343.65,5,0.3,9.24
1764,US-2023-101763,06/13/2023,06/14/2023,Standard Class,CU-1125,Customer 208,Consumer,United States,Miami,Florida,76631,Central,OFF-FA-11763,Office Supplies,Fasteners,Staples Fasteners,279.66,6,0.2,48.17
1765,US-2024-101764,04/03/2024,04/06/2024,First Class,CU-1248,Customer 107,Consumer,United States,Atlanta,Georgia,78513,West,TEC-CO-11764,Technology,Copiers,Konica Copier,4347.98,7,0.3,119.5
1766,US-2024-101765,03/13/2024,03/14/2024,First Class,CU-1160,Customer 8,Corporate,United States,Detroit,Michigan,88278,West,TEC-CO-11765,Technology,Copiers,Konica Copier,10640.5,10,0.0,2533.86
1767,US-2024-101766,08/27/2024,08/30/2024,Same Day,CU-1051,Customer 67,Consumer,United States,Chicago,Illinois,30571,East,FUR-FU-11766,Furniture,Furnishings,Deflecto Frame,4180.2,5,0.0,862.17
1768,US-2023-101767,08/22/2023,08/25/2023,Standard Class,CU-1002,Customer 38,Consumer,United States,Columbus,Ohio,99791,South,TEC-PH-11767,Technology,Phones,Nokia Phone,1979.4,10,0.1,442.23
1769,US-2024-101768,05/24/2024,05/27/2024,Second Class,CU-1082,Customer 175,Corporate,United States,Seattle,Washington,70436,South,OFF-AR-11768,Office Supplies,Art,Newell Highlighters,166.0,4,0.2,29.39
1770,US-2024-101769,10/26/2024,10/30/2024,Standard Class,CU-1168,Customer 280,Corporate,United States,Detroit,Michigan,18833,South,FUR-CH-11769,Furniture,Chairs,Global Task Chair,113.0,4,0.15,19.62
1771,US-2024-101770,08/12/2024,08/18/2024,First Class,CU-1205,Customer 157,Corporate,United States,Seattle,Washington,85360,Central,TEC-PH-11770,Technology,Phones,Cisco Phone,766.94,2,0.3,24.54
1772,US-2024-101771,09/30/2024,10/03/2024,Same Day,CU-1098,Customer 278,Consumer,United States,Philadelphia,Pennsylvania,10485,South,OFF-LA-11771,Office Supplies,Labels,Smead Labels,205.08,6,0.2,24.61
1773,US-2024-101772,08/10/2024,08/12/2024,Same Day,CU-1042,Customer 197,Corporate,United States,Los Angeles,California,27355,East,FUR-CH-11772,Furniture,Chairs,Novimex Chair,178.68,2,0.0,68.02
1774,US-2024-101773,02/21/2024,02/24/2024,First Class,CU-1255,Customer 268,Corporate,United States,Detroit,Michigan,52267,Central,FUR-FU-11773,Furniture,Furnishings,Advantus Frame,702.42,6,0.1,177.84
1775,US-2023-101774,10/09/2023,10/10/2023,Standard Class,CU-1026,Customer 198,Home Office,United States,Miami,Florida,68511,Central,OFF-SU-11774,Office Supplies,Supplies,Fiskars Scissors,93.6,2,0.0,22.22
1776,US-2024-101775,02/29/2024,03/04/2024,First Class,CU-1130,Customer 167,Consumer,United States,New York City,New York,30172,West,TEC-CO-11775,Technology,Copiers,Canon Copier,2319.7,5,0.3,62.66
1777,US-2023-101776,10/31/2023,11/01/2023,Second Class,CU-1103,Customer 104,Home Office,United States,Philadelphia,Pennsylvania,63285,South,OFF-PA-11776,Office Supplies,Paper,HP Paper,146.36,2,0.2,20.02
1778,US-2023-101777,01/21/2023,01/23/2023,Same Day,CU-1099,Customer 24,Home Office,United States,Philadelphia,Pennsylvania,49098,Central,FUR-CH-11777,Furniture,Chairs,Harbour Creations Chair,4508.0,8,0.0,1595.37
1779,US-2023-101778,02/19/2023,02/24/2023,Second Class,CU-1015,Customer 143,Home Office,United States,Columbus,Ohio,19065,West,FUR-CH-11778,Furniture,Chairs,Novimex Chair,39.04,1,0.0,7.26
1780,US-2024-101779,05/02/2024,05/07/2024,Same Day,CU-1294,Customer 250,Consumer,United States,Atlanta,Georgia,45748,Central,OFF-LA-11779,Office Supplies,Labels,Smead Labels,113.12,7,0.3,3.09
1781,US-2024-101780,06/23/2024,06/24/2024,First Class,CU-1162,Customer 22,Corporate,United States,Seattle,Washington,36823,Central,FUR-TA-11780,Furniture,Tables,Bretford Conference Table,322.64,4,0.1,62.31
1782,US-2024-101781,10/17/2024,10/23/2024,Second Class,CU-1293,Customer 129,Home Office,United States,Philadelphia,Pennsylvania,12469,Central,OFF-SU-11781,Office Supplies,Supplies,Fiskars Scissors,384.48,9,0.0,121.26
1783,US-2023-101782,09/14/2023,09/17/2023,Second Class,CU-1022,Customer 120,Consumer,United States,Atlanta,Georgia,56369,West,TEC-PH-11782,Technology,Phones,Samsung Galaxy,2884.7,7,0.0,623.97
1784,US-2023-101783,06/07/2023,06/08/2023,Second Class,CU-1049,Customer 289,Home Office,United States,Seattle,Washington,67674,South,OFF-PA-11783,Office Supplies,Paper,Boise Paper,10.33,1,0.15,1.31
1785,US-2023-101784,04/27/2023,05/03/2023,First Class,CU-1034,Customer 263,Corporate,United States,Columbus,Ohio,45036,West,OFF-PA-11784,Office Supplies,Paper,Boise Paper,83.51,7,0.15,12.59
1786,US-2024-101785,02/10/2024,02/16/2024,First Class,CU-1054,Customer 293,Corporate,United States,Detroit,Michigan,30863,West,FUR-BO-11785,Furniture,Bookcases,O'Sullivan Bookcase,4820.5,10,0.1,1266.22
1787,US-2024-101786,07/15/2024,07/19/2024,First Class,CU-1084,Customer 236,Corporate,United States,Columbus,Ohio,72988,Central,TEC-MA-11786,Technology,Machines,Cubify Printer,1656.55,7,0.0,588.94
1788,US-2024-101787,02/17/2024,02/19/2024,Second Class,CU-1044,Customer 191,Consumer,United States,Miami,Florida,79419,East,TEC-MA-11787,Technology,Machines,Cubify Printer,289.28,8,0.0,100.22
1789,US-2024-101788,07/30/2024,08/02/2024,Same Day,CU-1280,Customer 12,Corporate,United States,Columbus,Ohio,30022,West,OFF-AR-11788,Office Supplies,Art,BIC Markers,28.41,3,0.15,6.12
1790,US-2024-101789,10/01/2024,10/06/2024,Standard Class,CU-1077,Customer 88,Consumer,United States,Philadelphia,Pennsylvania,71803,East,FUR-FU-11789,Furniture,Furnishings,Tenex Lamp,2776.24,4,0.3,115.44
1791,US-2023-101790,02/26/2023,03/04/2023,First Class,CU-1238,Customer 229,Home Office,United States,Philadelphia,Pennsylvania,52331,Central,FUR-FU-11790,Furniture,Furnishings,Advantus Frame,2084.3,5,0.3,91.66
1792,US-2024-101791,06/21/2024,06/22/2024,Standard Class,CU-1231,Customer 108,Corporate,United States,Atlanta,Georgia,77395,East,FUR-FU-11791,Furniture,Furnishings,Deflecto Frame,514.8,8,0.1,92.63
1793,US-2023-101792,11/06/2023,11/09/2023,Same Day,CU-1085,Customer 208,Home Office,United States,Atlanta,Georgia,37537,Central,OFF-ST-11792,Office Supplies,Storage,Iris Storage Box,230.0,8,0.2,18.65
1794,US-2023-101793,01/18/2023,01/24/2023,Same Day,CU-1204,Customer 41,Consumer,United States,Houston,Texas,41168,South,TEC-CO-11793,Technology,Copiers,Konica Copier,2555.52,4,0.2,197.8
1795,US-2023-101794,01/29/2023,02/04/2023,First Class,CU-1045,Customer 281,Home Office,United States,Atlanta,Georgia,23076,West,TEC-PH-11794,Technology,Phones,Samsung Galaxy,122.92,2,0.3,6.46
1796,US-2024-101795,10/26/2024,11/02/2024,Same Day,CU-1003,Customer 206,Corporate,United States,Los Angeles,California,88117,East,TEC-CO-11795,Technology,Copiers,Canon Copier,6194.07,9,0.0,2321.49
1797,US-2024-101796,08/26/2024,08/31/2024,Second Class,CU-1198,Customer 284,Home Office,United States,Houston,Texas,40273,West,FUR-BO-11796,Furniture,Bookcases,Hon Bookcase,2879.7,10,0.0,658.77
1798,US-2023-101797,11/20/2023,11/21/2023,Same Day,CU-1251,Customer 168,Corporate,United States,Chicago,Illinois,76982,South,OFF-FA-11797,Office Supplies,Fasteners,Bostitch Stapler,133.2,10,0.15,30.5
1799,US-2024-101798,05/13/2024,05/17/2024,Second Class,CU-1051,Customer 88,Home Office,United States,Los Angeles,California,38576,East,TEC-MA-11798,Technology,Machines,Cubify Printer,3087.66,6,0.1,759.07
1800,US-2024-101799,03/26/2024,04/01/2024,Standard Class,CU-1183,Customer 66,Home Office,United States,Columbus,Ohio,22270,South,OFF-EN-11799,Office Supplies,Envelopes,Poly Envelopes,31.23,1,0.3,1.7
1801,US-2023-101800,02/15/2023,02/18/2023,First Class,CU-1260,Customer 276,Consumer,United States,Seattle,Washington,23719,East,TEC-MA-11800,Technology,Machines,HP Printer,2187.75,5,0.3,117.65
1802,US-2023-101801,06/06/2023,06/08/2023,First Class,CU-1025,Customer 102,Corporate,United States,New York City,New York,80222,South,OFF-ST-11801,Office Supplies,Storage,Iris Storage Box,223.84,8,0.0,74.9
1803,US-2024-101802,08/19/2024,08/25/2024,Same Day,CU-1230,Customer 229,Home Office,United States,Los Angeles,California,17004,West,FUR-TA-11802,Furniture,Tables,Bevis Table,864.36,9,0.2,71.6
1804,US-2024-101803,02/26/2024,03/01/2024,First Class,CU-1012,Customer 119,Corporate,United States,Seattle,Washington,66003,Central,FUR-TA-11803,Furniture,Tables,Chromcraft Table,679.44,6,0.15,116.68
1805,US-2023-101804,08/12/2023,08/19/2023,Same Day,CU-1259,Customer 107,Consumer,United States,Philadelphia,Pennsylvania,56539,South,FUR-BO-11804,Furniture,Bookcases,Hon Bookcase,688.88,4,0.0,224.04
1806,US-2023-101805,08/28/2023,08/29/2023,Same Day,CU-1286,Customer 107,Home Office,United States,Philadelphia,Pennsylvania,14947,West,OFF-SU-11805,Office Supplies,Supplies,Acme Scissors,259.0,10,0.3,12.54
1807,US-2024-101806,10/19/2024,10/21/2024,Second Class,CU-1116,Customer 90,Corporate,United States,Seattle,Washington,21858,South,TEC-PH-11806,Technology,Phones,Nokia Phone,4827.15,9,0.1,1382.06
1808,US-2024-101807,07/04/2024,07/06/2024,Same Day,CU-1199,Customer 13,Corporate,United States,Seattle,Washington,37171,Central,TEC-AC-11807,Technology,Accessories,Logitech Mouse,10149.75,9,0.1,2382.1
1809,US-2023-101808,12/20/2023,12/26/2023,First Class,CU-1278,Customer 146,Home Office,United States,New York City,New York,20791,South,OFF-FA-11808,Office Supplies,Fasteners,Bostitch Stapler,148.8,5,0.15,18.56
1810,US-2023-101809,06/15/2023,06/17/2023,Standard Class,CU-1262,Customer 49,Corporate,United States,Los Angeles,California,83995,East,OFF-ST-11809,Office Supplies,Storage,Iris Storage Box,79.46,2,0.15,7.98
1811,US-2024-101810,01/31/2024,02/06/2024,Standard Class,CU-1130,Customer 288,Consumer,United States,Philadelphia,Pennsylvania,73812,South,TEC-AC-11810,Technology,Accessories,Logitech Mouse,2466.52,4,0.1,669.93
1812,US-2024-101811,07/02/2024,07/06/2024,First Class,CU-1123,Customer 104,Consumer,United States,Houston,Texas,29865,South,OFF-LA-11811,Office Supplies,Labels,Smead Labels,125.19,3,0.2,20.04
1813,US-2024-101812,01/29/2024,02/04/2024,Second Class,CU-1059,Customer 286,Consumer,United States,Atlanta,Georgia,64475,South,TEC-AC-11812,Technology,Accessories,Belkin Cable,148.31,1,0.2,22.43
1814,US-2024-101813,02/28/2024,03/03/2024,Standard Class,CU-1000,Customer 72,Corporate,United States,Miami,Florida,61662,West,OFF-SU-11813,Office Supplies,Supplies,Acme Scissors,615.1,10,0.3,23.51
1815,US-2023-101814,10/03/2023,10/08/2023,Standard Class,CU-1037,Customer 107,Home Office,United States,Chicago,Illinois,67372,South,OFF-AR-11814,Office Supplies,Art,Newell Highlighters,165.6,3,0.0,34.4
1816,US-2023-101815,04/07/2023,04/11/2023,Same Day,CU-1036,Customer 168,Consumer,United States,Los Angeles,California,93317,Central,TEC-MA-11815,Technology,Machines,Lexmark Printer,2953.76,8,0.1,688.25
1817,US-2023-101816,08/05/2023,08/07/2023,First Class,CU-1032,Customer 235,Corporate,United States,Houston,Texas,61832,Central,OFF-FA-11816,Office Supplies,Fasteners,Staples Fasteners,58.75,5,0.1,7.62
1818,US-2023-101817,09/10/2023,09/14/2023,Second Class,CU-1194,Customer 112,Consumer,United States,Miami,Florida,84397,Central,OFF-PA-11817,Office Supplies,Paper,Xerox Paper,179.13,7,0.0,36.18
1819,US-2024-101818,05/12/2024,05/18/2024,Same Day,CU-1192,Customer 135,Consumer,United States,Houston,Texas,49142,East,TEC-CO-11818,Technology,Copiers,Konica Copier,425.16,6,0.2,65.72
1820,US-2023-101819,12/18/2023,12/19/2023,Second Class,CU-1138,Customer 148,Home Office,United States,Columbus,Ohio,43530,South,FUR-CH-11819,Furniture,Chairs,Harbour Creations Chair,557.31,1,0.0,198.97
1821,US-2023-101820,11/04/2023,11/08/2023,Second Class,CU-1119,Customer 34,Corporate,United States,Los Angeles,California,57342,Central,OFF-AR-11820,Office Supplies,Art,Newell Highlighters,132.39,9,0.2,13.11
1822,US-2023-101821,06/02/2023,06/05/2023,Standard Class,CU-1058,Customer 134,Home Office,United States,Chicago,Illinois,87117,South,OFF-ST-11821,Office Supplies,Storage,Iris Storage Box,158.64,8,0.1,35.94
1823,US-2023-101822,10/24/2023,10/25/2023,First Class,CU-1146,Customer 125,Corporate,United States,Los Angeles,California,74952,South,TEC-CO-11822,Technology,Copiers,Konica Copier,3400.48,4,0.0,706.73
1824,US-2024-101823,05/29/2024,05/30/2024,Standard Class,CU-1051,Customer 275,Corporate,United States,Columbus,Ohio,41877,East,OFF-ST-11823,Office Supplies,Storage,SAFCO Storage Bin,235.12,4,0.0,81.37
1825,US-2023-101824,08/23/2023,08/27/2023,Same Day,CU-1273,Customer 212,Consumer,United States,Seattle,Washington,92746,East,OFF-BI-11824,Office Supplies,Binders,GBC Binder,192.78,6,0.0,78.05
1826,US-2024-101825,11/18/2024,11/22/2024,First Class,CU-1216,Customer 155,Consumer,United States,Atlanta,Georgia,53341,South,FUR-FU-11825,Furniture,Furnishings,Eldon Desk Lamp,5515.65,9,0.15,626.71
1827,US-2023-101826,09/08/2023,09/15/2023,Standard Class,CU-1190,Customer 135,Consumer,United States,Chicago,Illinois,35713,East,FUR-FU-11826,Furniture,Furnishings,Eldon Desk Lamp,269.91,3,0.15,58.05
1828,US-2024-101827,03/18/2024,03/25/2024,First Class,CU-1171,Customer 10,Home Office,United States,Detroit,Michigan,52787,West,OFF-LA-11827,Office Supplies,Labels,Avery Labels,96.45,3,0.0,18.16
1829,US-2024-101828,02/18/2024,02/22/2024,Same Day,CU-1018,Customer 53,Corporate,United States,Los Angeles,California,19881,Central,FUR-TA-11828,Furniture,Tables,Bretford Conference Table,181.34,2,0.1,47.68
1830,US-2023-101829,07/30/2023,08/06/2023,Second Class,CU-1065,Customer 70,Consumer,United States,Chicago,Illinois,46421,East,OFF-AR-11829,Office Supplies,Art,Newell Highlighters,105.9,2,0.15,16.88
1831,US-2023-101830,02/18/2023,02/21/2023,Same Day,CU-1071,Customer 15,Consumer,United States,Houston,Texas,96934,East,FUR-TA-11830,Furniture,Tables,Lesro Table,4308.4,10,0.0,948.39
1832,US-2024-101831,08/12/2024,08/13/2024,Second Class,CU-1116,Customer 90,Corporate,United States,Chicago,Illinois,33794,South,FUR-BO-11831,Furniture,Bookcases,O'Sullivan Bookcase,3206.9,5,0.2,343.81
1833,US-2024-101832,02/26/2024,03/03/2024,First Class,CU-1170,Customer 65,Consumer,United States,Columbus,Ohio,49882,West,FUR-CH-11832,Furniture,Chairs,Global Task Chair,833.12,4,0.3,38.26
1834,US-2023-101833,06/27/2023,06/30/2023,Same Day,CU-1219,Customer 99,Corporate,United States,Los Angeles,California,32789,East,TEC-CO-11833,Technology,Copiers,Konica Copier,6070.7,5,0.2,737.5
1835,US-2024-101834,10/02/2024,10/09/2024,Second Class,CU-1141,Customer 294,Home Office,United States,Philadelphia,Pennsylvania,93489,Central,TEC-AC-11834,Technology,Accessories,Logitech Mouse,937.86,7,0.15,177.38
1836,US-2023-101835,12/09/2023,12/15/2023,Second Class,CU-1196,Customer 207,Corporate,United States,New York City,New York,53583,East,FUR-FU-11835,Furniture,Furnishings,Tenex Lamp,1198.5,6,0.15,259.93
1837,US-2023-101836,03/04/2023,03/09/2023,Same Day,CU-1213,Customer 154,Consumer,United States,Detroit,Michigan,44943,South,OFF-SU-11836,Office Supplies,Supplies,Fiskars Scissors,31.17,3,0.1,8.19
1838,US-2023-101837,10/23/2023,10/27/2023,First Class,CU-1201,Customer 223,Home Office,United States,Houston,Texas,51652,West,OFF-BI-11837,Office Supplies,Binders,Avery Binder,202.93,7,0.2,30.09
1839,US-2024-101838,07/18/2024,07/21/2024,Second Class,CU-1078,Customer 149,Consumer,United States,Atlanta,Georgia,60889,South,OFF-BI-11838,Office Supplies,Binders,Wilson Jones Binder,33.78,3,0.3,1.89
1840,US-2024-101839,10/18/2024,10/22/2024,Same Day,CU-1100,Customer 281,Consumer,United States,Houston,Texas,52464,Central,TEC-MA-11839,Technology,Machines,Lexmark Printer,1414.62,2,0.1,294.37
1841,US-2023-101840,09/10/2023,09/16/2023,Standard Class,CU-1211,Customer 52,Corporate,United States,Miami,Florida,80569,West,FUR-TA-11840,Furniture,Tables,Bevis Table,2653.29,9,0.1,563.92
1842,US-2024-101841,11/04/2024,11/05/2024,Same Day,CU-1049,Customer 182,Consumer,United States,Detroit,Michigan,98317,East,OFF-SU-11841,Office Supplies,Supplies,Acme Scissors,92.5,10,0.2,14.24
1843,US-2024-101842,05/24/2024,05/31/2024,Second Class,CU-1242,Customer 67,Corporate,United States,Los Angeles,California,17724,South,FUR-FU-11842,Furniture,Furnishings,Tenex Lamp,2993.28,8,0.0,545.26
1844,US-2024-101843,05/08/2024,05/13/2024,Standard Class,CU-1284,Customer 72,Corporate,United States,Miami,Florida,46057,West,TEC-MA-11843,Technology,Machines,Cubify Printer,1870.78,2,0.1,409.43
1845,US-2023-101844,11/01/2023,11/08/2023,Same Day,CU-1203,Customer 95,Corporate,United States,Atlanta,Georgia,94206,Central,FUR-CH-11844,Furniture,Chairs,Hon Executive Chair,1576.9,5,0.15,330.72
1846,US-2023-101845,07/15/2023,07/20/2023,Standard Class,CU-1235,Customer 72,Home Office,United States,Chicago,Illinois,86687,Central,FUR-CH-11845,Furniture,Chairs,Novimex Chair,282.6,5,0.1,72.45
1847,US-2024-101846,11/14/2024,11/15/2024,Second Class,CU-1211,Customer 197,Home Office,United States,New York City,New York,48290,South,FUR-CH-11846,Furniture,Chairs,Novimex Chair,1852.1,10,0.1,395.4
1848,US-2023-101847,08/18/2023,08/20/2023,First Class,CU-1112,Customer 57,Consumer,United States,Detroit,Michigan,23746,South,FUR-FU-11847,Furniture,Furnishings,Deflecto Frame,344.31,1,0.15,67.3
1849,US-2024-101848,08/04/2024,08/09/2024,First Class,CU-1299,Customer 18,Consumer,United States,Chicago,Illinois,35518,West,FUR-CH-11848,Furniture,Chairs,Harbour Creations Chair,1715.7,10,0.0,347.99
1850,US-2024-101849,05/08/2024,05/14/2024,Second Class,CU-1140,Customer 274,Consumer,United States,Miami,Florida,46889,East,FUR-TA-11849,Furniture,Tables,Chromcraft Table,330.88,4,0.15,75.6
1851,US-2024-101850,09/06/2024,09/08/2024,Standard Class,CU-1037,Customer 129,Home Office,United States,Philadelphia,Pennsylvania,21946,East,TEC-AC-11850,Technology,Accessories,Logitech Mouse,762.46,1,0.0,295.01
1852,US-2023-101851,01/26/2023,01/27/2023,First Class,CU-1082,Customer 20,Consumer,United States,New York City,New York,79420,South,OFF-LA-11851,Office Supplies,Labels,Hon Labels,198.9,10,0.3,9.92
1853,US-2024-101852,09/27/2024,10/02/2024,Standard Class,CU-1126,Customer 150,Consumer,United States,New York City,New York,25989,West,OFF-ST-11852,Office Supplies,Storage,Iris Storage Box,631.62,9,0.0,226.28
1854,US-2023-101853,08/03/2023,08/06/2023,Second Class,CU-1038,Customer 218,Consumer,United States,Los Angeles,California,72659,East,OFF-EN-11853,Office Supplies,Envelopes,Poly Envelopes,146.07,9,0.1,40.96
1855,US-2024-101854,05/07/2024,05/08/2024,Standard Class,CU-1253,Customer 60,Consumer,United States,Columbus,Ohio,27725,East,OFF-ST-11854,Office Supplies,Storage,Fellowes Storage Box,170.64,9,0.15,18.47
1856,US-2023-101855,06/15/2023,06/20/2023,Standard Class,CU-1148,Customer 48,Consumer,United States,Los Angeles,California,27369,South,TEC-AC-11855,Technology,Accessories,Logitech Mouse,606.96,3,0.1,172.13
1857,US-2024-101856,09/14/2024,09/16/2024,Same Day,CU-1243,Customer 262,Corporate,United States,New York City,New York,74337,South,TEC-AC-11856,Technology,Accessories,Kensington Keyboard,877.11,3,0.15,202.39
1858,US-2023-101857,02/08/2023,02/14/2023,Same Day,CU-1154,Customer 57,Home Office,United States,New York City,New York,59669,East,OFF-FA-11857,Office Supplies,Fasteners,Staples Fasteners,349.6,10,0.0,81.64
1859,US-2023-101858,10/18/2023,10/19/2023,Standard Class,CU-1121,Customer 43,Corporate,United States,Columbus,Ohio,38546,Central,TEC-AC-11858,Technology,Accessories,Logitech Mouse,555.84,4,0.3,16.85
1860,US-2023-101859,09/17/2023,09/24/2023,First Class,CU-1172,Customer 86,Corporate,United States,Detroit,Michigan,33003,South,FUR-FU-11859,Furniture,Furnishings,Deflecto Frame,216.42,3,0.15,23.65
1861,US-2024-101860,05/13/2024,05/19/2024,Standard Class,CU-1238,Customer 299,Home Office,United States,Seattle,Washington,88277,Central,TEC-AC-11860,Technology,Accessories,Logitech Mouse,59.91,1,0.0,19.78
1862,US-2024-101861,09/04/2024,09/06/2024,Standard Class,CU-1015,Customer 190,Consumer,United States,Atlanta,Georgia,87443,Central,TEC-AC-11861,Technology,Accessories,Kensington Keyboard,360.99,7,0.2,37.78
1863,US-2023-101862,10/31/2023,11/02/2023,Second Class,CU-1229,Customer 45,Corporate,United States,Detroit,Michigan,30455,South,OFF-SU-11862,Office Supplies,Supplies,Fiskars Scissors,48.09,7,0.0,12.72
1864,US-2024-101863,01/27/2024,02/03/2024,Standard Class,CU-1243,Customer 12,Home Office,United States,Seattle,Washington,15614,East,OFF-AR-11863,Office Supplies,Art,Sharpie Markers,96.84,6,0.15,14.66
1865,US-2024-101864,06/05/2024,06/11/2024,Same Day,CU-1092,Customer 134,Consumer,United States,Miami,Florida,77102,South,OFF-PA-11864,Office Supplies,Paper,Xerox Paper,114.4,4,0.0,47.68
1866,US-2024-101865,11/19/2024,11/22/2024,Standard Class,CU-1248,Customer 70,Home Office,United States,Los Angeles,California,28444,East,FUR-BO-11865,Furniture,Bookcases,Sauder Bookcase,1959.09,7,0.15,344.43
1867,US-2023-101866,12/26/2023,01/02/2024,Second Class,CU-1071,Customer 118,Consumer,United States,New York City,New York,82379,West,OFF-FA-11866,Office Supplies,Fasteners,Staples Fasteners,110.48,4,0.2,16.64
1868,US-2023-101867,12/01/2023,12/08/2023,Second Class,CU-1269,Customer 99,Corporate,United States,Philadelphia,Pennsylvania,89429,Central,FUR-CH-11867,Furniture,Chairs,Global Task Chair,2705.75,5,0.0,828.86
1869,US-2023-101868,10/02/2023,10/06/2023,Standard Class,CU-1116,Customer 191,Consumer,United States,Detroit,Michigan,25133,West,FUR-BO-11868,Furniture,Bookcases,Bush Bookcase,1314.44,2,0.0,463.92
1870,US-2023-101869,05/30/2023,06/01/2023,Second Class,CU-1003,Customer 224,Corporate,United States,Philadelphia,Pennsylvania,25421,Central,OFF-LA-11869,Office Supplies,Labels,Hon Labels,79.84,4,0.1,23.49
1871,US-2024-101870,07/07/2024,07/08/2024,Standard Class,CU-1012,Customer 154,Consumer,United States,Houston,Texas,91534,Central,OFF-LA-11870,Office Supplies,Labels,Smead Labels,84.72,8,0.2,8.49
1872,US-2024-101871,06/06/2024,06/13/2024,Standard Class,CU-1134,Customer 148,Corporate,United States,Houston,Texas,82832,South,TEC-AC-11871,Technology,Accessories,Logitech Mouse,6315.4,5,0.0,2054.08
1873,US-2024-101872,10/18/2024,10/23/2024,Second Class,CU-1011,Customer 198,Consumer,United States,New York City,New York,55135,South,OFF-PA-11872,Office Supplies,Paper,Boise Paper,167.61,3,0.2,13.21
1874,US-2024-101873,11/14/2024,11/16/2024,Standard Class,CU-1113,Customer 228,Corporate,United States,New York City,New York,41398,South,TEC-PH-11873,Technology,Phones,Samsung Galaxy,5665.36,8,0.2,773.01
1875,US-2024-101874,05/19/2024,05/26/2024,First Class,CU-1292,Customer 157,Home Office,United States,Columbus,Ohio,12733,Central,TEC-PH-11874,Technology,Phones,Nokia Phone,1247.4,6,0.2,135.88
1876,US-2023-101875,11/02/2023,11/05/2023,Second Class,CU-1266,Customer 279,Corporate,United States,Los Angeles,California,11936,South,FUR-BO-11875,Furniture,Bookcases,Hon Bookcase,3806.1,10,0.15,682.44
1877,US-2024-101876,04/08/2024,04/15/2024,First Class,CU-1190,Customer 228,Consumer,United States,Chicago,Illinois,20878,South,FUR-BO-11876,Furniture,Bookcases,Hon Bookcase,1389.54,6,0.15,228.38
1878,US-2024-101877,11/10/2024,11/15/2024,Standard Class,CU-1153,Customer 283,Consumer,United States,Miami,Florida,28351,Central,OFF-AR-11877,Office Supplies,Art,BIC Markers,165.13,7,0.0,66.38
1879,US-2024-101878,09/20/2024,09/22/2024,Same Day,CU-1151,Customer 138,Corporate,United States,Atlanta,Georgia,70271,South,FUR-BO-11878,Furniture,Bookcases,Bush Bookcase,785.44,4,0.15,158.03
1880,US-2023-101879,05/25/2023,05/28/2023,Second Class,CU-1108,Customer 155,Home Office,United States,Chicago,Illinois,10624,East,FUR-TA-11879,Furniture,Tables,Bretford Conference Table,2709.36,9,0.1,658.86
1881,US-2023-101880,12/17/2023,12/19/2023,Same Day,CU-1055,Customer 168,Home Office,United States,Columbus,Ohio,54307,Central,OFF-ST-11880,Office Supplies,Storage,Iris Storage Box,199.02,3,0.1,28.73
1882,US-2024-101881,07/30/2024,08/06/2024,Same Day,CU-1007,Customer 84,Corporate,United States,Philadelphia,Pennsylvania,31566,Central,OFF-PA-11881,Office Supplies,Paper,Boise Paper,99.83,1,0.15,12.42
1883,US-2023-101882,12/13/2023,12/19/2023,First Class,CU-1183,Customer 93,Consumer,United States,Atlanta,Georgia,20822,Central,OFF-LA-11882,Office Supplies,Labels,Avery Labels,71.84,4,0.0,24.14
1884,US-2023-101883,05/24/2023,05/29/2023,Same Day,CU-1200,Customer 95,Home Office,United States,Los Angeles,California,90902,East,TEC-MA-11883,Technology,Machines,HP Printer,2704.8,7,0.0,503.88
1885,US-2023-101884,05/23/2023,05/30/2023,Second Class,CU-1013,Customer 155,Consumer,United States,Atlanta,Georgia,63381,South,OFF-AR-11884,Office Supplies,Art,Newell Highlighters,185.04,8,0.1,53.93
1886,US-2024-101885,02/20/2024,02/24/2024,Second Class,CU-1243,Customer 3,Corporate,United States,Houston,Texas,39005,West,TEC-MA-11885,Technology,Machines,Cubify Printer,2754.3,6,0.3,92.06
1887,US-2023-101886,02/16/2023,02/19/2023,First Class,CU-1003,Customer 95,Consumer,United States,Detroit,Michigan,15909,South,OFF-LA-11886,Office Supplies,Labels,Avery Labels,41.86,2,0.0,13.34
1888,US-2024-101887,01/18/2024,01/23/2024,Second Class,CU-1250,Customer 250,Consumer,United States,Chicago,Illinois,89128,East,FUR-BO-11887,Furniture,Bookcases,Sauder Bookcase,1172.9,10,0.0,390.03
1889,US-2024-101888,03/16/2024,03/17/2024,Same Day,CU-1074,Customer 95,Corporate,United States,Columbus,Ohio,59358,Central,FUR-BO-11888,Furniture,Bookcases,Sauder Bookcase,449.46,3,0.3,20.39
1890,US-2023-101889,11/13/2023,11/14/2023,Same Day,CU-1296,Customer 74,Consumer,United States,Atlanta,Georgia,10061,Central,TEC-CO-11889,Technology,Copiers,Canon Copier,1894.59,9,0.3,71.8
1891,US-2024-101890,04/21/2024,04/28/2024,Standard Class,CU-1145,Customer 170,Corporate,United States,Philadelphia,Pennsylvania,47961,South,OFF-BI-11890,Office Supplies,Binders,Avery Binder,89.04,4,0.0,36.58
1892,US-2024-101891,09/21/2024,09/24/2024,First Class,CU-1100,Customer 54,Consumer,United States,New York City,New York,97828,South,TEC-AC-11891,Technology,Accessories,Logitech Mouse,788.64,8,0.0,289.18
1893,US-2024-101892,11/05/2024,11/09/2024,Same Day,CU-1034,Customer 65,Consumer,United States,Houston,Texas,85431,West,OFF-FA-11892,Office Supplies,Fasteners,Bostitch Stapler,112.35,7,0.1,15.19
1894,US-2024-101893,10/01/2024,10/02/2024,Second Class,CU-1067,Customer 126,Consumer,United States,New York City,New York,98496,East,TEC-PH-11893,Technology,Phones,Nokia Phone,3646.56,8,0.2,294.53
1895,US-2024-101894,10/09/2024,10/13/2024,Second Class,CU-1171,Customer 126,Consumer,United States,Philadelphia,Pennsylvania,29813,West,OFF-SU-11894,Office Supplies,Supplies,Fiskars Scissors,34.0,1,0.15,6.39
1896,US-2023-101895,05/22/2023,05/26/2023,First Class,CU-1262,Customer 189,Corporate,United States,New York City,New York,38923,South,TEC-CO-11895,Technology,Copiers,Canon Copier,3626.01,9,0.1,824.95
1897,US-2023-101896,02/11/2023,02/12/2023,Second Class,CU-1232,Customer 173,Consumer,United States,Los Angeles,California,84684,West,FUR-BO-11896,Furniture,Bookcases,Bush Bookcase,1563.45,3,0.2,168.41
1898,US-2024-101897,11/05/2024,11/11/2024,Same Day,CU-1194,Customer 107,Consumer,United States,Atlanta,Georgia,72750,Central,FUR-BO-11897,Furniture,Bookcases,O'Sullivan Bookcase,879.18,3,0.1,177.19
1899,US-2023-101898,12/16/2023,12/18/2023,Second Class,CU-1021,Customer 49,Consumer,United States,New York City,New York,46017,East,FUR-FU-11898,Furniture,Furnishings,Tenex Lamp,4078.72,8,0.15,603.45
1900,US-2024-101899,03/31/2024,04/07/2024,Second Class,CU-1188,Customer 33,Consumer,United States,Miami,Florida,73943,West,OFF-EN-11899,Office Supplies,Envelopes,Kraft Envelopes,699.16,7,0.15,98.58
1901,US-2024-101900,11/19/2024,11/23/2024,First Class,CU-1197,Customer 241,Corporate,United States,Columbus,Ohio,44102,South,OFF-EN-11900,Office Supplies,Envelopes,Poly Envelopes,185.88,4,0.0,54.8
1902,US-2023-101901,10/22/2023,10/28/2023,First Class,CU-1061,Customer 12,Corporate,United States,Atlanta,Georgia,63319,West,TEC-AC-11901,Technology,Accessories,Belkin Cable,693.49,7,0.0,149.34
1903,US-2023-101902,12/01/2023,12/05/2023,First Class,CU-1056,Customer 74,Home Office,United States,Miami,Florida,17108,South,OFF-LA-11902,Office Supplies,Labels,Hon Labels,311.1,10,0.0,128.43
1904,US-2023-101903,11/24/2023,11/30/2023,Standard Class,CU-1225,Customer 300,Consumer,United States,Chicago,Illinois,43738,Central,FUR-FU-11903,Furniture,Furnishings,Deflecto Frame,1855.36,8,0.0,596.19
1905,US-2023-101904,01/05/2023,01/07/2023,Second Class,CU-1100,Customer 150,Corporate,United States,Columbus,Ohio,70485,East,FUR-BO-11904,Furniture,Bookcases,O'Sullivan Bookcase,5842.3,10,0.0,1453.47
1906,US-2024-101905,01/18/2024,01/19/2024,First Class,CU-1026,Customer 235,Consumer,United States,Houston,Texas,36687,West,OFF-EN-11905,Office Supplies,Envelopes,Poly Envelopes,229.0,10,0.15,50.41
1907,US-2023-101906,09/06/2023,09/08/2023,Same Day,CU-1079,Customer 29,Home Office,United States,Houston,Texas,45353,Central,TEC-MA-11906,Technology,Machines,Cubify Printer,828.5,5,0.15,147.28
1908,US-2023-101907,07/21/2023,07/25/2023,Second Class,CU-1071,Customer 267,Corporate,United States,Miami,Florida,36274,East,FUR-FU-11907,Furniture,Furnishings,Deflecto Frame,982.59,7,0.3,39.88
1909,US-2024-101908,11/23/2024,11/28/2024,First Class,CU-1257,Customer 138,Consumer,United States,Los Angeles,California,60816,Central,FUR-BO-11908,Furniture,Bookcases,O'Sullivan Bookcase,193.02,3,0.0,72.64
1910,US-2024-101909,01/26/2024,01/27/2024,Second Class,CU-1276,Customer 208,Corporate,United States,Atlanta,Georgia,93641,East,TEC-MA-11909,Technology,Machines,Cubify Printer,4776.12,4,0.15,1045.38
1911,US-2024-101910,09/13/2024,09/16/2024,Same Day,CU-1068,Customer 13,Home Office,United States,Seattle,Washington,58558,South,TEC-MA-11910,Technology,Machines,Lexmark Printer,338.22,1,0.1,80.16
1912,US-2023-101911,04/06/2023,04/11/2023,Second Class,CU-1191,Customer 26,Home Office,United States,Columbus,Ohio,10119,East,OFF-LA-11911,Office Supplies,Labels,Avery Labels,33.92,4,0.0,8.11
1913,US-2024-101912,10/19/2024,10/20/2024,Standard Class,CU-1110,Customer 269,Home Office,United States,Detroit,Michigan,76790,East,FUR-TA-11912,Furniture,Tables,Chromcraft Table,4334.96,7,0.0,1263.3
1914,US-2023-101913,09/05/2023,09/06/2023,First Class,CU-1207,Customer 198,Home Office,United States,Seattle,Washington,54555,East,OFF-PA-11913,Office Supplies,Paper,Boise Paper,165.36,2,0.0,40.36
1915,US-2023-101914,10/09/2023,10/14/2023,Second Class,CU-1244,Customer 159,Corporate,United States,New York City,New York,51906,Central,TEC-MA-11914,Technology,Machines,Lexmark Printer,1522.68,4,0.2,215.61
1916,US-2024-101915,02/17/2024,02/22/2024,First Class,CU-1195,Customer 145,Corporate,United States,New York City,New York,24416,South,TEC-PH-11915,Technology,Phones,Samsung Galaxy,93.61,1,0.2,13.3
1917,US-2024-101916,11/03/2024,11/04/2024,Same Day,CU-1269,Customer 287,Home Office,United States,Philadelphia,Pennsylvania,36765,South,OFF-PA-11916,Office Supplies,Paper,Xerox Paper,34.38,2,0.2,2.71
1918,US-2024-101917,03/10/2024,03/17/2024,Same Day,CU-1057,Customer 44,Home Office,United States,Miami,Florida,84879,South,TEC-PH-11917,Technology,Phones,Cisco Phone,560.0,2,0.0,148.19
1919,US-2024-101918,11/10/2024,11/12/2024,Second Class,CU-1211,Customer 34,Corporate,United States,Chicago,Illinois,15463,Central,OFF-SU-11918,Office Supplies,Supplies,Fiskars Scissors,260.3,10,0.3,13.0
1920,US-2023-101919,03/10/2023,03/15/2023,First Class,CU-1216,Customer 168,Corporate,United States,Detroit,Michigan,29654,Central,FUR-TA-11919,Furniture,Tables,Lesro Table,478.62,6,0.0,113.73
1921,US-2023-101920,06/17/2023,06/20/2023,Second Class,CU-1198,Customer 205,Home Office,United States,Detroit,Michigan,28615,East,FUR-TA-11920,Furniture,Tables,Lesro Table,1637.28,4,0.2,235.59
1922,US-2024-101921,07/06/2024,07/13/2024,First Class,CU-1217,Customer 220,Home Office,United States,Columbus,Ohio,73553,West,OFF-SU-11921,Office Supplies,Supplies,Fiskars Scissors,21.42,9,0.0,4.1
1923,US-2024-101922,04/18/2024,04/20/2024,Same Day,CU-1196,Customer 221,Home Office,United States,Houston,Texas,83423,West,FUR-CH-11922,Furniture,Chairs,Hon Executive Chair,1366.35,3,0.2,151.39
1924,US-2023-101923,11/24/2023,11/26/2023,First Class,CU-1153,Customer 219,Consumer,United States,Houston,Texas,41267,East,OFF-EN-11923,Office Supplies,Envelopes,Kraft Envelopes,375.6,6,0.3,18.73
1925,US-2023-101924,05/09/2023,05/15/2023,Standard Class,CU-1233,Customer 115,Home Office,United States,Philadelphia,Pennsylvania,31878,South,TEC-CO-11924,Technology,Copiers,Canon Copier,248.48,1,0.2,42.54
1926,US-2023-101925,10/27/2023,10/29/2023,First Class,CU-1065,Customer 247,Home Office,United States,Detroit,Michigan,76054,South,OFF-SU-11925,Office Supplies,Supplies,Fiskars Scissors,47.56,2,0.0,18.56
1927,US-2023-101926,03/16/2023,03/17/2023,Second Class,CU-1142,Customer 73,Consumer,United States,Houston,Texas,48692,Central,FUR-BO-11926,Furniture,Bookcases,Sauder Bookcase,565.68,1,0.15,128.43
1928,US-2024-101927,04/25/2024,04/26/2024,Same Day,CU-1061,Customer 297,Home Office,United States,Philadelphia,Pennsylvania,92692,South,OFF-BI-11927,Office Supplies,Binders,GBC Binder,241.26,6,0.3,11.59
1929,US-2024-101928,02/17/2024,02/24/2024,Same Day,CU-1208,Customer 152,Consumer,United States,Miami,Florida,89594,South,FUR-FU-11928,Furniture,Furnishings,Advantus Frame,1598.9,10,0.15,238.21
1930,US-2024-101929,01/11/2024,01/13/2024,Second Class,CU-1144,Customer 71,Home Office,United States,Atlanta,Georgia,59789,Central,TEC-MA-11929,Technology,Machines,Cubify Printer,1406.0,5,0.1,179.71
1931,US-2023-101930,03/19/2023,03/26/2023,First Class,CU-1124,Customer 7,Corporate,United States,Atlanta,Georgia,12785,Central,FUR-FU-11930,Furniture,Furnishings,Tenex Lamp,906.78,3,0.0,344.81
1932,US-2023-101931,12/09/2023,12/13/2023,Standard Class,CU-1042,Customer 169,Consumer,United States,New York City,New York,22606,East,TEC-AC-11931,Technology,Accessories,Kensington Keyboard,4496.88,4,0.15,481.21
1933,US-2023-101932,05/18/2023,05/22/2023,First Class,CU-1286,Customer 293,Home Office,United States,Los Angeles,California,37385,Central,FUR-FU-11932,Furniture,Furnishings,Tenex Lamp,1261.05,7,0.0,230.18
1934,US-2024-101933,06/03/2024,06/08/2024,Second Class,CU-1183,Customer 252,Consumer,United States,Seattle,Washington,88659,West,OFF-EN-11933,Office Supplies,Envelopes,Poly Envelopes,168.39,9,0.0,38.57
1935,US-2024-101934,01/29/2024,01/31/2024,Same Day,CU-1198,Customer 146,Home Office,United States,Seattle,Washington,41465,West,FUR-TA-11934,Furniture,Tables,Bevis Table,1725.76,8,0.2,145.97
1936,US-2024-101935,03/09/2024,03/12/2024,Second Class,CU-1265,Customer 73,Corporate,United States,Miami,Florida,61491,Central,FUR-CH-11935,Furniture,Chairs,Hon Executive Chair,1733.68,8,0.3,51.76
1937,US-2023-101936,02/10/2023,02/17/2023,Standard Class,CU-1072,Customer 11,Home Office,United States,Los Angeles,California,61265,East,OFF-AR-11936,Office Supplies,Art,Sharpie Markers,254.32,8,0.3,7.5
1938,US-2024-101937,07/26/2024,08/02/2024,First Class,CU-1143,Customer 107,Consumer,United States,Los Angeles,California,74947,East,FUR-TA-11937,Furniture,Tables,Bevis Table,198.64,1,0.1,27.82
1939,US-2024-101938,11/02/2024,11/04/2024,Same Day,CU-1102,Customer 7,Consumer,United States,Miami,Florida,17630,East,OFF-BI-11938,Office Supplies,Binders,GBC Binder,227.52,4,0.0,57.67
1940,US-2024-101939,07/20/2024,07/24/2024,Standard Class,CU-1001,Customer 159,Home Office,United States,New York City,New York,15879,West,TEC-PH-11939,Technology,Phones,Apple iPhone,1388.97,9,0.2,190.02
1941,US-2023-101940,07/04/2023,07/09/2023,Standard Class,CU-1117,Customer 26,Corporate,United States,Atlanta,Georgia,38917,South,TEC-MA-11940,Technology,Machines,Lexmark Printer,2293.3,5,0.0,589.61
1942,US-2024-101941,10/20/2024,10/21/2024,Standard Class,CU-1071,Customer 71,Home Office,United States,Detroit,Michigan,93255,South,OFF-FA-11941,Office Supplies,Fasteners,Staples Fasteners,141.52,4,0.15,21.96
1943,US-2024-101942,04/13/2024,04/20/2024,Standard Class,CU-1177,Customer 113,Consumer,United States,Seattle,Washington,21570,East,TEC-PH-11942,Technology,Phones,Nokia Phone,1672.3,10,0.1,437.25
1944,US-2024-101943,09/11/2024,09/15/2024,First Class,CU-1071,Customer 49,Home Office,United States,Chicago,Illinois,86615,East,OFF-BI-11943,Office Supplies,Binders,Avery Binder,34.15,1,0.2,4.11
1945,US-2023-101944,12/31/2023,01/06/2024,Standard Class,CU-1053,Customer 208,Corporate,United States,Miami,Florida,65986,South,TEC-AC-11944,Technology,Accessories,Logitech Mouse,3365.04,7,0.2,334.63
1946,US-2024-101945,11/04/2024,11/09/2024,Second Class,CU-1209,Customer 121,Corporate,United States,Houston,Texas,81401,Central,TEC-PH-11945,Technology,Phones,Cisco Phone,120.56,8,0.15,26.74
1947,US-2024-101946,08/29/2024,08/31/2024,Second Class,CU-1217,Customer 222,Corporate,United States,Houston,Texas,68176,East,FUR-BO-11946,Furniture,Bookcases,Hon Bookcase,264.39,3,0.15,60.65
1948,US-2023-101947,06/23/2023,06/25/2023,Standard Class,CU-1237,Customer 150,Home Office,United States,Columbus,Ohio,86510,West,TEC-MA-11947,Technology,Machines,Lexmark Printer,6690.18,7,0.0,2727.27
1949,US-2024-101948,04/21/2024,04/23/2024,Same Day,CU-1165,Customer 254,Corporate,United States,Philadelphia,Pennsylvania,48847,East,OFF-ST-11948,Office Supplies,Storage,Fellowes Storage Box,92.04,6,0.1,21.53
1950,US-2023-101949,01/31/2023,02/01/2023,First Class,CU-1063,Customer 226,Consumer,United States,Columbus,Ohio,60794,Central,TEC-MA-11949,Technology,Machines,HP Printer,676.92,6,0.3,29.53
1951,US-2024-101950,02/10/2024,02/13/2024,Standard Class,CU-1273,Customer 273,Corporate,United States,Columbus,Ohio,20522,East,OFF-BI-11950,Office Supplies,Binders,GBC Binder,10.98,3,0.2,1.93
1952,US-2023-101951,01/05/2023,01/11/2023,Second Class,CU-1134,Customer 139,Home Office,United States,Los Angeles,California,93702,West,OFF-FA-11951,Office Supplies,Fasteners,Staples Fasteners,9.67,1,0.3,0.36
1953,US-2024-101952,10/03/2024,10/05/2024,Standard Class,CU-1072,Customer 101,Consumer,United States,Los Angeles,California,26186,East,TEC-CO-11952,Technology,Copiers,Konica Copier,1843.98,6,0.3,75.98
1954,US-2024-101953,10/02/2024,10/03/2024,Same Day,CU-1140,Customer 88,Home Office,United States,Miami,Florida,13009,South,TEC-MA-11953,Technology,Machines,Lexmark Printer,104.85,1,0.0,34.89
1955,US-2024-101954,02/22/2024,02/27/2024,Second Class,CU-1060,Customer 288,Consumer,United States,Chicago,Illinois,60389,West,TEC-AC-11954,Technology,Accessories,Logitech Mouse,1623.48,3,0.0,374.42
1956,US-2023-101955,06/26/2023,06/30/2023,Same Day,CU-1071,Customer 133,Home Office,United States,Seattle,Washington,85263,South,FUR-BO-11955,Furniture,Bookcases,Hon Bookcase,411.24,4,0.0,166.72
1957,US-2024-101956,05/21/2024,05/28/2024,Standard Class,CU-1141,Customer 157,Corporate,United States,Columbus,Ohio,96945,Central,OFF-BI-11956,Office Supplies,Binders,Wilson Jones Binder,159.85,5,0.0,55.28
1958,US-2023-101957,08/02/2023,08/05/2023,First Class,CU-1129,Customer 191,Consumer,United States,Philadelphia,Pennsylvania,43342,Central,OFF-SU-11957,Office Supplies,Supplies,Fiskars Scissors,64.94,1,0.3,2.49
1959,US-2024-101958,07/03/2024,07/09/2024,Same Day,CU-1181,Customer 264,Consumer,United States,Detroit,Michigan,97327,Central,TEC-PH-11958,Technology,Phones,Nokia Phone,5810.14,7,0.3,232.52
1960,US-2024-101959,11/01/2024,11/06/2024,Same Day,CU-1081,Customer 214,Corporate,United States,Columbus,Ohio,38289,South,TEC-MA-11959,Technology,Machines,Lexmark Printer,3788.1,9,0.3,208.21
1961,US-2024-101960,04/29/2024,05/02/2024,Same Day,CU-1002,Customer 261,Home Office,United States,Philadelphia,Pennsylvania,48106,West,OFF-PA-11960,Office Supplies,Paper,Boise Paper,54.36,6,0.0,11.57
1962,US-2024-101961,09/03/2024,09/09/2024,First Class,CU-1274,Customer 17,Corporate,United States,Miami,Florida,13116,Central,FUR-FU-11961,Furniture,Furnishings,Tenex Lamp,1013.05,5,0.1,169.86
1963,US-2024-101962,02/15/2024,02/19/2024,Second Class,CU-1004,Customer 27,Corporate,United States,Seattle,Washington,35830,Central,OFF-LA-11962,Office Supplies,Labels,Hon Labels,32.33,1,0.2,3.02
1964,US-2023-101963,05/26/2023,06/02/2023,First Class,CU-1138,Customer 177,Home Office,United States,Philadelphia,Pennsylvania,92429,East,FUR-CH-11963,Furniture,Chairs,Hon Executive Chair,7466.24,8,0.15,984.19
1965,US-2023-101964,04/23/2023,04/26/2023,Standard Class,CU-1067,Customer 3,Corporate,United States,Columbus,Ohio,55022,East,FUR-BO-11964,Furniture,Bookcases,Sauder Bookcase,210.91,7,0.0,54.22
1966,US-2023-101965,03/08/2023,03/10/2023,Same Day,CU-1135,Customer 120,Consumer,United States,Chicago,Illinois,74418,Central,TEC-MA-11965,Technology,Machines,HP Printer,650.14,2,0.1,105.13
1967,US-2024-101966,08/12/2024,08/13/2024,First Class,CU-1085,Customer 206,Corporate,United States,Columbus,Ohio,34202,South,FUR-BO-11966,Furniture,Bookcases,Sauder Bookcase,659.48,2,0.0,154.02
1968,US-2024-101967,11/14/2024,11/17/2024,Standard Class,CU-1026,Customer 269,Corporate,United States,Houston,Texas,74999,West,OFF-AR-11967,Office Supplies,Art,Sharpie Markers,192.22,7,0.3,7.36
1969,US-2023-101968,09/23/2023,09/29/2023,Same Day,CU-1020,Customer 42,Home Office,United States,New York City,New York,40428,Central,TEC-MA-11968,Technology,Machines,HP Printer,2382.72,6,0.1,419.83
1970,US-2024-101969,12/01/2024,12/03/2024,Same Day,CU-1016,Customer 214,Consumer,United States,Columbus,Ohio,72115,West,FUR-BO-11969,Furniture,Bookcases,Hon Bookcase,542.6,5,0.1,146.52
1971,US-2024-101970,01/30/2024,01/31/2024,Second Class,CU-1044,Customer 163,Corporate,United States,Seattle,Washington,59093,South,TEC-PH-11970,Technology,Phones,Cisco Phone,5176.56,8,0.0,1219.73
1972,US-2023-101971,01/30/2023,02/04/2023,First Class,CU-1269,Customer 61,Home Office,United States,Miami,Florida,95852,South,TEC-MA-11971,Technology,Machines,Lexmark Printer,1734.25,5,0.0,377.34
1973,US-2024-101972,08/07/2024,08/09/2024,Standard Class,CU-1220,Customer 124,Consumer,United States,Miami,Florida,40785,Central,OFF-AR-11972,Office Supplies,Art,Newell Highlighters,297.0,10,0.2,51.37
1974,US-2024-101973,09/22/2024,09/29/2024,Second Class,CU-1064,Customer 215,Corporate,United States,Columbus,Ohio,39827,East,FUR-FU-11973,Furniture,Furnishings,Deflecto Frame,434.24,1,0.1,79.78
1975,US-2023-101974,02/09/2023,02/12/2023,First Class,CU-1046,Customer 150,Home Office,United States,Detroit,Michigan,29956,East,FUR-CH-11974,Furniture,Chairs,Harbour Creations Chair,655.68,4,0.2,112.5
1976,US-2024-101975,07/20/2024,07/22/2024,Second Class,CU-1054,Customer 127,Corporate,United States,Houston,Texas,27368,South,FUR-TA-11975,Furniture,Tables,Lesro Table,3499.09,7,0.1,661.67
1977,US-2023-101976,03/07/2023,03/08/2023,First Class,CU-1149,Customer 13,Home Office,United States,Atlanta,Georgia,47386,Central,OFF-EN-11976,Office Supplies,Envelopes,Poly Envelopes,53.13,7,0.15,6.69
1978,US-2024-101977,01/17/2024,01/19/2024,Standard Class,CU-1019,Customer 81,Home Office,United States,Atlanta,Georgia,86710,South,FUR-BO-11977,Furniture,Bookcases,O'Sullivan Bookcase,1290.8,5,0.0,363.73
1979,US-2024-101978,11/30/2024,12/05/2024,Standard Class,CU-1239,Customer 65,Corporate,United States,Houston,Texas,54529,East,OFF-ST-11978,Office Supplies,Storage,SAFCO Storage Bin,24.6,2,0.1,3.14
1980,US-2024-101979,09/21/2024,09/22/2024,Standard Class,CU-1257,Customer 251,Consumer,United States,Houston,Texas,91074,West,OFF-BI-11979,Office Supplies,Binders,Avery Binder,85.68,9,0.0,32.67
1981,US-2024-101980,03/29/2024,03/31/2024,Same Day,CU-1222,Customer 248,Consumer,United States,Columbus,Ohio,13526,Central,FUR-BO-11980,Furniture,Bookcases,O'Sullivan Bookcase,4881.03,7,0.2,827.28
1982,US-2024-101981,09/01/2024,09/07/2024,Standard Class,CU-1191,Customer 101,Consumer,United States,Columbus,Ohio,43331,Central,FUR-FU-11981,Furniture,Furnishings,Deflecto Frame,66.74,1,0.15,12.69
1983,US-2024-101982,06/17/2024,06/19/2024,Same Day,CU-1284,Customer 18,Consumer,United States,Miami,Florida,50590,Central,OFF-LA-11982,Office Supplies,Labels,Avery Labels,79.23,3,0.0,16.41
1984,US-2023-101983,02/18/2023,02/20/2023,Standard Class,CU-1139,Customer 5,Home Office,United States,Miami,Florida,36963,Central,FUR-CH-11983,Furniture,Chairs,Harbour Creations Chair,553.95,9,0.15,90.49
1985,US-2023-101984,09/03/2023,09/10/2023,Same Day,CU-1277,Customer 259,Consumer,United States,Houston,Texas,15852,East,OFF-SU-11984,Office Supplies,Supplies,Fiskars Scissors,287.55,5,0.3,7.88
1986,US-2023-101985,04/13/2023,04/15/2023,Second Class,CU-1143,Customer 193,Consumer,United States,Columbus,Ohio,23179,Central,FUR-CH-11985,Furniture,Chairs,Novimex Chair,452.13,3,0.0,84.49
1987,US-2023-101986,06/23/2023,06/26/2023,Second Class,CU-1088,Customer 17,Home Office,United States,Detroit,Michigan,35819,East,FUR-CH-11986,Furniture,Chairs,Hon Executive Chair,865.36,2,0.0,264.95
1988,US-2023-101987,09/01/2023,09/06/2023,Standard Class,CU-1245,Customer 126,Home Office,United States,Los Angeles,California,59856,East,TEC-CO-11987,Technology,Copiers,Canon Copier,3604.37,7,0.0,997.54
1989,US-2023-101988,02/13/2023,02/14/2023,First Class,CU-1066,Customer 42,Corporate,United States,Los Angeles,California,23070,East,OFF-PA-11988,Office Supplies,Paper,Boise Paper,811.2,8,0.15,135.88
1990,US-2024-101989,01/09/2024,01/16/2024,Standard Class,CU-1272,Customer 165,Consumer,United States,Detroit,Michigan,33632,West,OFF-LA-11989,Office Supplies,Labels,Hon Labels,11.8,2,0.15,1.58
1991,US-2023-101990,03/24/2023,03/29/2023,First Class,CU-1155,Customer 186,Corporate,United States,Atlanta,Georgia,57627,South,OFF-LA-11990,Office Supplies,Labels,Smead Labels,62.94,6,0.0,22.81
1992,US-2023-101991,04/28/2023,05/03/2023,Second Class,CU-1232,Customer 220,Corporate,United States,Miami,Florida,20256,West,TEC-CO-11991,Technology,Copiers,Canon Copier,6668.6,10,0.15,988.13
1993,US-2024-101992,03/11/2024,03/13/2024,First Class,CU-1205,Customer 55,Consumer,United States,Houston,Texas,62654,South,OFF-SU-11992,Office Supplies,Supplies,Acme Scissors,288.81,9,0.2,34.25
1994,US-2023-101993,04/11/2023,04/13/2023,Same Day,CU-1146,Customer 24,Consumer,United States,Philadelphia,Pennsylvania,28322,West,OFF-BI-11993,Office Supplies,Binders,GBC Binder,125.1,6,0.1,26.46
1995,US-2024-101994,01/26/2024,01/28/2024,Same Day,CU-1217,Customer 105,Home Office,United States,Miami,Florida,38627,East,TEC-AC-11994,Technology,Accessories,Belkin Cable,8344.91,7,0.0,2077.65
1996,US-2023-101995,06/28/2023,07/04/2023,Standard Class,CU-1191,Customer 96,Corporate,United States,Seattle,Washington,77024,West,OFF-ST-11995,Office Supplies,Storage,Fellowes Storage Box,200.08,8,0.15,41.83
1997,US-2023-101996,09/14/2023,09/18/2023,First Class,CU-1193,Customer 276,Home Office,United States,Los Angeles,California,60790,South,FUR-FU-11996,Furniture,Furnishings,Deflecto Frame,424.48,4,0.15,58.01
1998,US-2023-101997,01/04/2023,01/05/2023,First Class,CU-1277,Customer 113,Corporate,United States,Chicago,Illinois,99510,West,FUR-CH-11997,Furniture,Chairs,Novimex Chair,3926.34,9,0.2,615.8
1999,US-2024-101998,08/31/2024,09/01/2024,Second Class,CU-1247,Customer 30,Corporate,United States,Houston,Texas,53231,West,OFF-BI-11998,Office Supplies,Binders,GBC Binder,153.96,6,0.2,27.32
2000,US-2024-101999,08/15/2024,08/16/2024,Standard Class,CU-1278,Customer 232,Consumer,United States,Houston,Texas,26814,West,OFF-ST-11999,Office Supplies,Storage,Fellowes Storage Box,136.1,5,0.0,36.39
